mtllib prison-guard-robot.mtl
o head_dome
usemtl navy
v -0.38056158065795903 1.63319999396801 0.1297871321439743
v -0.14536158800125124 1.7526041555404663 0.20999999344348907
v -0.24730390787124637 1.768691473007202 0
v -0.38056158065795903 1.63319999396801 0.1297871321439743
v -0.2351999926567078 1.5594041615724563 0.3397871255874634
v -0.14536158800125124 1.7526041555404663 0.20999999344348907
v -0.4001461410522461 1.44 0.2208070605993271
v -0.2351999926567078 1.5594041615724563 0.3397871255874634
v -0.38056158065795903 1.63319999396801 0.1297871321439743
v -0.2351999926567078 1.5594041615724563 0.3397871255874634
v 0 1.643142495751381 0.3572733402252197
v -0.14536158800125124 1.7526041555404663 0.20999999344348907
v -0.14536158800125124 1.7526041555404663 0.20999999344348907
v 0 1.82639998793602 0
v -0.24730390787124637 1.768691473007202 0
v -0.14536158800125124 1.7526041555404663 0.20999999344348907
v 0.14536158800125124 1.7526041555404663 0.20999999344348907
v 0 1.82639998793602 0
v 0 1.643142495751381 0.3572733402252197
v 0.14536158800125124 1.7526041555404663 0.20999999344348907
v -0.14536158800125124 1.7526041555404663 0.20999999344348907
v 0.14536158800125124 1.7526041555404663 0.20999999344348907
v 0.24730390787124637 1.768691473007202 0
v 0 1.82639998793602 0
v 0 1.82639998793602 0
v -0.14536158800125124 1.7526041555404663 -0.20999999344348907
v -0.24730390787124637 1.768691473007202 0
v 0 1.82639998793602 0
v 0.14536158800125124 1.7526041555404663 -0.20999999344348907
v -0.14536158800125124 1.7526041555404663 -0.20999999344348907
v 0.24730390787124637 1.768691473007202 0
v 0.14536158800125124 1.7526041555404663 -0.20999999344348907
v 0 1.82639998793602 0
v 0.14536158800125124 1.7526041555404663 -0.20999999344348907
v 0 1.643142495751381 -0.3572733402252197
v -0.14536158800125124 1.7526041555404663 -0.20999999344348907
v -0.14536158800125124 1.7526041555404663 -0.20999999344348907
v -0.38056158065795903 1.63319999396801 -0.1297871321439743
v -0.24730390787124637 1.768691473007202 0
v -0.14536158800125124 1.7526041555404663 -0.20999999344348907
v -0.2351999926567078 1.5594041615724563 -0.3397871255874634
v -0.38056158065795903 1.63319999396801 -0.1297871321439743
v 0 1.643142495751381 -0.3572733402252197
v -0.2351999926567078 1.5594041615724563 -0.3397871255874634
v -0.14536158800125124 1.7526041555404663 -0.20999999344348907
v -0.2351999926567078 1.5594041615724563 -0.3397871255874634
v -0.4001461410522461 1.44 -0.2208070605993271
v -0.38056158065795903 1.63319999396801 -0.1297871321439743
v -0.38056158065795903 1.63319999396801 -0.1297871321439743
v -0.38056158065795903 1.63319999396801 0.1297871321439743
v -0.24730390787124637 1.768691473007202 0
v -0.38056158065795903 1.63319999396801 -0.1297871321439743
v -0.4703999853134156 1.44 0
v -0.38056158065795903 1.63319999396801 0.1297871321439743
v -0.4001461410522461 1.44 -0.2208070605993271
v -0.4703999853134156 1.44 0
v -0.38056158065795903 1.63319999396801 -0.1297871321439743
v -0.4703999853134156 1.44 0
v -0.4001461410522461 1.44 0.2208070605993271
v -0.38056158065795903 1.63319999396801 0.1297871321439743
v 0.14536158800125124 1.7526041555404663 0.20999999344348907
v 0.38056158065795903 1.63319999396801 0.1297871321439743
v 0.24730390787124637 1.768691473007202 0
v 0.14536158800125124 1.7526041555404663 0.20999999344348907
v 0.2351999926567078 1.5594041615724563 0.3397871255874634
v 0.38056158065795903 1.63319999396801 0.1297871321439743
v 0 1.643142495751381 0.3572733402252197
v 0.2351999926567078 1.5594041615724563 0.3397871255874634
v 0.14536158800125124 1.7526041555404663 0.20999999344348907
v 0.2351999926567078 1.5594041615724563 0.3397871255874634
v 0.4001461410522461 1.44 0.2208070605993271
v 0.38056158065795903 1.63319999396801 0.1297871321439743
v -0.2351999926567078 1.5594041615724563 0.3397871255874634
v 0 1.44 0.41999998688697815
v 0 1.643142495751381 0.3572733402252197
v -0.2351999926567078 1.5594041615724563 0.3397871255874634
v -0.2351999926567078 1.3205958384275436 0.3397871255874634
v 0 1.44 0.41999998688697815
v -0.4001461410522461 1.44 0.2208070605993271
v -0.2351999926567078 1.3205958384275436 0.3397871255874634
v -0.2351999926567078 1.5594041615724563 0.3397871255874634
v -0.2351999926567078 1.3205958384275436 0.3397871255874634
v 0 1.236857504248619 0.3572733402252197
v 0 1.44 0.41999998688697815
v -0.4703999853134156 1.44 0
v -0.38056158065795903 1.24680000603199 0.1297871321439743
v -0.4001461410522461 1.44 0.2208070605993271
v -0.4703999853134156 1.44 0
v -0.38056158065795903 1.24680000603199 -0.1297871321439743
v -0.38056158065795903 1.24680000603199 0.1297871321439743
v -0.4001461410522461 1.44 -0.2208070605993271
v -0.38056158065795903 1.24680000603199 -0.1297871321439743
v -0.4703999853134156 1.44 0
v -0.38056158065795903 1.24680000603199 -0.1297871321439743
v -0.24730390787124637 1.1113085269927978 0
v -0.38056158065795903 1.24680000603199 0.1297871321439743
v -0.2351999926567078 1.5594041615724563 -0.3397871255874634
v -0.2351999926567078 1.3205958384275436 -0.3397871255874634
v -0.4001461410522461 1.44 -0.2208070605993271
v -0.2351999926567078 1.5594041615724563 -0.3397871255874634
v 0 1.44 -0.41999998688697815
v -0.2351999926567078 1.3205958384275436 -0.3397871255874634
v 0 1.643142495751381 -0.3572733402252197
v 0 1.44 -0.41999998688697815
v -0.2351999926567078 1.5594041615724563 -0.3397871255874634
v 0 1.44 -0.41999998688697815
v 0 1.236857504248619 -0.3572733402252197
v -0.2351999926567078 1.3205958384275436 -0.3397871255874634
v 0.14536158800125124 1.7526041555404663 -0.20999999344348907
v 0.2351999926567078 1.5594041615724563 -0.3397871255874634
v 0 1.643142495751381 -0.3572733402252197
v 0.14536158800125124 1.7526041555404663 -0.20999999344348907
v 0.38056158065795903 1.63319999396801 -0.1297871321439743
v 0.2351999926567078 1.5594041615724563 -0.3397871255874634
v 0.24730390787124637 1.768691473007202 0
v 0.38056158065795903 1.63319999396801 -0.1297871321439743
v 0.14536158800125124 1.7526041555404663 -0.20999999344348907
v 0.38056158065795903 1.63319999396801 -0.1297871321439743
v 0.4001461410522461 1.44 -0.2208070605993271
v 0.2351999926567078 1.5594041615724563 -0.3397871255874634
v 0.38056158065795903 1.24680000603199 0.1297871321439743
v 0.14536158800125124 1.1273958444595336 0.20999999344348907
v 0.24730390787124637 1.1113085269927978 0
v 0.38056158065795903 1.24680000603199 0.1297871321439743
v 0.2351999926567078 1.3205958384275436 0.3397871255874634
v 0.14536158800125124 1.1273958444595336 0.20999999344348907
v 0.4001461410522461 1.44 0.2208070605993271
v 0.2351999926567078 1.3205958384275436 0.3397871255874634
v 0.38056158065795903 1.24680000603199 0.1297871321439743
v 0.2351999926567078 1.3205958384275436 0.3397871255874634
v 0 1.236857504248619 0.3572733402252197
v 0.14536158800125124 1.1273958444595336 0.20999999344348907
v 0.14536158800125124 1.1273958444595336 0.20999999344348907
v 0 1.05360001206398 0
v 0.24730390787124637 1.1113085269927978 0
v 0.14536158800125124 1.1273958444595336 0.20999999344348907
v -0.14536158800125124 1.1273958444595336 0.20999999344348907
v 0 1.05360001206398 0
v 0 1.236857504248619 0.3572733402252197
v -0.14536158800125124 1.1273958444595336 0.20999999344348907
v 0.14536158800125124 1.1273958444595336 0.20999999344348907
v -0.14536158800125124 1.1273958444595336 0.20999999344348907
v -0.24730390787124637 1.1113085269927978 0
v 0 1.05360001206398 0
v 0 1.05360001206398 0
v 0.14536158800125124 1.1273958444595336 -0.20999999344348907
v 0.24730390787124637 1.1113085269927978 0
v 0 1.05360001206398 0
v -0.14536158800125124 1.1273958444595336 -0.20999999344348907
v 0.14536158800125124 1.1273958444595336 -0.20999999344348907
v -0.24730390787124637 1.1113085269927978 0
v -0.14536158800125124 1.1273958444595336 -0.20999999344348907
v 0 1.05360001206398 0
v -0.14536158800125124 1.1273958444595336 -0.20999999344348907
v 0 1.236857504248619 -0.3572733402252197
v 0.14536158800125124 1.1273958444595336 -0.20999999344348907
v 0.14536158800125124 1.1273958444595336 -0.20999999344348907
v 0.38056158065795903 1.24680000603199 -0.1297871321439743
v 0.24730390787124637 1.1113085269927978 0
v 0.14536158800125124 1.1273958444595336 -0.20999999344348907
v 0.2351999926567078 1.3205958384275436 -0.3397871255874634
v 0.38056158065795903 1.24680000603199 -0.1297871321439743
v 0 1.236857504248619 -0.3572733402252197
v 0.2351999926567078 1.3205958384275436 -0.3397871255874634
v 0.14536158800125124 1.1273958444595336 -0.20999999344348907
v 0.2351999926567078 1.3205958384275436 -0.3397871255874634
v 0.4001461410522461 1.44 -0.2208070605993271
v 0.38056158065795903 1.24680000603199 -0.1297871321439743
v 0.38056158065795903 1.24680000603199 -0.1297871321439743
v 0.38056158065795903 1.24680000603199 0.1297871321439743
v 0.24730390787124637 1.1113085269927978 0
v 0.38056158065795903 1.24680000603199 -0.1297871321439743
v 0.4703999853134156 1.44 0
v 0.38056158065795903 1.24680000603199 0.1297871321439743
v 0.4001461410522461 1.44 -0.2208070605993271
v 0.4703999853134156 1.44 0
v 0.38056158065795903 1.24680000603199 -0.1297871321439743
v 0.4703999853134156 1.44 0
v 0.4001461410522461 1.44 0.2208070605993271
v 0.38056158065795903 1.24680000603199 0.1297871321439743
v 0.2351999926567078 1.3205958384275436 0.3397871255874634
v 0 1.44 0.41999998688697815
v 0 1.236857504248619 0.3572733402252197
v 0.2351999926567078 1.3205958384275436 0.3397871255874634
v 0.2351999926567078 1.5594041615724563 0.3397871255874634
v 0 1.44 0.41999998688697815
v 0.4001461410522461 1.44 0.2208070605993271
v 0.2351999926567078 1.5594041615724563 0.3397871255874634
v 0.2351999926567078 1.3205958384275436 0.3397871255874634
v 0.2351999926567078 1.5594041615724563 0.3397871255874634
v 0 1.643142495751381 0.3572733402252197
v 0 1.44 0.41999998688697815
v -0.14536158800125124 1.1273958444595336 0.20999999344348907
v -0.38056158065795903 1.24680000603199 0.1297871321439743
v -0.24730390787124637 1.1113085269927978 0
v -0.14536158800125124 1.1273958444595336 0.20999999344348907
v -0.2351999926567078 1.3205958384275436 0.3397871255874634
v -0.38056158065795903 1.24680000603199 0.1297871321439743
v 0 1.236857504248619 0.3572733402252197
v -0.2351999926567078 1.3205958384275436 0.3397871255874634
v -0.14536158800125124 1.1273958444595336 0.20999999344348907
v -0.2351999926567078 1.3205958384275436 0.3397871255874634
v -0.4001461410522461 1.44 0.2208070605993271
v -0.38056158065795903 1.24680000603199 0.1297871321439743
v -0.14536158800125124 1.1273958444595336 -0.20999999344348907
v -0.2351999926567078 1.3205958384275436 -0.3397871255874634
v 0 1.236857504248619 -0.3572733402252197
v -0.14536158800125124 1.1273958444595336 -0.20999999344348907
v -0.38056158065795903 1.24680000603199 -0.1297871321439743
v -0.2351999926567078 1.3205958384275436 -0.3397871255874634
v -0.24730390787124637 1.1113085269927978 0
v -0.38056158065795903 1.24680000603199 -0.1297871321439743
v -0.14536158800125124 1.1273958444595336 -0.20999999344348907
v -0.38056158065795903 1.24680000603199 -0.1297871321439743
v -0.4001461410522461 1.44 -0.2208070605993271
v -0.2351999926567078 1.3205958384275436 -0.3397871255874634
v 0.2351999926567078 1.3205958384275436 -0.3397871255874634
v 0.2351999926567078 1.5594041615724563 -0.3397871255874634
v 0.4001461410522461 1.44 -0.2208070605993271
v 0.2351999926567078 1.3205958384275436 -0.3397871255874634
v 0 1.44 -0.41999998688697815
v 0.2351999926567078 1.5594041615724563 -0.3397871255874634
v 0 1.236857504248619 -0.3572733402252197
v 0 1.44 -0.41999998688697815
v 0.2351999926567078 1.3205958384275436 -0.3397871255874634
v 0 1.44 -0.41999998688697815
v 0 1.643142495751381 -0.3572733402252197
v 0.2351999926567078 1.5594041615724563 -0.3397871255874634
v 0.4703999853134156 1.44 0
v 0.38056158065795903 1.63319999396801 0.1297871321439743
v 0.4001461410522461 1.44 0.2208070605993271
v 0.4703999853134156 1.44 0
v 0.38056158065795903 1.63319999396801 -0.1297871321439743
v 0.38056158065795903 1.63319999396801 0.1297871321439743
v 0.4001461410522461 1.44 -0.2208070605993271
v 0.38056158065795903 1.63319999396801 -0.1297871321439743
v 0.4703999853134156 1.44 0
v 0.38056158065795903 1.63319999396801 -0.1297871321439743
v 0.24730390787124637 1.768691473007202 0
v 0.38056158065795903 1.63319999396801 0.1297871321439743
vt 0.5580698847770691 0.6666666865348816
vt 0.6618959307670593 0.800000011920929
vt 0.5 0.8237918019294739
vt 0.5580698847770691 0.6666666865348816
vt 0.6618959307670593 0.6000000238418579
vt 0.6618959307670593 0.800000011920929
vt 0.5881040692329407 0.5
vt 0.6618959307670593 0.6000000238418579
vt 0.5580698847770691 0.6666666865348816
vt 0.6618959307670593 0.6000000238418579
vt 0.75 0.6762081980705261
vt 0.6618959307670593 0.800000011920929
vt 0.6618959307670593 0.800000011920929
vt 0.5858913660049438 1
vt 0.5 0.8237918019294739
vt 0.6618959307670593 0.800000011920929
vt 0.8381040692329407 0.800000011920929
vt 0.75 1
vt 0.75 0.6762081980705261
vt 0.8381040692329407 0.800000011920929
vt 0.6618959307670593 0.800000011920929
vt 0.8381040692329407 0.800000011920929
vt 1 0.8237918019294739
vt 0.9141086339950562 1
vt 0.41410863399505615 1
vt 0.33810409903526306 0.800000011920929
vt 0.5 0.8237918019294739
vt 0.25 1
vt 0.16189590096473694 0.800000011920929
vt 0.33810409903526306 0.800000011920929
vt 0 0.8237918019294739
vt 0.16189590096473694 0.800000011920929
vt 0.08589137345552444 1
vt 0.16189590096473694 0.800000011920929
vt 0.25 0.6762081980705261
vt 0.33810409903526306 0.800000011920929
vt 0.33810409903526306 0.800000011920929
vt 0.4419301152229309 0.6666666865348816
vt 0.5 0.8237918019294739
vt 0.33810409903526306 0.800000011920929
vt 0.33810409903526306 0.6000000238418579
vt 0.4419301152229309 0.6666666865348816
vt 0.25 0.6762081980705261
vt 0.33810409903526306 0.6000000238418579
vt 0.33810409903526306 0.800000011920929
vt 0.33810409903526306 0.6000000238418579
vt 0.41189590096473694 0.5
vt 0.4419301152229309 0.6666666865348816
vt 0.4419301152229309 0.6666666865348816
vt 0.5580698847770691 0.6666666865348816
vt 0.5 0.8237918019294739
vt 0.4419301152229309 0.6666666865348816
vt 0.5 0.5
vt 0.5580698847770691 0.6666666865348816
vt 0.41189590096473694 0.5
vt 0.5 0.5
vt 0.4419301152229309 0.6666666865348816
vt 0.5 0.5
vt 0.5881040692329407 0.5
vt 0.5580698847770691 0.6666666865348816
vt 0.8381040692329407 0.800000011920929
vt 0.9419301152229309 0.6666666865348816
vt 1 0.8237918019294739
vt 0.8381040692329407 0.800000011920929
vt 0.8381040692329407 0.6000000238418579
vt 0.9419301152229309 0.6666666865348816
vt 0.75 0.6762081980705261
vt 0.8381040692329407 0.6000000238418579
vt 0.8381040692329407 0.800000011920929
vt 0.8381040692329407 0.6000000238418579
vt 0.9118959307670593 0.5
vt 0.9419301152229309 0.6666666865348816
vt 0.6618959307670593 0.6000000238418579
vt 0.75 0.5
vt 0.75 0.6762081980705261
vt 0.6618959307670593 0.6000000238418579
vt 0.6618959307670593 0.4000000059604645
vt 0.75 0.5
vt 0.5881040692329407 0.5
vt 0.6618959307670593 0.4000000059604645
vt 0.6618959307670593 0.6000000238418579
vt 0.6618959307670593 0.4000000059604645
vt 0.75 0.3237918019294739
vt 0.75 0.5
vt 0.5 0.5
vt 0.5580698847770691 0.3333333432674408
vt 0.5881040692329407 0.5
vt 0.5 0.5
vt 0.4419301152229309 0.3333333432674408
vt 0.5580698847770691 0.3333333432674408
vt 0.41189590096473694 0.5
vt 0.4419301152229309 0.3333333432674408
vt 0.5 0.5
vt 0.4419301152229309 0.3333333432674408
vt 0.5 0.17620819807052612
vt 0.5580698847770691 0.3333333432674408
vt 0.33810409903526306 0.6000000238418579
vt 0.33810409903526306 0.4000000059604645
vt 0.41189590096473694 0.5
vt 0.33810409903526306 0.6000000238418579
vt 0.25 0.5
vt 0.33810409903526306 0.4000000059604645
vt 0.25 0.6762081980705261
vt 0.25 0.5
vt 0.33810409903526306 0.6000000238418579
vt 0.25 0.5
vt 0.25 0.3237918019294739
vt 0.33810409903526306 0.4000000059604645
vt 0.16189590096473694 0.800000011920929
vt 0.16189590096473694 0.6000000238418579
vt 0.25 0.6762081980705261
vt 0.16189590096473694 0.800000011920929
vt 0.05806988105177879 0.6666666865348816
vt 0.16189590096473694 0.6000000238418579
vt 0 0.8237918019294739
vt 0.05806988105177879 0.6666666865348816
vt 0.16189590096473694 0.800000011920929
vt 0.05806988105177879 0.6666666865348816
vt 0.08810409903526306 0.5
vt 0.16189590096473694 0.6000000238418579
vt 0.9419301152229309 0.3333333432674408
vt 0.8381040692329407 0.20000000298023224
vt 1 0.17620819807052612
vt 0.9419301152229309 0.3333333432674408
vt 0.8381040692329407 0.4000000059604645
vt 0.8381040692329407 0.20000000298023224
vt 0.9118959307670593 0.5
vt 0.8381040692329407 0.4000000059604645
vt 0.9419301152229309 0.3333333432674408
vt 0.8381040692329407 0.4000000059604645
vt 0.75 0.3237918019294739
vt 0.8381040692329407 0.20000000298023224
vt 0.8381040692329407 0.20000000298023224
vt 0.9141086339950562 0
vt 1 0.17620819807052612
vt 0.8381040692329407 0.20000000298023224
vt 0.6618959307670593 0.20000000298023224
vt 0.75 0
vt 0.75 0.3237918019294739
vt 0.6618959307670593 0.20000000298023224
vt 0.8381040692329407 0.20000000298023224
vt 0.6618959307670593 0.20000000298023224
vt 0.5 0.17620819807052612
vt 0.5858913660049438 0
vt 0.08589137345552444 0
vt 0.16189590096473694 0.20000000298023224
vt 0 0.17620819807052612
vt 0.25 0
vt 0.33810409903526306 0.20000000298023224
vt 0.16189590096473694 0.20000000298023224
vt 0.5 0.17620819807052612
vt 0.33810409903526306 0.20000000298023224
vt 0.41410863399505615 0
vt 0.33810409903526306 0.20000000298023224
vt 0.25 0.3237918019294739
vt 0.16189590096473694 0.20000000298023224
vt 0.16189590096473694 0.20000000298023224
vt 0.05806988105177879 0.3333333432674408
vt 0 0.17620819807052612
vt 0.16189590096473694 0.20000000298023224
vt 0.16189590096473694 0.4000000059604645
vt 0.05806988105177879 0.3333333432674408
vt 0.25 0.3237918019294739
vt 0.16189590096473694 0.4000000059604645
vt 0.16189590096473694 0.20000000298023224
vt 0.16189590096473694 0.4000000059604645
vt 0.08810409903526306 0.5
vt 0.05806988105177879 0.3333333432674408
vt 1.0580698251724243 0.3333333432674408
vt 0.9419301152229309 0.3333333432674408
vt 1 0.17620819807052612
vt 1.0580698251724243 0.3333333432674408
vt 1 0.5
vt 0.9419301152229309 0.3333333432674408
vt 0.08810409903526306 0.5
vt 0 0.5
vt 0.05806988105177879 0.3333333432674408
vt 1 0.5
vt 0.9118959307670593 0.5
vt 0.9419301152229309 0.3333333432674408
vt 0.8381040692329407 0.4000000059604645
vt 0.75 0.5
vt 0.75 0.3237918019294739
vt 0.8381040692329407 0.4000000059604645
vt 0.8381040692329407 0.6000000238418579
vt 0.75 0.5
vt 0.9118959307670593 0.5
vt 0.8381040692329407 0.6000000238418579
vt 0.8381040692329407 0.4000000059604645
vt 0.8381040692329407 0.6000000238418579
vt 0.75 0.6762081980705261
vt 0.75 0.5
vt 0.6618959307670593 0.20000000298023224
vt 0.5580698847770691 0.3333333432674408
vt 0.5 0.17620819807052612
vt 0.6618959307670593 0.20000000298023224
vt 0.6618959307670593 0.4000000059604645
vt 0.5580698847770691 0.3333333432674408
vt 0.75 0.3237918019294739
vt 0.6618959307670593 0.4000000059604645
vt 0.6618959307670593 0.20000000298023224
vt 0.6618959307670593 0.4000000059604645
vt 0.5881040692329407 0.5
vt 0.5580698847770691 0.3333333432674408
vt 0.33810409903526306 0.20000000298023224
vt 0.33810409903526306 0.4000000059604645
vt 0.25 0.3237918019294739
vt 0.33810409903526306 0.20000000298023224
vt 0.4419301152229309 0.3333333432674408
vt 0.33810409903526306 0.4000000059604645
vt 0.5 0.17620819807052612
vt 0.4419301152229309 0.3333333432674408
vt 0.33810409903526306 0.20000000298023224
vt 0.4419301152229309 0.3333333432674408
vt 0.41189590096473694 0.5
vt 0.33810409903526306 0.4000000059604645
vt 0.16189590096473694 0.4000000059604645
vt 0.16189590096473694 0.6000000238418579
vt 0.08810409903526306 0.5
vt 0.16189590096473694 0.4000000059604645
vt 0.25 0.5
vt 0.16189590096473694 0.6000000238418579
vt 0.25 0.3237918019294739
vt 0.25 0.5
vt 0.16189590096473694 0.4000000059604645
vt 0.25 0.5
vt 0.25 0.6762081980705261
vt 0.16189590096473694 0.6000000238418579
vt 1 0.5
vt 0.9419301152229309 0.6666666865348816
vt 0.9118959307670593 0.5
vt 1 0.5
vt 1.0580698251724243 0.6666666865348816
vt 0.9419301152229309 0.6666666865348816
vt 0.08810409903526306 0.5
vt 0.05806988105177879 0.6666666865348816
vt 0 0.5
vt 1.0580698251724243 0.6666666865348816
vt 1 0.8237918019294739
vt 0.9419301152229309 0.6666666865348816
vn -0.7561225377613194 0.5688984283109155 0.32347068824663566
vn -0.2631385291712799 0.8386676891618746 0.47685912135709113
vn -0.4526770868005739 0.8916745230664302 0
vn -0.7561225377613194 0.5688984283109155 0.32347068824663566
vn -0.4540695198576507 0.3416370135421087 0.8228639146993089
vn -0.2631385291712799 0.8386676891618746 0.47685912135709113
vn -0.8222343799612211 0 0.5691490353236016
vn -0.4540695198576507 0.3416370135421087 0.8228639146993089
vn -0.7561225377613194 0.5688984283109155 0.32347068824663566
vn -0.4540695198576507 0.3416370135421087 0.8228639146993089
vn 0 0.5576329875718625 0.830087616563263
vn -0.2631385291712799 0.8386676891618746 0.47685912135709113
vn -0.2631385291712799 0.8386676891618746 0.47685912135709113
vn 0 1 0
vn -0.4526770868005739 0.8916745230664302 0
vn -0.2631385291712799 0.8386676891618746 0.47685912135709113
vn 0.2631385291712799 0.8386676891618746 0.47685912135709113
vn 0 1 0
vn 0 0.5576329875718625 0.830087616563263
vn 0.2631385291712799 0.8386676891618746 0.47685912135709113
vn -0.2631385291712799 0.8386676891618746 0.47685912135709113
vn 0.2631385291712799 0.8386676891618746 0.47685912135709113
vn 0.4526770868005739 0.8916745230664302 0
vn 0 1 0
vn 0 1 0
vn -0.2631385291712799 0.8386676891618746 -0.47685912135709113
vn -0.4526770868005739 0.8916745230664302 0
vn 0 1 0
vn 0.2631385291712799 0.8386676891618746 -0.47685912135709113
vn -0.2631385291712799 0.8386676891618746 -0.47685912135709113
vn 0.4526770868005739 0.8916745230664302 0
vn 0.2631385291712799 0.8386676891618746 -0.47685912135709113
vn 0 1 0
vn 0.2631385291712799 0.8386676891618746 -0.47685912135709113
vn 0 0.5576329875718625 -0.830087616563263
vn -0.2631385291712799 0.8386676891618746 -0.47685912135709113
vn -0.2631385291712799 0.8386676891618746 -0.47685912135709113
vn -0.7561225377613194 0.5688984283109155 -0.32347068824663566
vn -0.4526770868005739 0.8916745230664302 0
vn -0.2631385291712799 0.8386676891618746 -0.47685912135709113
vn -0.4540695198576507 0.3416370135421087 -0.8228639146993089
vn -0.7561225377613194 0.5688984283109155 -0.32347068824663566
vn 0 0.5576329875718625 -0.830087616563263
vn -0.4540695198576507 0.3416370135421087 -0.8228639146993089
vn -0.2631385291712799 0.8386676891618746 -0.47685912135709113
vn -0.4540695198576507 0.3416370135421087 -0.8228639146993089
vn -0.8222343799612211 0 -0.5691490353236016
vn -0.7561225377613194 0.5688984283109155 -0.32347068824663566
vn -0.7561225377613194 0.5688984283109155 -0.32347068824663566
vn -0.7561225377613194 0.5688984283109155 0.32347068824663566
vn -0.4526770868005739 0.8916745230664302 0
vn -0.7561225377613194 0.5688984283109155 -0.32347068824663566
vn -1 0 0
vn -0.7561225377613194 0.5688984283109155 0.32347068824663566
vn -0.8222343799612211 0 -0.5691490353236016
vn -1 0 0
vn -0.7561225377613194 0.5688984283109155 -0.32347068824663566
vn -1 0 0
vn -0.8222343799612211 0 0.5691490353236016
vn -0.7561225377613194 0.5688984283109155 0.32347068824663566
vn 0.2631385291712799 0.8386676891618746 0.47685912135709113
vn 0.7561225377613194 0.5688984283109155 0.32347068824663566
vn 0.4526770868005739 0.8916745230664302 0
vn 0.2631385291712799 0.8386676891618746 0.47685912135709113
vn 0.4540695198576507 0.3416370135421087 0.8228639146993089
vn 0.7561225377613194 0.5688984283109155 0.32347068824663566
vn 0 0.5576329875718625 0.830087616563263
vn 0.4540695198576507 0.3416370135421087 0.8228639146993089
vn 0.2631385291712799 0.8386676891618746 0.47685912135709113
vn 0.4540695198576507 0.3416370135421087 0.8228639146993089
vn 0.8222343799612211 0 0.5691490353236016
vn 0.7561225377613194 0.5688984283109155 0.32347068824663566
vn -0.4540695198576507 0.3416370135421087 0.8228639146993089
vn 0 0 1
vn 0 0.5576329875718625 0.830087616563263
vn -0.4540695198576507 0.3416370135421087 0.8228639146993089
vn -0.4540695198576507 -0.3416370135421087 0.8228639146993089
vn 0 0 1
vn -0.8222343799612211 0 0.5691490353236016
vn -0.4540695198576507 -0.3416370135421087 0.8228639146993089
vn -0.4540695198576507 0.3416370135421087 0.8228639146993089
vn -0.4540695198576507 -0.3416370135421087 0.8228639146993089
vn 0 -0.5576329875718625 0.830087616563263
vn 0 0 1
vn -1 0 0
vn -0.7561225377613194 -0.5688984283109155 0.32347068824663566
vn -0.8222343799612211 0 0.5691490353236016
vn -1 0 0
vn -0.7561225377613194 -0.5688984283109155 -0.32347068824663566
vn -0.7561225377613194 -0.5688984283109155 0.32347068824663566
vn -0.8222343799612211 0 -0.5691490353236016
vn -0.7561225377613194 -0.5688984283109155 -0.32347068824663566
vn -1 0 0
vn -0.7561225377613194 -0.5688984283109155 -0.32347068824663566
vn -0.4526770868005739 -0.8916745230664302 0
vn -0.7561225377613194 -0.5688984283109155 0.32347068824663566
vn -0.4540695198576507 0.3416370135421087 -0.8228639146993089
vn -0.4540695198576507 -0.3416370135421087 -0.8228639146993089
vn -0.8222343799612211 0 -0.5691490353236016
vn -0.4540695198576507 0.3416370135421087 -0.8228639146993089
vn 0 0 -1
vn -0.4540695198576507 -0.3416370135421087 -0.8228639146993089
vn 0 0.5576329875718625 -0.830087616563263
vn 0 0 -1
vn -0.4540695198576507 0.3416370135421087 -0.8228639146993089
vn 0 0 -1
vn 0 -0.5576329875718625 -0.830087616563263
vn -0.4540695198576507 -0.3416370135421087 -0.8228639146993089
vn 0.2631385291712799 0.8386676891618746 -0.47685912135709113
vn 0.4540695198576507 0.3416370135421087 -0.8228639146993089
vn 0 0.5576329875718625 -0.830087616563263
vn 0.2631385291712799 0.8386676891618746 -0.47685912135709113
vn 0.7561225377613194 0.5688984283109155 -0.32347068824663566
vn 0.4540695198576507 0.3416370135421087 -0.8228639146993089
vn 0.4526770868005739 0.8916745230664302 0
vn 0.7561225377613194 0.5688984283109155 -0.32347068824663566
vn 0.2631385291712799 0.8386676891618746 -0.47685912135709113
vn 0.7561225377613194 0.5688984283109155 -0.32347068824663566
vn 0.8222343799612211 0 -0.5691490353236016
vn 0.4540695198576507 0.3416370135421087 -0.8228639146993089
vn 0.7561225377613194 -0.5688984283109155 0.32347068824663566
vn 0.2631385291712799 -0.8386676891618746 0.47685912135709113
vn 0.4526770868005739 -0.8916745230664302 0
vn 0.7561225377613194 -0.5688984283109155 0.32347068824663566
vn 0.4540695198576507 -0.3416370135421087 0.8228639146993089
vn 0.2631385291712799 -0.8386676891618746 0.47685912135709113
vn 0.8222343799612211 0 0.5691490353236016
vn 0.4540695198576507 -0.3416370135421087 0.8228639146993089
vn 0.7561225377613194 -0.5688984283109155 0.32347068824663566
vn 0.4540695198576507 -0.3416370135421087 0.8228639146993089
vn 0 -0.5576329875718625 0.830087616563263
vn 0.2631385291712799 -0.8386676891618746 0.47685912135709113
vn 0.2631385291712799 -0.8386676891618746 0.47685912135709113
vn 0 -1 0
vn 0.4526770868005739 -0.8916745230664302 0
vn 0.2631385291712799 -0.8386676891618746 0.47685912135709113
vn -0.2631385291712799 -0.8386676891618746 0.47685912135709113
vn 0 -1 0
vn 0 -0.5576329875718625 0.830087616563263
vn -0.2631385291712799 -0.8386676891618746 0.47685912135709113
vn 0.2631385291712799 -0.8386676891618746 0.47685912135709113
vn -0.2631385291712799 -0.8386676891618746 0.47685912135709113
vn -0.4526770868005739 -0.8916745230664302 0
vn 0 -1 0
vn 0 -1 0
vn 0.2631385291712799 -0.8386676891618746 -0.47685912135709113
vn 0.4526770868005739 -0.8916745230664302 0
vn 0 -1 0
vn -0.2631385291712799 -0.8386676891618746 -0.47685912135709113
vn 0.2631385291712799 -0.8386676891618746 -0.47685912135709113
vn -0.4526770868005739 -0.8916745230664302 0
vn -0.2631385291712799 -0.8386676891618746 -0.47685912135709113
vn 0 -1 0
vn -0.2631385291712799 -0.8386676891618746 -0.47685912135709113
vn 0 -0.5576329875718625 -0.830087616563263
vn 0.2631385291712799 -0.8386676891618746 -0.47685912135709113
vn 0.2631385291712799 -0.8386676891618746 -0.47685912135709113
vn 0.7561225377613194 -0.5688984283109155 -0.32347068824663566
vn 0.4526770868005739 -0.8916745230664302 0
vn 0.2631385291712799 -0.8386676891618746 -0.47685912135709113
vn 0.4540695198576507 -0.3416370135421087 -0.8228639146993089
vn 0.7561225377613194 -0.5688984283109155 -0.32347068824663566
vn 0 -0.5576329875718625 -0.830087616563263
vn 0.4540695198576507 -0.3416370135421087 -0.8228639146993089
vn 0.2631385291712799 -0.8386676891618746 -0.47685912135709113
vn 0.4540695198576507 -0.3416370135421087 -0.8228639146993089
vn 0.8222343799612211 0 -0.5691490353236016
vn 0.7561225377613194 -0.5688984283109155 -0.32347068824663566
vn 0.7561225377613194 -0.5688984283109155 -0.32347068824663566
vn 0.7561225377613194 -0.5688984283109155 0.32347068824663566
vn 0.4526770868005739 -0.8916745230664302 0
vn 0.7561225377613194 -0.5688984283109155 -0.32347068824663566
vn 1 0 0
vn 0.7561225377613194 -0.5688984283109155 0.32347068824663566
vn 0.8222343799612211 0 -0.5691490353236016
vn 1 0 0
vn 0.7561225377613194 -0.5688984283109155 -0.32347068824663566
vn 1 0 0
vn 0.8222343799612211 0 0.5691490353236016
vn 0.7561225377613194 -0.5688984283109155 0.32347068824663566
vn 0.4540695198576507 -0.3416370135421087 0.8228639146993089
vn 0 0 1
vn 0 -0.5576329875718625 0.830087616563263
vn 0.4540695198576507 -0.3416370135421087 0.8228639146993089
vn 0.4540695198576507 0.3416370135421087 0.8228639146993089
vn 0 0 1
vn 0.8222343799612211 0 0.5691490353236016
vn 0.4540695198576507 0.3416370135421087 0.8228639146993089
vn 0.4540695198576507 -0.3416370135421087 0.8228639146993089
vn 0.4540695198576507 0.3416370135421087 0.8228639146993089
vn 0 0.5576329875718625 0.830087616563263
vn 0 0 1
vn -0.2631385291712799 -0.8386676891618746 0.47685912135709113
vn -0.7561225377613194 -0.5688984283109155 0.32347068824663566
vn -0.4526770868005739 -0.8916745230664302 0
vn -0.2631385291712799 -0.8386676891618746 0.47685912135709113
vn -0.4540695198576507 -0.3416370135421087 0.8228639146993089
vn -0.7561225377613194 -0.5688984283109155 0.32347068824663566
vn 0 -0.5576329875718625 0.830087616563263
vn -0.4540695198576507 -0.3416370135421087 0.8228639146993089
vn -0.2631385291712799 -0.8386676891618746 0.47685912135709113
vn -0.4540695198576507 -0.3416370135421087 0.8228639146993089
vn -0.8222343799612211 0 0.5691490353236016
vn -0.7561225377613194 -0.5688984283109155 0.32347068824663566
vn -0.2631385291712799 -0.8386676891618746 -0.47685912135709113
vn -0.4540695198576507 -0.3416370135421087 -0.8228639146993089
vn 0 -0.5576329875718625 -0.830087616563263
vn -0.2631385291712799 -0.8386676891618746 -0.47685912135709113
vn -0.7561225377613194 -0.5688984283109155 -0.32347068824663566
vn -0.4540695198576507 -0.3416370135421087 -0.8228639146993089
vn -0.4526770868005739 -0.8916745230664302 0
vn -0.7561225377613194 -0.5688984283109155 -0.32347068824663566
vn -0.2631385291712799 -0.8386676891618746 -0.47685912135709113
vn -0.7561225377613194 -0.5688984283109155 -0.32347068824663566
vn -0.8222343799612211 0 -0.5691490353236016
vn -0.4540695198576507 -0.3416370135421087 -0.8228639146993089
vn 0.4540695198576507 -0.3416370135421087 -0.8228639146993089
vn 0.4540695198576507 0.3416370135421087 -0.8228639146993089
vn 0.8222343799612211 0 -0.5691490353236016
vn 0.4540695198576507 -0.3416370135421087 -0.8228639146993089
vn 0 0 -1
vn 0.4540695198576507 0.3416370135421087 -0.8228639146993089
vn 0 -0.5576329875718625 -0.830087616563263
vn 0 0 -1
vn 0.4540695198576507 -0.3416370135421087 -0.8228639146993089
vn 0 0 -1
vn 0 0.5576329875718625 -0.830087616563263
vn 0.4540695198576507 0.3416370135421087 -0.8228639146993089
vn 1 0 0
vn 0.7561225377613194 0.5688984283109155 0.32347068824663566
vn 0.8222343799612211 0 0.5691490353236016
vn 1 0 0
vn 0.7561225377613194 0.5688984283109155 -0.32347068824663566
vn 0.7561225377613194 0.5688984283109155 0.32347068824663566
vn 0.8222343799612211 0 -0.5691490353236016
vn 0.7561225377613194 0.5688984283109155 -0.32347068824663566
vn 1 0 0
vn 0.7561225377613194 0.5688984283109155 -0.32347068824663566
vn 0.4526770868005739 0.8916745230664302 0
vn 0.7561225377613194 0.5688984283109155 0.32347068824663566
f 1/1/1 2/2/2 3/3/3
f 4/4/4 5/5/5 6/6/6
f 7/7/7 8/8/8 9/9/9
f 10/10/10 11/11/11 12/12/12
f 13/13/13 14/14/14 15/15/15
f 16/16/16 17/17/17 18/18/18
f 19/19/19 20/20/20 21/21/21
f 22/22/22 23/23/23 24/24/24
f 25/25/25 26/26/26 27/27/27
f 28/28/28 29/29/29 30/30/30
f 31/31/31 32/32/32 33/33/33
f 34/34/34 35/35/35 36/36/36
f 37/37/37 38/38/38 39/39/39
f 40/40/40 41/41/41 42/42/42
f 43/43/43 44/44/44 45/45/45
f 46/46/46 47/47/47 48/48/48
f 49/49/49 50/50/50 51/51/51
f 52/52/52 53/53/53 54/54/54
f 55/55/55 56/56/56 57/57/57
f 58/58/58 59/59/59 60/60/60
f 61/61/61 62/62/62 63/63/63
f 64/64/64 65/65/65 66/66/66
f 67/67/67 68/68/68 69/69/69
f 70/70/70 71/71/71 72/72/72
f 73/73/73 74/74/74 75/75/75
f 76/76/76 77/77/77 78/78/78
f 79/79/79 80/80/80 81/81/81
f 82/82/82 83/83/83 84/84/84
f 85/85/85 86/86/86 87/87/87
f 88/88/88 89/89/89 90/90/90
f 91/91/91 92/92/92 93/93/93
f 94/94/94 95/95/95 96/96/96
f 97/97/97 98/98/98 99/99/99
f 100/100/100 101/101/101 102/102/102
f 103/103/103 104/104/104 105/105/105
f 106/106/106 107/107/107 108/108/108
f 109/109/109 110/110/110 111/111/111
f 112/112/112 113/113/113 114/114/114
f 115/115/115 116/116/116 117/117/117
f 118/118/118 119/119/119 120/120/120
f 121/121/121 122/122/122 123/123/123
f 124/124/124 125/125/125 126/126/126
f 127/127/127 128/128/128 129/129/129
f 130/130/130 131/131/131 132/132/132
f 133/133/133 134/134/134 135/135/135
f 136/136/136 137/137/137 138/138/138
f 139/139/139 140/140/140 141/141/141
f 142/142/142 143/143/143 144/144/144
f 145/145/145 146/146/146 147/147/147
f 148/148/148 149/149/149 150/150/150
f 151/151/151 152/152/152 153/153/153
f 154/154/154 155/155/155 156/156/156
f 157/157/157 158/158/158 159/159/159
f 160/160/160 161/161/161 162/162/162
f 163/163/163 164/164/164 165/165/165
f 166/166/166 167/167/167 168/168/168
f 169/169/169 170/170/170 171/171/171
f 172/172/172 173/173/173 174/174/174
f 175/175/175 176/176/176 177/177/177
f 178/178/178 179/179/179 180/180/180
f 181/181/181 182/182/182 183/183/183
f 184/184/184 185/185/185 186/186/186
f 187/187/187 188/188/188 189/189/189
f 190/190/190 191/191/191 192/192/192
f 193/193/193 194/194/194 195/195/195
f 196/196/196 197/197/197 198/198/198
f 199/199/199 200/200/200 201/201/201
f 202/202/202 203/203/203 204/204/204
f 205/205/205 206/206/206 207/207/207
f 208/208/208 209/209/209 210/210/210
f 211/211/211 212/212/212 213/213/213
f 214/214/214 215/215/215 216/216/216
f 217/217/217 218/218/218 219/219/219
f 220/220/220 221/221/221 222/222/222
f 223/223/223 224/224/224 225/225/225
f 226/226/226 227/227/227 228/228/228
f 229/229/229 230/230/230 231/231/231
f 232/232/232 233/233/233 234/234/234
f 235/235/235 236/236/236 237/237/237
f 238/238/238 239/239/239 240/240/240
o neck_collar
usemtl steel
v 0 1.090000000745058 0.1899999976158142
v 0.11167919635772705 1.090000000745058 0.15371322631835938
v 0.18070073425769806 1.090000000745058 0.05871322751045227
v 0.18070073425769806 1.090000000745058 -0.05871322751045227
v 0.11167919635772705 1.090000000745058 -0.15371322631835938
v 2.32682895373737e-17 1.090000000745058 -0.1899999976158142
v -0.11167919635772705 1.090000000745058 -0.15371322631835938
v -0.18070073425769806 1.090000000745058 -0.05871322751045227
v -0.18070073425769806 1.090000000745058 0.05871322751045227
v -0.11167919635772705 1.090000000745058 0.15371322631835938
v -4.65365790747474e-17 1.090000000745058 0.1899999976158142
v 0 0.989999999254942 0.2199999988079071
v 0.12931275367736816 0.989999999254942 0.17798374593257904
v 0.20923243463039398 0.989999999254942 0.06798373907804489
v 0.20923243463039398 0.989999999254942 -0.06798373907804489
v 0.12931275367736816 0.989999999254942 -0.17798374593257904
v 2.6942228771640223e-17 0.989999999254942 -0.2199999988079071
v -0.12931275367736816 0.989999999254942 -0.17798374593257904
v -0.20923243463039398 0.989999999254942 -0.06798373907804489
v -0.20923243463039398 0.989999999254942 0.06798373907804489
v -0.12931275367736816 0.989999999254942 0.17798374593257904
v -5.3884457543280445e-17 0.989999999254942 0.2199999988079071
v 0 1.090000000745058 0
v 0 1.090000000745058 0
v 0 1.090000000745058 0
v 0 1.090000000745058 0
v 0 1.090000000745058 0
v 0 1.090000000745058 0
v 0 1.090000000745058 0
v 0 1.090000000745058 0
v 0 1.090000000745058 0
v 0 1.090000000745058 0
v 0 1.090000000745058 0.1899999976158142
v 0.11167919635772705 1.090000000745058 0.15371322631835938
v 0.18070073425769806 1.090000000745058 0.05871322751045227
v 0.18070073425769806 1.090000000745058 -0.05871322751045227
v 0.11167919635772705 1.090000000745058 -0.15371322631835938
v 2.32682895373737e-17 1.090000000745058 -0.1899999976158142
v -0.11167919635772705 1.090000000745058 -0.15371322631835938
v -0.18070073425769806 1.090000000745058 -0.05871322751045227
v -0.18070073425769806 1.090000000745058 0.05871322751045227
v -0.11167919635772705 1.090000000745058 0.15371322631835938
v -4.65365790747474e-17 1.090000000745058 0.1899999976158142
v 0 0.989999999254942 0
v 0 0.989999999254942 0
v 0 0.989999999254942 0
v 0 0.989999999254942 0
v 0 0.989999999254942 0
v 0 0.989999999254942 0
v 0 0.989999999254942 0
v 0 0.989999999254942 0
v 0 0.989999999254942 0
v 0 0.989999999254942 0
v 0 0.989999999254942 0.2199999988079071
v 0.12931275367736816 0.989999999254942 0.17798374593257904
v 0.20923243463039398 0.989999999254942 0.06798373907804489
v 0.20923243463039398 0.989999999254942 -0.06798373907804489
v 0.12931275367736816 0.989999999254942 -0.17798374593257904
v 2.6942228771640223e-17 0.989999999254942 -0.2199999988079071
v -0.12931275367736816 0.989999999254942 -0.17798374593257904
v -0.20923243463039398 0.989999999254942 -0.06798373907804489
v -0.20923243463039398 0.989999999254942 0.06798373907804489
v -0.12931275367736816 0.989999999254942 0.17798374593257904
v -5.3884457543280445e-17 0.989999999254942 0.2199999988079071
vt 0 1
vt 0.10000000149011612 1
vt 0.20000000298023224 1
vt 0.30000001192092896 1
vt 0.4000000059604645 1
vt 0.5 1
vt 0.6000000238418579 1
vt 0.699999988079071 1
vt 0.800000011920929 1
vt 0.8999999761581421 1
vt 1 1
vt 0 0
vt 0.10000000149011612 0
vt 0.20000000298023224 0
vt 0.30000001192092896 0
vt 0.4000000059604645 0
vt 0.5 0
vt 0.6000000238418579 0
vt 0.699999988079071 0
vt 0.800000011920929 0
vt 0.8999999761581421 0
vt 1 0
vt 0.5 0.5
vt 0.5 0.5
vt 0.5 0.5
vt 0.5 0.5
vt 0.5 0.5
vt 0.5 0.5
vt 0.5 0.5
vt 0.5 0.5
vt 0.5 0.5
vt 0.5 0.5
vt 1 0.5
vt 0.9045084714889526 0.7938926219940186
vt 0.6545084714889526 0.9755282402038574
vt 0.345491498708725 0.9755282402038574
vt 0.09549150615930557 0.7938926219940186
vt 0 0.5
vt 0.09549150615930557 0.20610737800598145
vt 0.345491498708725 0.024471741169691086
vt 0.6545084714889526 0.024471741169691086
vt 0.9045084714889526 0.20610737800598145
vt 1 0.5
vt 0.5 0.5
vt 0.5 0.5
vt 0.5 0.5
vt 0.5 0.5
vt 0.5 0.5
vt 0.5 0.5
vt 0.5 0.5
vt 0.5 0.5
vt 0.5 0.5
vt 0.5 0.5
vt 1 0.5
vt 0.9045084714889526 0.20610737800598145
vt 0.6545084714889526 0.024471741169691086
vt 0.345491498708725 0.024471741169691086
vt 0.09549150615930557 0.20610737800598145
vt 0 0.5
vt 0.09549150615930557 0.7938926219940186
vt 0.345491498708725 0.9755282402038574
vt 0.6545084714889526 0.9755282402038574
vt 0.9045084714889526 0.7938926219940186
vt 1 0.5
vn 0 0.28734789103466163 0.9578262835806567
vn 0.5629961492970863 0.2873478831054878 0.7748977545143926
vn 0.9109469275758942 0.2873478899140321 0.2959846031502176
vn 0.9109469275758942 0.2873478899140321 -0.2959846031502176
vn 0.5629961492970863 0.2873478831054878 -0.7748977545143926
vn 1.1729989191330509e-16 0.28734789103466163 -0.9578262835806567
vn -0.5629961492970863 0.2873478831054878 -0.7748977545143926
vn -0.9109469275758942 0.2873478899140321 -0.2959846031502176
vn -0.9109469275758942 0.2873478899140321 0.2959846031502176
vn -0.5629961492970863 0.2873478831054878 0.7748977545143926
vn -2.3459978382661017e-16 0.28734789103466163 0.9578262835806567
vn 0 0.28734789103466163 0.9578262835806567
vn 0.5629961492970863 0.2873478831054878 0.7748977545143926
vn 0.9109469275758942 0.2873478899140321 0.2959846031502176
vn 0.9109469275758942 0.2873478899140321 -0.2959846031502176
vn 0.5629961492970863 0.2873478831054878 -0.7748977545143926
vn 1.1729989191330509e-16 0.28734789103466163 -0.9578262835806567
vn -0.5629961492970863 0.2873478831054878 -0.7748977545143926
vn -0.9109469275758942 0.2873478899140321 -0.2959846031502176
vn -0.9109469275758942 0.2873478899140321 0.2959846031502176
vn -0.5629961492970863 0.2873478831054878 0.7748977545143926
vn -2.3459978382661017e-16 0.28734789103466163 0.9578262835806567
vn 0 1 0
vn 0 1 0
vn 0 1 0
vn 0 1 0
vn 0 1 0
vn 0 1 0
vn 0 1 0
vn 0 1 0
vn 0 1 0
vn 0 1 0
vn 0 1 0
vn 0 1 0
vn 0 1 0
vn 0 1 0
vn 0 1 0
vn 0 1 0
vn 0 1 0
vn 0 1 0
vn 0 1 0
vn 0 1 0
vn 0 1 0
vn 0 -1 0
vn 0 -1 0
vn 0 -1 0
vn 0 -1 0
vn 0 -1 0
vn 0 -1 0
vn 0 -1 0
vn 0 -1 0
vn 0 -1 0
vn 0 -1 0
vn 0 -1 0
vn 0 -1 0
vn 0 -1 0
vn 0 -1 0
vn 0 -1 0
vn 0 -1 0
vn 0 -1 0
vn 0 -1 0
vn 0 -1 0
vn 0 -1 0
vn 0 -1 0
f 241/241/241 252/252/252 242/242/242
f 252/252/252 253/253/253 242/242/242
f 242/242/242 253/253/253 243/243/243
f 253/253/253 254/254/254 243/243/243
f 243/243/243 254/254/254 244/244/244
f 254/254/254 255/255/255 244/244/244
f 244/244/244 255/255/255 245/245/245
f 255/255/255 256/256/256 245/245/245
f 245/245/245 256/256/256 246/246/246
f 256/256/256 257/257/257 246/246/246
f 246/246/246 257/257/257 247/247/247
f 257/257/257 258/258/258 247/247/247
f 247/247/247 258/258/258 248/248/248
f 258/258/258 259/259/259 248/248/248
f 248/248/248 259/259/259 249/249/249
f 259/259/259 260/260/260 249/249/249
f 249/249/249 260/260/260 250/250/250
f 260/260/260 261/261/261 250/250/250
f 250/250/250 261/261/261 251/251/251
f 261/261/261 262/262/262 251/251/251
f 273/273/273 274/274/274 263/263/263
f 274/274/274 275/275/275 264/264/264
f 275/275/275 276/276/276 265/265/265
f 276/276/276 277/277/277 266/266/266
f 277/277/277 278/278/278 267/267/267
f 278/278/278 279/279/279 268/268/268
f 279/279/279 280/280/280 269/269/269
f 280/280/280 281/281/281 270/270/270
f 281/281/281 282/282/282 271/271/271
f 282/282/282 283/283/283 272/272/272
f 295/295/295 294/294/294 284/284/284
f 296/296/296 295/295/295 285/285/285
f 297/297/297 296/296/296 286/286/286
f 298/298/298 297/297/297 287/287/287
f 299/299/299 298/298/298 288/288/288
f 300/300/300 299/299/299 289/289/289
f 301/301/301 300/300/300 290/290/290
f 302/302/302 301/301/301 291/291/291
f 303/303/303 302/302/302 292/292/292
f 304/304/304 303/303/303 293/293/293
o collar_rivet
usemtl steelD
v 0.19128568194806575 1.04 0.011566084809601307
v 0.21 1.0515660848096013 0.018714318051934242
v 0.19843391519039869 1.0587143180519343 0
v 0.21 1.0515660848096013 0.018714318051934242
v 0.2215660848096013 1.0587143180519343 0
v 0.19843391519039869 1.0587143180519343 0
v 0.2215660848096013 1.0587143180519343 0
v 0.21 1.0515660848096013 -0.018714318051934242
v 0.19843391519039869 1.0587143180519343 0
v 0.21 1.0515660848096013 -0.018714318051934242
v 0.19128568194806575 1.04 -0.011566084809601307
v 0.19843391519039869 1.0587143180519343 0
v 0.19128568194806575 1.04 -0.011566084809601307
v 0.19128568194806575 1.04 0.011566084809601307
v 0.19843391519039869 1.0587143180519343 0
v 0.21 1.0515660848096013 0.018714318051934242
v 0.22871431805193423 1.04 0.011566084809601307
v 0.2215660848096013 1.0587143180519343 0
v 0.19128568194806575 1.04 0.011566084809601307
v 0.21 1.0284339151903987 0.018714318051934242
v 0.21 1.0515660848096013 0.018714318051934242
v 0.19128568194806575 1.04 -0.011566084809601307
v 0.19843391519039869 1.0212856819480658 0
v 0.19128568194806575 1.04 0.011566084809601307
v 0.21 1.0515660848096013 -0.018714318051934242
v 0.21 1.0284339151903987 -0.018714318051934242
v 0.19128568194806575 1.04 -0.011566084809601307
v 0.2215660848096013 1.0587143180519343 0
v 0.22871431805193423 1.04 -0.011566084809601307
v 0.21 1.0515660848096013 -0.018714318051934242
v 0.22871431805193423 1.04 0.011566084809601307
v 0.21 1.0284339151903987 0.018714318051934242
v 0.2215660848096013 1.0212856819480658 0
v 0.21 1.0284339151903987 0.018714318051934242
v 0.19843391519039869 1.0212856819480658 0
v 0.2215660848096013 1.0212856819480658 0
v 0.19843391519039869 1.0212856819480658 0
v 0.21 1.0284339151903987 -0.018714318051934242
v 0.2215660848096013 1.0212856819480658 0
v 0.21 1.0284339151903987 -0.018714318051934242
v 0.22871431805193423 1.04 -0.011566084809601307
v 0.2215660848096013 1.0212856819480658 0
v 0.22871431805193423 1.04 -0.011566084809601307
v 0.22871431805193423 1.04 0.011566084809601307
v 0.2215660848096013 1.0212856819480658 0
v 0.22871431805193423 1.04 0.011566084809601307
v 0.21 1.0515660848096013 0.018714318051934242
v 0.21 1.0284339151903987 0.018714318051934242
v 0.21 1.0284339151903987 0.018714318051934242
v 0.19128568194806575 1.04 0.011566084809601307
v 0.19843391519039869 1.0212856819480658 0
v 0.19843391519039869 1.0212856819480658 0
v 0.19128568194806575 1.04 -0.011566084809601307
v 0.21 1.0284339151903987 -0.018714318051934242
v 0.21 1.0284339151903987 -0.018714318051934242
v 0.21 1.0515660848096013 -0.018714318051934242
v 0.22871431805193423 1.04 -0.011566084809601307
v 0.22871431805193423 1.04 -0.011566084809601307
v 0.2215660848096013 1.0587143180519343 0
v 0.22871431805193423 1.04 0.011566084809601307
vt 0.5881040692329407 0.5
vt 0.75 0.6762081980705261
vt 0.5 0.8237918019294739
vt 0.75 0.6762081980705261
vt 1 0.8237918019294739
vt 0.5 0.8237918019294739
vt 0 0.8237918019294739
vt 0.25 0.6762081980705261
vt 0.5 0.8237918019294739
vt 0.25 0.6762081980705261
vt 0.41189590096473694 0.5
vt 0.5 0.8237918019294739
vt 0.41189590096473694 0.5
vt 0.5881040692329407 0.5
vt 0.5 0.8237918019294739
vt 0.75 0.6762081980705261
vt 0.9118959307670593 0.5
vt 1 0.8237918019294739
vt 0.5881040692329407 0.5
vt 0.75 0.3237918019294739
vt 0.75 0.6762081980705261
vt 0.41189590096473694 0.5
vt 0.5 0.17620819807052612
vt 0.5881040692329407 0.5
vt 0.25 0.6762081980705261
vt 0.25 0.3237918019294739
vt 0.41189590096473694 0.5
vt 0 0.8237918019294739
vt 0.08810409903526306 0.5
vt 0.25 0.6762081980705261
vt 0.9118959307670593 0.5
vt 0.75 0.3237918019294739
vt 1 0.17620819807052612
vt 0.75 0.3237918019294739
vt 0.5 0.17620819807052612
vt 1 0.17620819807052612
vt 0.5 0.17620819807052612
vt 0.25 0.3237918019294739
vt 0 0.17620819807052612
vt 0.25 0.3237918019294739
vt 0.08810409903526306 0.5
vt 0 0.17620819807052612
vt 1.0881041288375854 0.5
vt 0.9118959307670593 0.5
vt 1 0.17620819807052612
vt 0.9118959307670593 0.5
vt 0.75 0.6762081980705261
vt 0.75 0.3237918019294739
vt 0.75 0.3237918019294739
vt 0.5881040692329407 0.5
vt 0.5 0.17620819807052612
vt 0.5 0.17620819807052612
vt 0.41189590096473694 0.5
vt 0.25 0.3237918019294739
vt 0.25 0.3237918019294739
vt 0.25 0.6762081980705261
vt 0.08810409903526306 0.5
vt 1.0881041288375854 0.5
vt 1 0.8237918019294739
vt 0.9118959307670593 0.5
vn -0.5773502691896257 0.5773502691896257 0.5773502691896257
vn -0.5773502691896257 0.5773502691896257 0.5773502691896257
vn -0.5773502691896257 0.5773502691896257 0.5773502691896257
vn 0 0.9341723685930928 0.35682206456043414
vn 0 0.9341723685930928 0.35682206456043414
vn 0 0.9341723685930928 0.35682206456043414
vn 0 0.9341723685930928 -0.35682206456043414
vn 0 0.9341723685930928 -0.35682206456043414
vn 0 0.9341723685930928 -0.35682206456043414
vn -0.5773502691896257 0.5773502691896257 -0.5773502691896257
vn -0.5773502691896257 0.5773502691896257 -0.5773502691896257
vn -0.5773502691896257 0.5773502691896257 -0.5773502691896257
vn -0.9341723685930928 0.35682206456043414 0
vn -0.9341723685930928 0.35682206456043414 0
vn -0.9341723685930928 0.35682206456043414 0
vn 0.5773502691896257 0.5773502691896257 0.5773502691896257
vn 0.5773502691896257 0.5773502691896257 0.5773502691896257
vn 0.5773502691896257 0.5773502691896257 0.5773502691896257
vn -0.35682206456043414 0 0.9341723685930928
vn -0.35682206456043414 0 0.9341723685930928
vn -0.35682206456043414 0 0.9341723685930928
vn -0.9341723685930928 -0.35682206456043414 0
vn -0.9341723685930928 -0.35682206456043414 0
vn -0.9341723685930928 -0.35682206456043414 0
vn -0.35682206456043414 0 -0.9341723685930928
vn -0.35682206456043414 0 -0.9341723685930928
vn -0.35682206456043414 0 -0.9341723685930928
vn 0.5773502691896257 0.5773502691896257 -0.5773502691896257
vn 0.5773502691896257 0.5773502691896257 -0.5773502691896257
vn 0.5773502691896257 0.5773502691896257 -0.5773502691896257
vn 0.5773502691896257 -0.5773502691896257 0.5773502691896257
vn 0.5773502691896257 -0.5773502691896257 0.5773502691896257
vn 0.5773502691896257 -0.5773502691896257 0.5773502691896257
vn 0 -0.9341723685930928 0.35682206456043414
vn 0 -0.9341723685930928 0.35682206456043414
vn 0 -0.9341723685930928 0.35682206456043414
vn 0 -0.9341723685930928 -0.35682206456043414
vn 0 -0.9341723685930928 -0.35682206456043414
vn 0 -0.9341723685930928 -0.35682206456043414
vn 0.5773502691896257 -0.5773502691896257 -0.5773502691896257
vn 0.5773502691896257 -0.5773502691896257 -0.5773502691896257
vn 0.5773502691896257 -0.5773502691896257 -0.5773502691896257
vn 0.9341723685930928 -0.35682206456043414 0
vn 0.9341723685930928 -0.35682206456043414 0
vn 0.9341723685930928 -0.35682206456043414 0
vn 0.35682206456043414 0 0.9341723685930928
vn 0.35682206456043414 0 0.9341723685930928
vn 0.35682206456043414 0 0.9341723685930928
vn -0.5773502691896257 -0.5773502691896257 0.5773502691896257
vn -0.5773502691896257 -0.5773502691896257 0.5773502691896257
vn -0.5773502691896257 -0.5773502691896257 0.5773502691896257
vn -0.5773502691896257 -0.5773502691896257 -0.5773502691896257
vn -0.5773502691896257 -0.5773502691896257 -0.5773502691896257
vn -0.5773502691896257 -0.5773502691896257 -0.5773502691896257
vn 0.35682206456043414 0 -0.9341723685930928
vn 0.35682206456043414 0 -0.9341723685930928
vn 0.35682206456043414 0 -0.9341723685930928
vn 0.9341723685930928 0.35682206456043414 0
vn 0.9341723685930928 0.35682206456043414 0
vn 0.9341723685930928 0.35682206456043414 0
f 305/305/305 306/306/306 307/307/307
f 308/308/308 309/309/309 310/310/310
f 311/311/311 312/312/312 313/313/313
f 314/314/314 315/315/315 316/316/316
f 317/317/317 318/318/318 319/319/319
f 320/320/320 321/321/321 322/322/322
f 323/323/323 324/324/324 325/325/325
f 326/326/326 327/327/327 328/328/328
f 329/329/329 330/330/330 331/331/331
f 332/332/332 333/333/333 334/334/334
f 335/335/335 336/336/336 337/337/337
f 338/338/338 339/339/339 340/340/340
f 341/341/341 342/342/342 343/343/343
f 344/344/344 345/345/345 346/346/346
f 347/347/347 348/348/348 349/349/349
f 350/350/350 351/351/351 352/352/352
f 353/353/353 354/354/354 355/355/355
f 356/356/356 357/357/357 358/358/358
f 359/359/359 360/360/360 361/361/361
f 362/362/362 363/363/363 364/364/364
o collar_rivet
usemtl steelD
v 0.12977810599724074 1.04 0.16005850885877626
v 0.14849242404917498 1.0515660848096013 0.1672067421011092
v 0.13692633923957367 1.0587143180519343 0.14849242404917495
v 0.14849242404917498 1.0515660848096013 0.1672067421011092
v 0.1600585088587763 1.0587143180519343 0.14849242404917495
v 0.13692633923957367 1.0587143180519343 0.14849242404917495
v 0.1600585088587763 1.0587143180519343 0.14849242404917495
v 0.14849242404917498 1.0515660848096013 0.1297781059972407
v 0.13692633923957367 1.0587143180519343 0.14849242404917495
v 0.14849242404917498 1.0515660848096013 0.1297781059972407
v 0.12977810599724074 1.04 0.13692633923957365
v 0.13692633923957367 1.0587143180519343 0.14849242404917495
v 0.12977810599724074 1.04 0.13692633923957365
v 0.12977810599724074 1.04 0.16005850885877626
v 0.13692633923957367 1.0587143180519343 0.14849242404917495
v 0.14849242404917498 1.0515660848096013 0.1672067421011092
v 0.16720674210110922 1.04 0.16005850885877626
v 0.1600585088587763 1.0587143180519343 0.14849242404917495
v 0.12977810599724074 1.04 0.16005850885877626
v 0.14849242404917498 1.0284339151903987 0.1672067421011092
v 0.14849242404917498 1.0515660848096013 0.1672067421011092
v 0.12977810599724074 1.04 0.13692633923957365
v 0.13692633923957367 1.0212856819480658 0.14849242404917495
v 0.12977810599724074 1.04 0.16005850885877626
v 0.14849242404917498 1.0515660848096013 0.1297781059972407
v 0.14849242404917498 1.0284339151903987 0.1297781059972407
v 0.12977810599724074 1.04 0.13692633923957365
v 0.1600585088587763 1.0587143180519343 0.14849242404917495
v 0.16720674210110922 1.04 0.13692633923957365
v 0.14849242404917498 1.0515660848096013 0.1297781059972407
v 0.16720674210110922 1.04 0.16005850885877626
v 0.14849242404917498 1.0284339151903987 0.1672067421011092
v 0.1600585088587763 1.0212856819480658 0.14849242404917495
v 0.14849242404917498 1.0284339151903987 0.1672067421011092
v 0.13692633923957367 1.0212856819480658 0.14849242404917495
v 0.1600585088587763 1.0212856819480658 0.14849242404917495
v 0.13692633923957367 1.0212856819480658 0.14849242404917495
v 0.14849242404917498 1.0284339151903987 0.1297781059972407
v 0.1600585088587763 1.0212856819480658 0.14849242404917495
v 0.14849242404917498 1.0284339151903987 0.1297781059972407
v 0.16720674210110922 1.04 0.13692633923957365
v 0.1600585088587763 1.0212856819480658 0.14849242404917495
v 0.16720674210110922 1.04 0.13692633923957365
v 0.16720674210110922 1.04 0.16005850885877626
v 0.1600585088587763 1.0212856819480658 0.14849242404917495
v 0.16720674210110922 1.04 0.16005850885877626
v 0.14849242404917498 1.0515660848096013 0.1672067421011092
v 0.14849242404917498 1.0284339151903987 0.1672067421011092
v 0.14849242404917498 1.0284339151903987 0.1672067421011092
v 0.12977810599724074 1.04 0.16005850885877626
v 0.13692633923957367 1.0212856819480658 0.14849242404917495
v 0.13692633923957367 1.0212856819480658 0.14849242404917495
v 0.12977810599724074 1.04 0.13692633923957365
v 0.14849242404917498 1.0284339151903987 0.1297781059972407
v 0.14849242404917498 1.0284339151903987 0.1297781059972407
v 0.14849242404917498 1.0515660848096013 0.1297781059972407
v 0.16720674210110922 1.04 0.13692633923957365
v 0.16720674210110922 1.04 0.13692633923957365
v 0.1600585088587763 1.0587143180519343 0.14849242404917495
v 0.16720674210110922 1.04 0.16005850885877626
vt 0.5881040692329407 0.5
vt 0.75 0.6762081980705261
vt 0.5 0.8237918019294739
vt 0.75 0.6762081980705261
vt 1 0.8237918019294739
vt 0.5 0.8237918019294739
vt 0 0.8237918019294739
vt 0.25 0.6762081980705261
vt 0.5 0.8237918019294739
vt 0.25 0.6762081980705261
vt 0.41189590096473694 0.5
vt 0.5 0.8237918019294739
vt 0.41189590096473694 0.5
vt 0.5881040692329407 0.5
vt 0.5 0.8237918019294739
vt 0.75 0.6762081980705261
vt 0.9118959307670593 0.5
vt 1 0.8237918019294739
vt 0.5881040692329407 0.5
vt 0.75 0.3237918019294739
vt 0.75 0.6762081980705261
vt 0.41189590096473694 0.5
vt 0.5 0.17620819807052612
vt 0.5881040692329407 0.5
vt 0.25 0.6762081980705261
vt 0.25 0.3237918019294739
vt 0.41189590096473694 0.5
vt 0 0.8237918019294739
vt 0.08810409903526306 0.5
vt 0.25 0.6762081980705261
vt 0.9118959307670593 0.5
vt 0.75 0.3237918019294739
vt 1 0.17620819807052612
vt 0.75 0.3237918019294739
vt 0.5 0.17620819807052612
vt 1 0.17620819807052612
vt 0.5 0.17620819807052612
vt 0.25 0.3237918019294739
vt 0 0.17620819807052612
vt 0.25 0.3237918019294739
vt 0.08810409903526306 0.5
vt 0 0.17620819807052612
vt 1.0881041288375854 0.5
vt 0.9118959307670593 0.5
vt 1 0.17620819807052612
vt 0.9118959307670593 0.5
vt 0.75 0.6762081980705261
vt 0.75 0.3237918019294739
vt 0.75 0.3237918019294739
vt 0.5881040692329407 0.5
vt 0.5 0.17620819807052612
vt 0.5 0.17620819807052612
vt 0.41189590096473694 0.5
vt 0.25 0.3237918019294739
vt 0.25 0.3237918019294739
vt 0.25 0.6762081980705261
vt 0.08810409903526306 0.5
vt 1.0881041288375854 0.5
vt 1 0.8237918019294739
vt 0.9118959307670593 0.5
vn -0.5773502691896257 0.5773502691896257 0.5773502691896257
vn -0.5773502691896257 0.5773502691896257 0.5773502691896257
vn -0.5773502691896257 0.5773502691896257 0.5773502691896257
vn 0 0.9341723685930928 0.35682206456043414
vn 0 0.9341723685930928 0.35682206456043414
vn 0 0.9341723685930928 0.35682206456043414
vn 0 0.9341723685930928 -0.35682206456043414
vn 0 0.9341723685930928 -0.35682206456043414
vn 0 0.9341723685930928 -0.35682206456043414
vn -0.5773502691896257 0.5773502691896257 -0.5773502691896257
vn -0.5773502691896257 0.5773502691896257 -0.5773502691896257
vn -0.5773502691896257 0.5773502691896257 -0.5773502691896257
vn -0.9341723685930928 0.35682206456043414 0
vn -0.9341723685930928 0.35682206456043414 0
vn -0.9341723685930928 0.35682206456043414 0
vn 0.5773502691896257 0.5773502691896257 0.5773502691896257
vn 0.5773502691896257 0.5773502691896257 0.5773502691896257
vn 0.5773502691896257 0.5773502691896257 0.5773502691896257
vn -0.35682206456043414 0 0.9341723685930928
vn -0.35682206456043414 0 0.9341723685930928
vn -0.35682206456043414 0 0.9341723685930928
vn -0.9341723685930928 -0.35682206456043414 0
vn -0.9341723685930928 -0.35682206456043414 0
vn -0.9341723685930928 -0.35682206456043414 0
vn -0.35682206456043414 0 -0.9341723685930928
vn -0.35682206456043414 0 -0.9341723685930928
vn -0.35682206456043414 0 -0.9341723685930928
vn 0.5773502691896257 0.5773502691896257 -0.5773502691896257
vn 0.5773502691896257 0.5773502691896257 -0.5773502691896257
vn 0.5773502691896257 0.5773502691896257 -0.5773502691896257
vn 0.5773502691896257 -0.5773502691896257 0.5773502691896257
vn 0.5773502691896257 -0.5773502691896257 0.5773502691896257
vn 0.5773502691896257 -0.5773502691896257 0.5773502691896257
vn 0 -0.9341723685930928 0.35682206456043414
vn 0 -0.9341723685930928 0.35682206456043414
vn 0 -0.9341723685930928 0.35682206456043414
vn 0 -0.9341723685930928 -0.35682206456043414
vn 0 -0.9341723685930928 -0.35682206456043414
vn 0 -0.9341723685930928 -0.35682206456043414
vn 0.5773502691896257 -0.5773502691896257 -0.5773502691896257
vn 0.5773502691896257 -0.5773502691896257 -0.5773502691896257
vn 0.5773502691896257 -0.5773502691896257 -0.5773502691896257
vn 0.9341723685930928 -0.35682206456043414 0
vn 0.9341723685930928 -0.35682206456043414 0
vn 0.9341723685930928 -0.35682206456043414 0
vn 0.35682206456043414 0 0.9341723685930928
vn 0.35682206456043414 0 0.9341723685930928
vn 0.35682206456043414 0 0.9341723685930928
vn -0.5773502691896257 -0.5773502691896257 0.5773502691896257
vn -0.5773502691896257 -0.5773502691896257 0.5773502691896257
vn -0.5773502691896257 -0.5773502691896257 0.5773502691896257
vn -0.5773502691896257 -0.5773502691896257 -0.5773502691896257
vn -0.5773502691896257 -0.5773502691896257 -0.5773502691896257
vn -0.5773502691896257 -0.5773502691896257 -0.5773502691896257
vn 0.35682206456043414 0 -0.9341723685930928
vn 0.35682206456043414 0 -0.9341723685930928
vn 0.35682206456043414 0 -0.9341723685930928
vn 0.9341723685930928 0.35682206456043414 0
vn 0.9341723685930928 0.35682206456043414 0
vn 0.9341723685930928 0.35682206456043414 0
f 365/365/365 366/366/366 367/367/367
f 368/368/368 369/369/369 370/370/370
f 371/371/371 372/372/372 373/373/373
f 374/374/374 375/375/375 376/376/376
f 377/377/377 378/378/378 379/379/379
f 380/380/380 381/381/381 382/382/382
f 383/383/383 384/384/384 385/385/385
f 386/386/386 387/387/387 388/388/388
f 389/389/389 390/390/390 391/391/391
f 392/392/392 393/393/393 394/394/394
f 395/395/395 396/396/396 397/397/397
f 398/398/398 399/399/399 400/400/400
f 401/401/401 402/402/402 403/403/403
f 404/404/404 405/405/405 406/406/406
f 407/407/407 408/408/408 409/409/409
f 410/410/410 411/411/411 412/412/412
f 413/413/413 414/414/414 415/415/415
f 416/416/416 417/417/417 418/418/418
f 419/419/419 420/420/420 421/421/421
f 422/422/422 423/423/423 424/424/424
o collar_rivet
usemtl steelD
v -0.01871431805193423 1.04 0.2215660848096013
v 1.2858791391047208e-17 1.0515660848096013 0.22871431805193423
v -0.011566084809601295 1.0587143180519343 0.21
v 1.2858791391047208e-17 1.0515660848096013 0.22871431805193423
v 0.011566084809601319 1.0587143180519343 0.21
v -0.011566084809601295 1.0587143180519343 0.21
v 0.011566084809601319 1.0587143180519343 0.21
v 1.2858791391047208e-17 1.0515660848096013 0.19128568194806575
v -0.011566084809601295 1.0587143180519343 0.21
v 1.2858791391047208e-17 1.0515660848096013 0.19128568194806575
v -0.01871431805193423 1.04 0.19843391519039869
v -0.011566084809601295 1.0587143180519343 0.21
v -0.01871431805193423 1.04 0.19843391519039869
v -0.01871431805193423 1.04 0.2215660848096013
v -0.011566084809601295 1.0587143180519343 0.21
v 1.2858791391047208e-17 1.0515660848096013 0.22871431805193423
v 0.018714318051934256 1.04 0.2215660848096013
v 0.011566084809601319 1.0587143180519343 0.21
v -0.01871431805193423 1.04 0.2215660848096013
v 1.2858791391047208e-17 1.0284339151903987 0.22871431805193423
v 1.2858791391047208e-17 1.0515660848096013 0.22871431805193423
v -0.01871431805193423 1.04 0.19843391519039869
v -0.011566084809601295 1.0212856819480658 0.21
v -0.01871431805193423 1.04 0.2215660848096013
v 1.2858791391047208e-17 1.0515660848096013 0.19128568194806575
v 1.2858791391047208e-17 1.0284339151903987 0.19128568194806575
v -0.01871431805193423 1.04 0.19843391519039869
v 0.011566084809601319 1.0587143180519343 0.21
v 0.018714318051934256 1.04 0.19843391519039869
v 1.2858791391047208e-17 1.0515660848096013 0.19128568194806575
v 0.018714318051934256 1.04 0.2215660848096013
v 1.2858791391047208e-17 1.0284339151903987 0.22871431805193423
v 0.011566084809601319 1.0212856819480658 0.21
v 1.2858791391047208e-17 1.0284339151903987 0.22871431805193423
v -0.011566084809601295 1.0212856819480658 0.21
v 0.011566084809601319 1.0212856819480658 0.21
v -0.011566084809601295 1.0212856819480658 0.21
v 1.2858791391047208e-17 1.0284339151903987 0.19128568194806575
v 0.011566084809601319 1.0212856819480658 0.21
v 1.2858791391047208e-17 1.0284339151903987 0.19128568194806575
v 0.018714318051934256 1.04 0.19843391519039869
v 0.011566084809601319 1.0212856819480658 0.21
v 0.018714318051934256 1.04 0.19843391519039869
v 0.018714318051934256 1.04 0.2215660848096013
v 0.011566084809601319 1.0212856819480658 0.21
v 0.018714318051934256 1.04 0.2215660848096013
v 1.2858791391047208e-17 1.0515660848096013 0.22871431805193423
v 1.2858791391047208e-17 1.0284339151903987 0.22871431805193423
v 1.2858791391047208e-17 1.0284339151903987 0.22871431805193423
v -0.01871431805193423 1.04 0.2215660848096013
v -0.011566084809601295 1.0212856819480658 0.21
v -0.011566084809601295 1.0212856819480658 0.21
v -0.01871431805193423 1.04 0.19843391519039869
v 1.2858791391047208e-17 1.0284339151903987 0.19128568194806575
v 1.2858791391047208e-17 1.0284339151903987 0.19128568194806575
v 1.2858791391047208e-17 1.0515660848096013 0.19128568194806575
v 0.018714318051934256 1.04 0.19843391519039869
v 0.018714318051934256 1.04 0.19843391519039869
v 0.011566084809601319 1.0587143180519343 0.21
v 0.018714318051934256 1.04 0.2215660848096013
vt 0.5881040692329407 0.5
vt 0.75 0.6762081980705261
vt 0.5 0.8237918019294739
vt 0.75 0.6762081980705261
vt 1 0.8237918019294739
vt 0.5 0.8237918019294739
vt 0 0.8237918019294739
vt 0.25 0.6762081980705261
vt 0.5 0.8237918019294739
vt 0.25 0.6762081980705261
vt 0.41189590096473694 0.5
vt 0.5 0.8237918019294739
vt 0.41189590096473694 0.5
vt 0.5881040692329407 0.5
vt 0.5 0.8237918019294739
vt 0.75 0.6762081980705261
vt 0.9118959307670593 0.5
vt 1 0.8237918019294739
vt 0.5881040692329407 0.5
vt 0.75 0.3237918019294739
vt 0.75 0.6762081980705261
vt 0.41189590096473694 0.5
vt 0.5 0.17620819807052612
vt 0.5881040692329407 0.5
vt 0.25 0.6762081980705261
vt 0.25 0.3237918019294739
vt 0.41189590096473694 0.5
vt 0 0.8237918019294739
vt 0.08810409903526306 0.5
vt 0.25 0.6762081980705261
vt 0.9118959307670593 0.5
vt 0.75 0.3237918019294739
vt 1 0.17620819807052612
vt 0.75 0.3237918019294739
vt 0.5 0.17620819807052612
vt 1 0.17620819807052612
vt 0.5 0.17620819807052612
vt 0.25 0.3237918019294739
vt 0 0.17620819807052612
vt 0.25 0.3237918019294739
vt 0.08810409903526306 0.5
vt 0 0.17620819807052612
vt 1.0881041288375854 0.5
vt 0.9118959307670593 0.5
vt 1 0.17620819807052612
vt 0.9118959307670593 0.5
vt 0.75 0.6762081980705261
vt 0.75 0.3237918019294739
vt 0.75 0.3237918019294739
vt 0.5881040692329407 0.5
vt 0.5 0.17620819807052612
vt 0.5 0.17620819807052612
vt 0.41189590096473694 0.5
vt 0.25 0.3237918019294739
vt 0.25 0.3237918019294739
vt 0.25 0.6762081980705261
vt 0.08810409903526306 0.5
vt 1.0881041288375854 0.5
vt 1 0.8237918019294739
vt 0.9118959307670593 0.5
vn -0.5773502691896257 0.5773502691896257 0.5773502691896257
vn -0.5773502691896257 0.5773502691896257 0.5773502691896257
vn -0.5773502691896257 0.5773502691896257 0.5773502691896257
vn 0 0.9341723685930928 0.35682206456043414
vn 0 0.9341723685930928 0.35682206456043414
vn 0 0.9341723685930928 0.35682206456043414
vn 0 0.9341723685930928 -0.35682206456043414
vn 0 0.9341723685930928 -0.35682206456043414
vn 0 0.9341723685930928 -0.35682206456043414
vn -0.5773502691896257 0.5773502691896257 -0.5773502691896257
vn -0.5773502691896257 0.5773502691896257 -0.5773502691896257
vn -0.5773502691896257 0.5773502691896257 -0.5773502691896257
vn -0.9341723685930928 0.35682206456043414 0
vn -0.9341723685930928 0.35682206456043414 0
vn -0.9341723685930928 0.35682206456043414 0
vn 0.5773502691896257 0.5773502691896257 0.5773502691896257
vn 0.5773502691896257 0.5773502691896257 0.5773502691896257
vn 0.5773502691896257 0.5773502691896257 0.5773502691896257
vn -0.35682206456043414 0 0.9341723685930928
vn -0.35682206456043414 0 0.9341723685930928
vn -0.35682206456043414 0 0.9341723685930928
vn -0.9341723685930928 -0.35682206456043414 0
vn -0.9341723685930928 -0.35682206456043414 0
vn -0.9341723685930928 -0.35682206456043414 0
vn -0.35682206456043414 0 -0.9341723685930928
vn -0.35682206456043414 0 -0.9341723685930928
vn -0.35682206456043414 0 -0.9341723685930928
vn 0.5773502691896257 0.5773502691896257 -0.5773502691896257
vn 0.5773502691896257 0.5773502691896257 -0.5773502691896257
vn 0.5773502691896257 0.5773502691896257 -0.5773502691896257
vn 0.5773502691896257 -0.5773502691896257 0.5773502691896257
vn 0.5773502691896257 -0.5773502691896257 0.5773502691896257
vn 0.5773502691896257 -0.5773502691896257 0.5773502691896257
vn 0 -0.9341723685930928 0.35682206456043414
vn 0 -0.9341723685930928 0.35682206456043414
vn 0 -0.9341723685930928 0.35682206456043414
vn 0 -0.9341723685930928 -0.35682206456043414
vn 0 -0.9341723685930928 -0.35682206456043414
vn 0 -0.9341723685930928 -0.35682206456043414
vn 0.5773502691896257 -0.5773502691896257 -0.5773502691896257
vn 0.5773502691896257 -0.5773502691896257 -0.5773502691896257
vn 0.5773502691896257 -0.5773502691896257 -0.5773502691896257
vn 0.9341723685930928 -0.35682206456043414 0
vn 0.9341723685930928 -0.35682206456043414 0
vn 0.9341723685930928 -0.35682206456043414 0
vn 0.35682206456043414 0 0.9341723685930928
vn 0.35682206456043414 0 0.9341723685930928
vn 0.35682206456043414 0 0.9341723685930928
vn -0.5773502691896257 -0.5773502691896257 0.5773502691896257
vn -0.5773502691896257 -0.5773502691896257 0.5773502691896257
vn -0.5773502691896257 -0.5773502691896257 0.5773502691896257
vn -0.5773502691896257 -0.5773502691896257 -0.5773502691896257
vn -0.5773502691896257 -0.5773502691896257 -0.5773502691896257
vn -0.5773502691896257 -0.5773502691896257 -0.5773502691896257
vn 0.35682206456043414 0 -0.9341723685930928
vn 0.35682206456043414 0 -0.9341723685930928
vn 0.35682206456043414 0 -0.9341723685930928
vn 0.9341723685930928 0.35682206456043414 0
vn 0.9341723685930928 0.35682206456043414 0
vn 0.9341723685930928 0.35682206456043414 0
f 425/425/425 426/426/426 427/427/427
f 428/428/428 429/429/429 430/430/430
f 431/431/431 432/432/432 433/433/433
f 434/434/434 435/435/435 436/436/436
f 437/437/437 438/438/438 439/439/439
f 440/440/440 441/441/441 442/442/442
f 443/443/443 444/444/444 445/445/445
f 446/446/446 447/447/447 448/448/448
f 449/449/449 450/450/450 451/451/451
f 452/452/452 453/453/453 454/454/454
f 455/455/455 456/456/456 457/457/457
f 458/458/458 459/459/459 460/460/460
f 461/461/461 462/462/462 463/463/463
f 464/464/464 465/465/465 466/466/466
f 467/467/467 468/468/468 469/469/469
f 470/470/470 471/471/471 472/472/472
f 473/473/473 474/474/474 475/475/475
f 476/476/476 477/477/477 478/478/478
f 479/479/479 480/480/480 481/481/481
f 482/482/482 483/483/483 484/484/484
o collar_rivet
usemtl steelD
v -0.1672067421011092 1.04 0.1600585088587763
v -0.14849242404917495 1.0515660848096013 0.16720674210110922
v -0.16005850885877626 1.0587143180519343 0.14849242404917498
v -0.14849242404917495 1.0515660848096013 0.16720674210110922
v -0.13692633923957365 1.0587143180519343 0.14849242404917498
v -0.16005850885877626 1.0587143180519343 0.14849242404917498
v -0.13692633923957365 1.0587143180519343 0.14849242404917498
v -0.14849242404917495 1.0515660848096013 0.12977810599724074
v -0.16005850885877626 1.0587143180519343 0.14849242404917498
v -0.14849242404917495 1.0515660848096013 0.12977810599724074
v -0.1672067421011092 1.04 0.13692633923957367
v -0.16005850885877626 1.0587143180519343 0.14849242404917498
v -0.1672067421011092 1.04 0.13692633923957367
v -0.1672067421011092 1.04 0.1600585088587763
v -0.16005850885877626 1.0587143180519343 0.14849242404917498
v -0.14849242404917495 1.0515660848096013 0.16720674210110922
v -0.1297781059972407 1.04 0.1600585088587763
v -0.13692633923957365 1.0587143180519343 0.14849242404917498
v -0.1672067421011092 1.04 0.1600585088587763
v -0.14849242404917495 1.0284339151903987 0.16720674210110922
v -0.14849242404917495 1.0515660848096013 0.16720674210110922
v -0.1672067421011092 1.04 0.13692633923957367
v -0.16005850885877626 1.0212856819480658 0.14849242404917498
v -0.1672067421011092 1.04 0.1600585088587763
v -0.14849242404917495 1.0515660848096013 0.12977810599724074
v -0.14849242404917495 1.0284339151903987 0.12977810599724074
v -0.1672067421011092 1.04 0.13692633923957367
v -0.13692633923957365 1.0587143180519343 0.14849242404917498
v -0.1297781059972407 1.04 0.13692633923957367
v -0.14849242404917495 1.0515660848096013 0.12977810599724074
v -0.1297781059972407 1.04 0.1600585088587763
v -0.14849242404917495 1.0284339151903987 0.16720674210110922
v -0.13692633923957365 1.0212856819480658 0.14849242404917498
v -0.14849242404917495 1.0284339151903987 0.16720674210110922
v -0.16005850885877626 1.0212856819480658 0.14849242404917498
v -0.13692633923957365 1.0212856819480658 0.14849242404917498
v -0.16005850885877626 1.0212856819480658 0.14849242404917498
v -0.14849242404917495 1.0284339151903987 0.12977810599724074
v -0.13692633923957365 1.0212856819480658 0.14849242404917498
v -0.14849242404917495 1.0284339151903987 0.12977810599724074
v -0.1297781059972407 1.04 0.13692633923957367
v -0.13692633923957365 1.0212856819480658 0.14849242404917498
v -0.1297781059972407 1.04 0.13692633923957367
v -0.1297781059972407 1.04 0.1600585088587763
v -0.13692633923957365 1.0212856819480658 0.14849242404917498
v -0.1297781059972407 1.04 0.1600585088587763
v -0.14849242404917495 1.0515660848096013 0.16720674210110922
v -0.14849242404917495 1.0284339151903987 0.16720674210110922
v -0.14849242404917495 1.0284339151903987 0.16720674210110922
v -0.1672067421011092 1.04 0.1600585088587763
v -0.16005850885877626 1.0212856819480658 0.14849242404917498
v -0.16005850885877626 1.0212856819480658 0.14849242404917498
v -0.1672067421011092 1.04 0.13692633923957367
v -0.14849242404917495 1.0284339151903987 0.12977810599724074
v -0.14849242404917495 1.0284339151903987 0.12977810599724074
v -0.14849242404917495 1.0515660848096013 0.12977810599724074
v -0.1297781059972407 1.04 0.13692633923957367
v -0.1297781059972407 1.04 0.13692633923957367
v -0.13692633923957365 1.0587143180519343 0.14849242404917498
v -0.1297781059972407 1.04 0.1600585088587763
vt 0.5881040692329407 0.5
vt 0.75 0.6762081980705261
vt 0.5 0.8237918019294739
vt 0.75 0.6762081980705261
vt 1 0.8237918019294739
vt 0.5 0.8237918019294739
vt 0 0.8237918019294739
vt 0.25 0.6762081980705261
vt 0.5 0.8237918019294739
vt 0.25 0.6762081980705261
vt 0.41189590096473694 0.5
vt 0.5 0.8237918019294739
vt 0.41189590096473694 0.5
vt 0.5881040692329407 0.5
vt 0.5 0.8237918019294739
vt 0.75 0.6762081980705261
vt 0.9118959307670593 0.5
vt 1 0.8237918019294739
vt 0.5881040692329407 0.5
vt 0.75 0.3237918019294739
vt 0.75 0.6762081980705261
vt 0.41189590096473694 0.5
vt 0.5 0.17620819807052612
vt 0.5881040692329407 0.5
vt 0.25 0.6762081980705261
vt 0.25 0.3237918019294739
vt 0.41189590096473694 0.5
vt 0 0.8237918019294739
vt 0.08810409903526306 0.5
vt 0.25 0.6762081980705261
vt 0.9118959307670593 0.5
vt 0.75 0.3237918019294739
vt 1 0.17620819807052612
vt 0.75 0.3237918019294739
vt 0.5 0.17620819807052612
vt 1 0.17620819807052612
vt 0.5 0.17620819807052612
vt 0.25 0.3237918019294739
vt 0 0.17620819807052612
vt 0.25 0.3237918019294739
vt 0.08810409903526306 0.5
vt 0 0.17620819807052612
vt 1.0881041288375854 0.5
vt 0.9118959307670593 0.5
vt 1 0.17620819807052612
vt 0.9118959307670593 0.5
vt 0.75 0.6762081980705261
vt 0.75 0.3237918019294739
vt 0.75 0.3237918019294739
vt 0.5881040692329407 0.5
vt 0.5 0.17620819807052612
vt 0.5 0.17620819807052612
vt 0.41189590096473694 0.5
vt 0.25 0.3237918019294739
vt 0.25 0.3237918019294739
vt 0.25 0.6762081980705261
vt 0.08810409903526306 0.5
vt 1.0881041288375854 0.5
vt 1 0.8237918019294739
vt 0.9118959307670593 0.5
vn -0.5773502691896257 0.5773502691896257 0.5773502691896257
vn -0.5773502691896257 0.5773502691896257 0.5773502691896257
vn -0.5773502691896257 0.5773502691896257 0.5773502691896257
vn 0 0.9341723685930928 0.35682206456043414
vn 0 0.9341723685930928 0.35682206456043414
vn 0 0.9341723685930928 0.35682206456043414
vn 0 0.9341723685930928 -0.35682206456043414
vn 0 0.9341723685930928 -0.35682206456043414
vn 0 0.9341723685930928 -0.35682206456043414
vn -0.5773502691896257 0.5773502691896257 -0.5773502691896257
vn -0.5773502691896257 0.5773502691896257 -0.5773502691896257
vn -0.5773502691896257 0.5773502691896257 -0.5773502691896257
vn -0.9341723685930928 0.35682206456043414 0
vn -0.9341723685930928 0.35682206456043414 0
vn -0.9341723685930928 0.35682206456043414 0
vn 0.5773502691896257 0.5773502691896257 0.5773502691896257
vn 0.5773502691896257 0.5773502691896257 0.5773502691896257
vn 0.5773502691896257 0.5773502691896257 0.5773502691896257
vn -0.35682206456043414 0 0.9341723685930928
vn -0.35682206456043414 0 0.9341723685930928
vn -0.35682206456043414 0 0.9341723685930928
vn -0.9341723685930928 -0.35682206456043414 0
vn -0.9341723685930928 -0.35682206456043414 0
vn -0.9341723685930928 -0.35682206456043414 0
vn -0.35682206456043414 0 -0.9341723685930928
vn -0.35682206456043414 0 -0.9341723685930928
vn -0.35682206456043414 0 -0.9341723685930928
vn 0.5773502691896257 0.5773502691896257 -0.5773502691896257
vn 0.5773502691896257 0.5773502691896257 -0.5773502691896257
vn 0.5773502691896257 0.5773502691896257 -0.5773502691896257
vn 0.5773502691896257 -0.5773502691896257 0.5773502691896257
vn 0.5773502691896257 -0.5773502691896257 0.5773502691896257
vn 0.5773502691896257 -0.5773502691896257 0.5773502691896257
vn 0 -0.9341723685930928 0.35682206456043414
vn 0 -0.9341723685930928 0.35682206456043414
vn 0 -0.9341723685930928 0.35682206456043414
vn 0 -0.9341723685930928 -0.35682206456043414
vn 0 -0.9341723685930928 -0.35682206456043414
vn 0 -0.9341723685930928 -0.35682206456043414
vn 0.5773502691896257 -0.5773502691896257 -0.5773502691896257
vn 0.5773502691896257 -0.5773502691896257 -0.5773502691896257
vn 0.5773502691896257 -0.5773502691896257 -0.5773502691896257
vn 0.9341723685930928 -0.35682206456043414 0
vn 0.9341723685930928 -0.35682206456043414 0
vn 0.9341723685930928 -0.35682206456043414 0
vn 0.35682206456043414 0 0.9341723685930928
vn 0.35682206456043414 0 0.9341723685930928
vn 0.35682206456043414 0 0.9341723685930928
vn -0.5773502691896257 -0.5773502691896257 0.5773502691896257
vn -0.5773502691896257 -0.5773502691896257 0.5773502691896257
vn -0.5773502691896257 -0.5773502691896257 0.5773502691896257
vn -0.5773502691896257 -0.5773502691896257 -0.5773502691896257
vn -0.5773502691896257 -0.5773502691896257 -0.5773502691896257
vn -0.5773502691896257 -0.5773502691896257 -0.5773502691896257
vn 0.35682206456043414 0 -0.9341723685930928
vn 0.35682206456043414 0 -0.9341723685930928
vn 0.35682206456043414 0 -0.9341723685930928
vn 0.9341723685930928 0.35682206456043414 0
vn 0.9341723685930928 0.35682206456043414 0
vn 0.9341723685930928 0.35682206456043414 0
f 485/485/485 486/486/486 487/487/487
f 488/488/488 489/489/489 490/490/490
f 491/491/491 492/492/492 493/493/493
f 494/494/494 495/495/495 496/496/496
f 497/497/497 498/498/498 499/499/499
f 500/500/500 501/501/501 502/502/502
f 503/503/503 504/504/504 505/505/505
f 506/506/506 507/507/507 508/508/508
f 509/509/509 510/510/510 511/511/511
f 512/512/512 513/513/513 514/514/514
f 515/515/515 516/516/516 517/517/517
f 518/518/518 519/519/519 520/520/520
f 521/521/521 522/522/522 523/523/523
f 524/524/524 525/525/525 526/526/526
f 527/527/527 528/528/528 529/529/529
f 530/530/530 531/531/531 532/532/532
f 533/533/533 534/534/534 535/535/535
f 536/536/536 537/537/537 538/538/538
f 539/539/539 540/540/540 541/541/541
f 542/542/542 543/543/543 544/544/544
o collar_rivet
usemtl steelD
v -0.22871431805193423 1.04 0.011566084809601333
v -0.21 1.0515660848096013 0.018714318051934267
v -0.2215660848096013 1.0587143180519343 2.5717582782094416e-17
v -0.21 1.0515660848096013 0.018714318051934267
v -0.19843391519039869 1.0587143180519343 2.5717582782094416e-17
v -0.2215660848096013 1.0587143180519343 2.5717582782094416e-17
v -0.19843391519039869 1.0587143180519343 2.5717582782094416e-17
v -0.21 1.0515660848096013 -0.018714318051934218
v -0.2215660848096013 1.0587143180519343 2.5717582782094416e-17
v -0.21 1.0515660848096013 -0.018714318051934218
v -0.22871431805193423 1.04 -0.011566084809601281
v -0.2215660848096013 1.0587143180519343 2.5717582782094416e-17
v -0.22871431805193423 1.04 -0.011566084809601281
v -0.22871431805193423 1.04 0.011566084809601333
v -0.2215660848096013 1.0587143180519343 2.5717582782094416e-17
v -0.21 1.0515660848096013 0.018714318051934267
v -0.19128568194806575 1.04 0.011566084809601333
v -0.19843391519039869 1.0587143180519343 2.5717582782094416e-17
v -0.22871431805193423 1.04 0.011566084809601333
v -0.21 1.0284339151903987 0.018714318051934267
v -0.21 1.0515660848096013 0.018714318051934267
v -0.22871431805193423 1.04 -0.011566084809601281
v -0.2215660848096013 1.0212856819480658 2.5717582782094416e-17
v -0.22871431805193423 1.04 0.011566084809601333
v -0.21 1.0515660848096013 -0.018714318051934218
v -0.21 1.0284339151903987 -0.018714318051934218
v -0.22871431805193423 1.04 -0.011566084809601281
v -0.19843391519039869 1.0587143180519343 2.5717582782094416e-17
v -0.19128568194806575 1.04 -0.011566084809601281
v -0.21 1.0515660848096013 -0.018714318051934218
v -0.19128568194806575 1.04 0.011566084809601333
v -0.21 1.0284339151903987 0.018714318051934267
v -0.19843391519039869 1.0212856819480658 2.5717582782094416e-17
v -0.21 1.0284339151903987 0.018714318051934267
v -0.2215660848096013 1.0212856819480658 2.5717582782094416e-17
v -0.19843391519039869 1.0212856819480658 2.5717582782094416e-17
v -0.2215660848096013 1.0212856819480658 2.5717582782094416e-17
v -0.21 1.0284339151903987 -0.018714318051934218
v -0.19843391519039869 1.0212856819480658 2.5717582782094416e-17
v -0.21 1.0284339151903987 -0.018714318051934218
v -0.19128568194806575 1.04 -0.011566084809601281
v -0.19843391519039869 1.0212856819480658 2.5717582782094416e-17
v -0.19128568194806575 1.04 -0.011566084809601281
v -0.19128568194806575 1.04 0.011566084809601333
v -0.19843391519039869 1.0212856819480658 2.5717582782094416e-17
v -0.19128568194806575 1.04 0.011566084809601333
v -0.21 1.0515660848096013 0.018714318051934267
v -0.21 1.0284339151903987 0.018714318051934267
v -0.21 1.0284339151903987 0.018714318051934267
v -0.22871431805193423 1.04 0.011566084809601333
v -0.2215660848096013 1.0212856819480658 2.5717582782094416e-17
v -0.2215660848096013 1.0212856819480658 2.5717582782094416e-17
v -0.22871431805193423 1.04 -0.011566084809601281
v -0.21 1.0284339151903987 -0.018714318051934218
v -0.21 1.0284339151903987 -0.018714318051934218
v -0.21 1.0515660848096013 -0.018714318051934218
v -0.19128568194806575 1.04 -0.011566084809601281
v -0.19128568194806575 1.04 -0.011566084809601281
v -0.19843391519039869 1.0587143180519343 2.5717582782094416e-17
v -0.19128568194806575 1.04 0.011566084809601333
vt 0.5881040692329407 0.5
vt 0.75 0.6762081980705261
vt 0.5 0.8237918019294739
vt 0.75 0.6762081980705261
vt 1 0.8237918019294739
vt 0.5 0.8237918019294739
vt 0 0.8237918019294739
vt 0.25 0.6762081980705261
vt 0.5 0.8237918019294739
vt 0.25 0.6762081980705261
vt 0.41189590096473694 0.5
vt 0.5 0.8237918019294739
vt 0.41189590096473694 0.5
vt 0.5881040692329407 0.5
vt 0.5 0.8237918019294739
vt 0.75 0.6762081980705261
vt 0.9118959307670593 0.5
vt 1 0.8237918019294739
vt 0.5881040692329407 0.5
vt 0.75 0.3237918019294739
vt 0.75 0.6762081980705261
vt 0.41189590096473694 0.5
vt 0.5 0.17620819807052612
vt 0.5881040692329407 0.5
vt 0.25 0.6762081980705261
vt 0.25 0.3237918019294739
vt 0.41189590096473694 0.5
vt 0 0.8237918019294739
vt 0.08810409903526306 0.5
vt 0.25 0.6762081980705261
vt 0.9118959307670593 0.5
vt 0.75 0.3237918019294739
vt 1 0.17620819807052612
vt 0.75 0.3237918019294739
vt 0.5 0.17620819807052612
vt 1 0.17620819807052612
vt 0.5 0.17620819807052612
vt 0.25 0.3237918019294739
vt 0 0.17620819807052612
vt 0.25 0.3237918019294739
vt 0.08810409903526306 0.5
vt 0 0.17620819807052612
vt 1.0881041288375854 0.5
vt 0.9118959307670593 0.5
vt 1 0.17620819807052612
vt 0.9118959307670593 0.5
vt 0.75 0.6762081980705261
vt 0.75 0.3237918019294739
vt 0.75 0.3237918019294739
vt 0.5881040692329407 0.5
vt 0.5 0.17620819807052612
vt 0.5 0.17620819807052612
vt 0.41189590096473694 0.5
vt 0.25 0.3237918019294739
vt 0.25 0.3237918019294739
vt 0.25 0.6762081980705261
vt 0.08810409903526306 0.5
vt 1.0881041288375854 0.5
vt 1 0.8237918019294739
vt 0.9118959307670593 0.5
vn -0.5773502691896257 0.5773502691896257 0.5773502691896257
vn -0.5773502691896257 0.5773502691896257 0.5773502691896257
vn -0.5773502691896257 0.5773502691896257 0.5773502691896257
vn 0 0.9341723685930928 0.35682206456043414
vn 0 0.9341723685930928 0.35682206456043414
vn 0 0.9341723685930928 0.35682206456043414
vn 0 0.9341723685930928 -0.35682206456043414
vn 0 0.9341723685930928 -0.35682206456043414
vn 0 0.9341723685930928 -0.35682206456043414
vn -0.5773502691896257 0.5773502691896257 -0.5773502691896257
vn -0.5773502691896257 0.5773502691896257 -0.5773502691896257
vn -0.5773502691896257 0.5773502691896257 -0.5773502691896257
vn -0.9341723685930928 0.35682206456043414 0
vn -0.9341723685930928 0.35682206456043414 0
vn -0.9341723685930928 0.35682206456043414 0
vn 0.5773502691896257 0.5773502691896257 0.5773502691896257
vn 0.5773502691896257 0.5773502691896257 0.5773502691896257
vn 0.5773502691896257 0.5773502691896257 0.5773502691896257
vn -0.35682206456043414 0 0.9341723685930928
vn -0.35682206456043414 0 0.9341723685930928
vn -0.35682206456043414 0 0.9341723685930928
vn -0.9341723685930928 -0.35682206456043414 0
vn -0.9341723685930928 -0.35682206456043414 0
vn -0.9341723685930928 -0.35682206456043414 0
vn -0.35682206456043414 0 -0.9341723685930928
vn -0.35682206456043414 0 -0.9341723685930928
vn -0.35682206456043414 0 -0.9341723685930928
vn 0.5773502691896257 0.5773502691896257 -0.5773502691896257
vn 0.5773502691896257 0.5773502691896257 -0.5773502691896257
vn 0.5773502691896257 0.5773502691896257 -0.5773502691896257
vn 0.5773502691896257 -0.5773502691896257 0.5773502691896257
vn 0.5773502691896257 -0.5773502691896257 0.5773502691896257
vn 0.5773502691896257 -0.5773502691896257 0.5773502691896257
vn 0 -0.9341723685930928 0.35682206456043414
vn 0 -0.9341723685930928 0.35682206456043414
vn 0 -0.9341723685930928 0.35682206456043414
vn 0 -0.9341723685930928 -0.35682206456043414
vn 0 -0.9341723685930928 -0.35682206456043414
vn 0 -0.9341723685930928 -0.35682206456043414
vn 0.5773502691896257 -0.5773502691896257 -0.5773502691896257
vn 0.5773502691896257 -0.5773502691896257 -0.5773502691896257
vn 0.5773502691896257 -0.5773502691896257 -0.5773502691896257
vn 0.9341723685930928 -0.35682206456043414 0
vn 0.9341723685930928 -0.35682206456043414 0
vn 0.9341723685930928 -0.35682206456043414 0
vn 0.35682206456043414 0 0.9341723685930928
vn 0.35682206456043414 0 0.9341723685930928
vn 0.35682206456043414 0 0.9341723685930928
vn -0.5773502691896257 -0.5773502691896257 0.5773502691896257
vn -0.5773502691896257 -0.5773502691896257 0.5773502691896257
vn -0.5773502691896257 -0.5773502691896257 0.5773502691896257
vn -0.5773502691896257 -0.5773502691896257 -0.5773502691896257
vn -0.5773502691896257 -0.5773502691896257 -0.5773502691896257
vn -0.5773502691896257 -0.5773502691896257 -0.5773502691896257
vn 0.35682206456043414 0 -0.9341723685930928
vn 0.35682206456043414 0 -0.9341723685930928
vn 0.35682206456043414 0 -0.9341723685930928
vn 0.9341723685930928 0.35682206456043414 0
vn 0.9341723685930928 0.35682206456043414 0
vn 0.9341723685930928 0.35682206456043414 0
f 545/545/545 546/546/546 547/547/547
f 548/548/548 549/549/549 550/550/550
f 551/551/551 552/552/552 553/553/553
f 554/554/554 555/555/555 556/556/556
f 557/557/557 558/558/558 559/559/559
f 560/560/560 561/561/561 562/562/562
f 563/563/563 564/564/564 565/565/565
f 566/566/566 567/567/567 568/568/568
f 569/569/569 570/570/570 571/571/571
f 572/572/572 573/573/573 574/574/574
f 575/575/575 576/576/576 577/577/577
f 578/578/578 579/579/579 580/580/580
f 581/581/581 582/582/582 583/583/583
f 584/584/584 585/585/585 586/586/586
f 587/587/587 588/588/588 589/589/589
f 590/590/590 591/591/591 592/592/592
f 593/593/593 594/594/594 595/595/595
f 596/596/596 597/597/597 598/598/598
f 599/599/599 600/600/600 601/601/601
f 602/602/602 603/603/603 604/604/604
o collar_rivet
usemtl steelD
v -0.16720674210110925 1.04 -0.13692633923957365
v -0.148492424049175 1.0515660848096013 -0.1297781059972407
v -0.16005850885877632 1.0587143180519343 -0.14849242404917495
v -0.148492424049175 1.0515660848096013 -0.1297781059972407
v -0.1369263392395737 1.0587143180519343 -0.14849242404917495
v -0.16005850885877632 1.0587143180519343 -0.14849242404917495
v -0.1369263392395737 1.0587143180519343 -0.14849242404917495
v -0.148492424049175 1.0515660848096013 -0.1672067421011092
v -0.16005850885877632 1.0587143180519343 -0.14849242404917495
v -0.148492424049175 1.0515660848096013 -0.1672067421011092
v -0.16720674210110925 1.04 -0.16005850885877626
v -0.16005850885877632 1.0587143180519343 -0.14849242404917495
v -0.16720674210110925 1.04 -0.16005850885877626
v -0.16720674210110925 1.04 -0.13692633923957365
v -0.16005850885877632 1.0587143180519343 -0.14849242404917495
v -0.148492424049175 1.0515660848096013 -0.1297781059972407
v -0.12977810599724077 1.04 -0.13692633923957365
v -0.1369263392395737 1.0587143180519343 -0.14849242404917495
v -0.16720674210110925 1.04 -0.13692633923957365
v -0.148492424049175 1.0284339151903987 -0.1297781059972407
v -0.148492424049175 1.0515660848096013 -0.1297781059972407
v -0.16720674210110925 1.04 -0.16005850885877626
v -0.16005850885877632 1.0212856819480658 -0.14849242404917495
v -0.16720674210110925 1.04 -0.13692633923957365
v -0.148492424049175 1.0515660848096013 -0.1672067421011092
v -0.148492424049175 1.0284339151903987 -0.1672067421011092
v -0.16720674210110925 1.04 -0.16005850885877626
v -0.1369263392395737 1.0587143180519343 -0.14849242404917495
v -0.12977810599724077 1.04 -0.16005850885877626
v -0.148492424049175 1.0515660848096013 -0.1672067421011092
v -0.12977810599724077 1.04 -0.13692633923957365
v -0.148492424049175 1.0284339151903987 -0.1297781059972407
v -0.1369263392395737 1.0212856819480658 -0.14849242404917495
v -0.148492424049175 1.0284339151903987 -0.1297781059972407
v -0.16005850885877632 1.0212856819480658 -0.14849242404917495
v -0.1369263392395737 1.0212856819480658 -0.14849242404917495
v -0.16005850885877632 1.0212856819480658 -0.14849242404917495
v -0.148492424049175 1.0284339151903987 -0.1672067421011092
v -0.1369263392395737 1.0212856819480658 -0.14849242404917495
v -0.148492424049175 1.0284339151903987 -0.1672067421011092
v -0.12977810599724077 1.04 -0.16005850885877626
v -0.1369263392395737 1.0212856819480658 -0.14849242404917495
v -0.12977810599724077 1.04 -0.16005850885877626
v -0.12977810599724077 1.04 -0.13692633923957365
v -0.1369263392395737 1.0212856819480658 -0.14849242404917495
v -0.12977810599724077 1.04 -0.13692633923957365
v -0.148492424049175 1.0515660848096013 -0.1297781059972407
v -0.148492424049175 1.0284339151903987 -0.1297781059972407
v -0.148492424049175 1.0284339151903987 -0.1297781059972407
v -0.16720674210110925 1.04 -0.13692633923957365
v -0.16005850885877632 1.0212856819480658 -0.14849242404917495
v -0.16005850885877632 1.0212856819480658 -0.14849242404917495
v -0.16720674210110925 1.04 -0.16005850885877626
v -0.148492424049175 1.0284339151903987 -0.1672067421011092
v -0.148492424049175 1.0284339151903987 -0.1672067421011092
v -0.148492424049175 1.0515660848096013 -0.1672067421011092
v -0.12977810599724077 1.04 -0.16005850885877626
v -0.12977810599724077 1.04 -0.16005850885877626
v -0.1369263392395737 1.0587143180519343 -0.14849242404917495
v -0.12977810599724077 1.04 -0.13692633923957365
vt 0.5881040692329407 0.5
vt 0.75 0.6762081980705261
vt 0.5 0.8237918019294739
vt 0.75 0.6762081980705261
vt 1 0.8237918019294739
vt 0.5 0.8237918019294739
vt 0 0.8237918019294739
vt 0.25 0.6762081980705261
vt 0.5 0.8237918019294739
vt 0.25 0.6762081980705261
vt 0.41189590096473694 0.5
vt 0.5 0.8237918019294739
vt 0.41189590096473694 0.5
vt 0.5881040692329407 0.5
vt 0.5 0.8237918019294739
vt 0.75 0.6762081980705261
vt 0.9118959307670593 0.5
vt 1 0.8237918019294739
vt 0.5881040692329407 0.5
vt 0.75 0.3237918019294739
vt 0.75 0.6762081980705261
vt 0.41189590096473694 0.5
vt 0.5 0.17620819807052612
vt 0.5881040692329407 0.5
vt 0.25 0.6762081980705261
vt 0.25 0.3237918019294739
vt 0.41189590096473694 0.5
vt 0 0.8237918019294739
vt 0.08810409903526306 0.5
vt 0.25 0.6762081980705261
vt 0.9118959307670593 0.5
vt 0.75 0.3237918019294739
vt 1 0.17620819807052612
vt 0.75 0.3237918019294739
vt 0.5 0.17620819807052612
vt 1 0.17620819807052612
vt 0.5 0.17620819807052612
vt 0.25 0.3237918019294739
vt 0 0.17620819807052612
vt 0.25 0.3237918019294739
vt 0.08810409903526306 0.5
vt 0 0.17620819807052612
vt 1.0881041288375854 0.5
vt 0.9118959307670593 0.5
vt 1 0.17620819807052612
vt 0.9118959307670593 0.5
vt 0.75 0.6762081980705261
vt 0.75 0.3237918019294739
vt 0.75 0.3237918019294739
vt 0.5881040692329407 0.5
vt 0.5 0.17620819807052612
vt 0.5 0.17620819807052612
vt 0.41189590096473694 0.5
vt 0.25 0.3237918019294739
vt 0.25 0.3237918019294739
vt 0.25 0.6762081980705261
vt 0.08810409903526306 0.5
vt 1.0881041288375854 0.5
vt 1 0.8237918019294739
vt 0.9118959307670593 0.5
vn -0.5773502691896257 0.5773502691896257 0.5773502691896257
vn -0.5773502691896257 0.5773502691896257 0.5773502691896257
vn -0.5773502691896257 0.5773502691896257 0.5773502691896257
vn 0 0.9341723685930928 0.35682206456043414
vn 0 0.9341723685930928 0.35682206456043414
vn 0 0.9341723685930928 0.35682206456043414
vn 0 0.9341723685930928 -0.35682206456043414
vn 0 0.9341723685930928 -0.35682206456043414
vn 0 0.9341723685930928 -0.35682206456043414
vn -0.5773502691896257 0.5773502691896257 -0.5773502691896257
vn -0.5773502691896257 0.5773502691896257 -0.5773502691896257
vn -0.5773502691896257 0.5773502691896257 -0.5773502691896257
vn -0.9341723685930928 0.35682206456043414 0
vn -0.9341723685930928 0.35682206456043414 0
vn -0.9341723685930928 0.35682206456043414 0
vn 0.5773502691896257 0.5773502691896257 0.5773502691896257
vn 0.5773502691896257 0.5773502691896257 0.5773502691896257
vn 0.5773502691896257 0.5773502691896257 0.5773502691896257
vn -0.35682206456043414 0 0.9341723685930928
vn -0.35682206456043414 0 0.9341723685930928
vn -0.35682206456043414 0 0.9341723685930928
vn -0.9341723685930928 -0.35682206456043414 0
vn -0.9341723685930928 -0.35682206456043414 0
vn -0.9341723685930928 -0.35682206456043414 0
vn -0.35682206456043414 0 -0.9341723685930928
vn -0.35682206456043414 0 -0.9341723685930928
vn -0.35682206456043414 0 -0.9341723685930928
vn 0.5773502691896257 0.5773502691896257 -0.5773502691896257
vn 0.5773502691896257 0.5773502691896257 -0.5773502691896257
vn 0.5773502691896257 0.5773502691896257 -0.5773502691896257
vn 0.5773502691896257 -0.5773502691896257 0.5773502691896257
vn 0.5773502691896257 -0.5773502691896257 0.5773502691896257
vn 0.5773502691896257 -0.5773502691896257 0.5773502691896257
vn 0 -0.9341723685930928 0.35682206456043414
vn 0 -0.9341723685930928 0.35682206456043414
vn 0 -0.9341723685930928 0.35682206456043414
vn 0 -0.9341723685930928 -0.35682206456043414
vn 0 -0.9341723685930928 -0.35682206456043414
vn 0 -0.9341723685930928 -0.35682206456043414
vn 0.5773502691896257 -0.5773502691896257 -0.5773502691896257
vn 0.5773502691896257 -0.5773502691896257 -0.5773502691896257
vn 0.5773502691896257 -0.5773502691896257 -0.5773502691896257
vn 0.9341723685930928 -0.35682206456043414 0
vn 0.9341723685930928 -0.35682206456043414 0
vn 0.9341723685930928 -0.35682206456043414 0
vn 0.35682206456043414 0 0.9341723685930928
vn 0.35682206456043414 0 0.9341723685930928
vn 0.35682206456043414 0 0.9341723685930928
vn -0.5773502691896257 -0.5773502691896257 0.5773502691896257
vn -0.5773502691896257 -0.5773502691896257 0.5773502691896257
vn -0.5773502691896257 -0.5773502691896257 0.5773502691896257
vn -0.5773502691896257 -0.5773502691896257 -0.5773502691896257
vn -0.5773502691896257 -0.5773502691896257 -0.5773502691896257
vn -0.5773502691896257 -0.5773502691896257 -0.5773502691896257
vn 0.35682206456043414 0 -0.9341723685930928
vn 0.35682206456043414 0 -0.9341723685930928
vn 0.35682206456043414 0 -0.9341723685930928
vn 0.9341723685930928 0.35682206456043414 0
vn 0.9341723685930928 0.35682206456043414 0
vn 0.9341723685930928 0.35682206456043414 0
f 605/605/605 606/606/606 607/607/607
f 608/608/608 609/609/609 610/610/610
f 611/611/611 612/612/612 613/613/613
f 614/614/614 615/615/615 616/616/616
f 617/617/617 618/618/618 619/619/619
f 620/620/620 621/621/621 622/622/622
f 623/623/623 624/624/624 625/625/625
f 626/626/626 627/627/627 628/628/628
f 629/629/629 630/630/630 631/631/631
f 632/632/632 633/633/633 634/634/634
f 635/635/635 636/636/636 637/637/637
f 638/638/638 639/639/639 640/640/640
f 641/641/641 642/642/642 643/643/643
f 644/644/644 645/645/645 646/646/646
f 647/647/647 648/648/648 649/649/649
f 650/650/650 651/651/651 652/652/652
f 653/653/653 654/654/654 655/655/655
f 656/656/656 657/657/657 658/658/658
f 659/659/659 660/660/660 661/661/661
f 662/662/662 663/663/663 664/664/664
o collar_rivet
usemtl steelD
v -0.01871431805193428 1.04 -0.19843391519039869
v -3.857637417314162e-17 1.0515660848096013 -0.19128568194806575
v -0.011566084809601345 1.0587143180519343 -0.21
v -3.857637417314162e-17 1.0515660848096013 -0.19128568194806575
v 0.011566084809601269 1.0587143180519343 -0.21
v -0.011566084809601345 1.0587143180519343 -0.21
v 0.011566084809601269 1.0587143180519343 -0.21
v -3.857637417314162e-17 1.0515660848096013 -0.22871431805193423
v -0.011566084809601345 1.0587143180519343 -0.21
v -3.857637417314162e-17 1.0515660848096013 -0.22871431805193423
v -0.01871431805193428 1.04 -0.2215660848096013
v -0.011566084809601345 1.0587143180519343 -0.21
v -0.01871431805193428 1.04 -0.2215660848096013
v -0.01871431805193428 1.04 -0.19843391519039869
v -0.011566084809601345 1.0587143180519343 -0.21
v -3.857637417314162e-17 1.0515660848096013 -0.19128568194806575
v 0.018714318051934204 1.04 -0.19843391519039869
v 0.011566084809601269 1.0587143180519343 -0.21
v -0.01871431805193428 1.04 -0.19843391519039869
v -3.857637417314162e-17 1.0284339151903987 -0.19128568194806575
v -3.857637417314162e-17 1.0515660848096013 -0.19128568194806575
v -0.01871431805193428 1.04 -0.2215660848096013
v -0.011566084809601345 1.0212856819480658 -0.21
v -0.01871431805193428 1.04 -0.19843391519039869
v -3.857637417314162e-17 1.0515660848096013 -0.22871431805193423
v -3.857637417314162e-17 1.0284339151903987 -0.22871431805193423
v -0.01871431805193428 1.04 -0.2215660848096013
v 0.011566084809601269 1.0587143180519343 -0.21
v 0.018714318051934204 1.04 -0.2215660848096013
v -3.857637417314162e-17 1.0515660848096013 -0.22871431805193423
v 0.018714318051934204 1.04 -0.19843391519039869
v -3.857637417314162e-17 1.0284339151903987 -0.19128568194806575
v 0.011566084809601269 1.0212856819480658 -0.21
v -3.857637417314162e-17 1.0284339151903987 -0.19128568194806575
v -0.011566084809601345 1.0212856819480658 -0.21
v 0.011566084809601269 1.0212856819480658 -0.21
v -0.011566084809601345 1.0212856819480658 -0.21
v -3.857637417314162e-17 1.0284339151903987 -0.22871431805193423
v 0.011566084809601269 1.0212856819480658 -0.21
v -3.857637417314162e-17 1.0284339151903987 -0.22871431805193423
v 0.018714318051934204 1.04 -0.2215660848096013
v 0.011566084809601269 1.0212856819480658 -0.21
v 0.018714318051934204 1.04 -0.2215660848096013
v 0.018714318051934204 1.04 -0.19843391519039869
v 0.011566084809601269 1.0212856819480658 -0.21
v 0.018714318051934204 1.04 -0.19843391519039869
v -3.857637417314162e-17 1.0515660848096013 -0.19128568194806575
v -3.857637417314162e-17 1.0284339151903987 -0.19128568194806575
v -3.857637417314162e-17 1.0284339151903987 -0.19128568194806575
v -0.01871431805193428 1.04 -0.19843391519039869
v -0.011566084809601345 1.0212856819480658 -0.21
v -0.011566084809601345 1.0212856819480658 -0.21
v -0.01871431805193428 1.04 -0.2215660848096013
v -3.857637417314162e-17 1.0284339151903987 -0.22871431805193423
v -3.857637417314162e-17 1.0284339151903987 -0.22871431805193423
v -3.857637417314162e-17 1.0515660848096013 -0.22871431805193423
v 0.018714318051934204 1.04 -0.2215660848096013
v 0.018714318051934204 1.04 -0.2215660848096013
v 0.011566084809601269 1.0587143180519343 -0.21
v 0.018714318051934204 1.04 -0.19843391519039869
vt 0.5881040692329407 0.5
vt 0.75 0.6762081980705261
vt 0.5 0.8237918019294739
vt 0.75 0.6762081980705261
vt 1 0.8237918019294739
vt 0.5 0.8237918019294739
vt 0 0.8237918019294739
vt 0.25 0.6762081980705261
vt 0.5 0.8237918019294739
vt 0.25 0.6762081980705261
vt 0.41189590096473694 0.5
vt 0.5 0.8237918019294739
vt 0.41189590096473694 0.5
vt 0.5881040692329407 0.5
vt 0.5 0.8237918019294739
vt 0.75 0.6762081980705261
vt 0.9118959307670593 0.5
vt 1 0.8237918019294739
vt 0.5881040692329407 0.5
vt 0.75 0.3237918019294739
vt 0.75 0.6762081980705261
vt 0.41189590096473694 0.5
vt 0.5 0.17620819807052612
vt 0.5881040692329407 0.5
vt 0.25 0.6762081980705261
vt 0.25 0.3237918019294739
vt 0.41189590096473694 0.5
vt 0 0.8237918019294739
vt 0.08810409903526306 0.5
vt 0.25 0.6762081980705261
vt 0.9118959307670593 0.5
vt 0.75 0.3237918019294739
vt 1 0.17620819807052612
vt 0.75 0.3237918019294739
vt 0.5 0.17620819807052612
vt 1 0.17620819807052612
vt 0.5 0.17620819807052612
vt 0.25 0.3237918019294739
vt 0 0.17620819807052612
vt 0.25 0.3237918019294739
vt 0.08810409903526306 0.5
vt 0 0.17620819807052612
vt 1.0881041288375854 0.5
vt 0.9118959307670593 0.5
vt 1 0.17620819807052612
vt 0.9118959307670593 0.5
vt 0.75 0.6762081980705261
vt 0.75 0.3237918019294739
vt 0.75 0.3237918019294739
vt 0.5881040692329407 0.5
vt 0.5 0.17620819807052612
vt 0.5 0.17620819807052612
vt 0.41189590096473694 0.5
vt 0.25 0.3237918019294739
vt 0.25 0.3237918019294739
vt 0.25 0.6762081980705261
vt 0.08810409903526306 0.5
vt 1.0881041288375854 0.5
vt 1 0.8237918019294739
vt 0.9118959307670593 0.5
vn -0.5773502691896257 0.5773502691896257 0.5773502691896257
vn -0.5773502691896257 0.5773502691896257 0.5773502691896257
vn -0.5773502691896257 0.5773502691896257 0.5773502691896257
vn 0 0.9341723685930928 0.35682206456043414
vn 0 0.9341723685930928 0.35682206456043414
vn 0 0.9341723685930928 0.35682206456043414
vn 0 0.9341723685930928 -0.35682206456043414
vn 0 0.9341723685930928 -0.35682206456043414
vn 0 0.9341723685930928 -0.35682206456043414
vn -0.5773502691896257 0.5773502691896257 -0.5773502691896257
vn -0.5773502691896257 0.5773502691896257 -0.5773502691896257
vn -0.5773502691896257 0.5773502691896257 -0.5773502691896257
vn -0.9341723685930928 0.35682206456043414 0
vn -0.9341723685930928 0.35682206456043414 0
vn -0.9341723685930928 0.35682206456043414 0
vn 0.5773502691896257 0.5773502691896257 0.5773502691896257
vn 0.5773502691896257 0.5773502691896257 0.5773502691896257
vn 0.5773502691896257 0.5773502691896257 0.5773502691896257
vn -0.35682206456043414 0 0.9341723685930928
vn -0.35682206456043414 0 0.9341723685930928
vn -0.35682206456043414 0 0.9341723685930928
vn -0.9341723685930928 -0.35682206456043414 0
vn -0.9341723685930928 -0.35682206456043414 0
vn -0.9341723685930928 -0.35682206456043414 0
vn -0.35682206456043414 0 -0.9341723685930928
vn -0.35682206456043414 0 -0.9341723685930928
vn -0.35682206456043414 0 -0.9341723685930928
vn 0.5773502691896257 0.5773502691896257 -0.5773502691896257
vn 0.5773502691896257 0.5773502691896257 -0.5773502691896257
vn 0.5773502691896257 0.5773502691896257 -0.5773502691896257
vn 0.5773502691896257 -0.5773502691896257 0.5773502691896257
vn 0.5773502691896257 -0.5773502691896257 0.5773502691896257
vn 0.5773502691896257 -0.5773502691896257 0.5773502691896257
vn 0 -0.9341723685930928 0.35682206456043414
vn 0 -0.9341723685930928 0.35682206456043414
vn 0 -0.9341723685930928 0.35682206456043414
vn 0 -0.9341723685930928 -0.35682206456043414
vn 0 -0.9341723685930928 -0.35682206456043414
vn 0 -0.9341723685930928 -0.35682206456043414
vn 0.5773502691896257 -0.5773502691896257 -0.5773502691896257
vn 0.5773502691896257 -0.5773502691896257 -0.5773502691896257
vn 0.5773502691896257 -0.5773502691896257 -0.5773502691896257
vn 0.9341723685930928 -0.35682206456043414 0
vn 0.9341723685930928 -0.35682206456043414 0
vn 0.9341723685930928 -0.35682206456043414 0
vn 0.35682206456043414 0 0.9341723685930928
vn 0.35682206456043414 0 0.9341723685930928
vn 0.35682206456043414 0 0.9341723685930928
vn -0.5773502691896257 -0.5773502691896257 0.5773502691896257
vn -0.5773502691896257 -0.5773502691896257 0.5773502691896257
vn -0.5773502691896257 -0.5773502691896257 0.5773502691896257
vn -0.5773502691896257 -0.5773502691896257 -0.5773502691896257
vn -0.5773502691896257 -0.5773502691896257 -0.5773502691896257
vn -0.5773502691896257 -0.5773502691896257 -0.5773502691896257
vn 0.35682206456043414 0 -0.9341723685930928
vn 0.35682206456043414 0 -0.9341723685930928
vn 0.35682206456043414 0 -0.9341723685930928
vn 0.9341723685930928 0.35682206456043414 0
vn 0.9341723685930928 0.35682206456043414 0
vn 0.9341723685930928 0.35682206456043414 0
f 665/665/665 666/666/666 667/667/667
f 668/668/668 669/669/669 670/670/670
f 671/671/671 672/672/672 673/673/673
f 674/674/674 675/675/675 676/676/676
f 677/677/677 678/678/678 679/679/679
f 680/680/680 681/681/681 682/682/682
f 683/683/683 684/684/684 685/685/685
f 686/686/686 687/687/687 688/688/688
f 689/689/689 690/690/690 691/691/691
f 692/692/692 693/693/693 694/694/694
f 695/695/695 696/696/696 697/697/697
f 698/698/698 699/699/699 700/700/700
f 701/701/701 702/702/702 703/703/703
f 704/704/704 705/705/705 706/706/706
f 707/707/707 708/708/708 709/709/709
f 710/710/710 711/711/711 712/712/712
f 713/713/713 714/714/714 715/715/715
f 716/716/716 717/717/717 718/718/718
f 719/719/719 720/720/720 721/721/721
f 722/722/722 723/723/723 724/724/724
o collar_rivet
usemtl steelD
v 0.12977810599724068 1.04 -0.1369263392395737
v 0.14849242404917493 1.0515660848096013 -0.12977810599724077
v 0.13692633923957362 1.0587143180519343 -0.148492424049175
v 0.14849242404917493 1.0515660848096013 -0.12977810599724077
v 0.16005850885877623 1.0587143180519343 -0.148492424049175
v 0.13692633923957362 1.0587143180519343 -0.148492424049175
v 0.16005850885877623 1.0587143180519343 -0.148492424049175
v 0.14849242404917493 1.0515660848096013 -0.16720674210110925
v 0.13692633923957362 1.0587143180519343 -0.148492424049175
v 0.14849242404917493 1.0515660848096013 -0.16720674210110925
v 0.12977810599724068 1.04 -0.16005850885877632
v 0.13692633923957362 1.0587143180519343 -0.148492424049175
v 0.12977810599724068 1.04 -0.16005850885877632
v 0.12977810599724068 1.04 -0.1369263392395737
v 0.13692633923957362 1.0587143180519343 -0.148492424049175
v 0.14849242404917493 1.0515660848096013 -0.12977810599724077
v 0.16720674210110917 1.04 -0.1369263392395737
v 0.16005850885877623 1.0587143180519343 -0.148492424049175
v 0.12977810599724068 1.04 -0.1369263392395737
v 0.14849242404917493 1.0284339151903987 -0.12977810599724077
v 0.14849242404917493 1.0515660848096013 -0.12977810599724077
v 0.12977810599724068 1.04 -0.16005850885877632
v 0.13692633923957362 1.0212856819480658 -0.148492424049175
v 0.12977810599724068 1.04 -0.1369263392395737
v 0.14849242404917493 1.0515660848096013 -0.16720674210110925
v 0.14849242404917493 1.0284339151903987 -0.16720674210110925
v 0.12977810599724068 1.04 -0.16005850885877632
v 0.16005850885877623 1.0587143180519343 -0.148492424049175
v 0.16720674210110917 1.04 -0.16005850885877632
v 0.14849242404917493 1.0515660848096013 -0.16720674210110925
v 0.16720674210110917 1.04 -0.1369263392395737
v 0.14849242404917493 1.0284339151903987 -0.12977810599724077
v 0.16005850885877623 1.0212856819480658 -0.148492424049175
v 0.14849242404917493 1.0284339151903987 -0.12977810599724077
v 0.13692633923957362 1.0212856819480658 -0.148492424049175
v 0.16005850885877623 1.0212856819480658 -0.148492424049175
v 0.13692633923957362 1.0212856819480658 -0.148492424049175
v 0.14849242404917493 1.0284339151903987 -0.16720674210110925
v 0.16005850885877623 1.0212856819480658 -0.148492424049175
v 0.14849242404917493 1.0284339151903987 -0.16720674210110925
v 0.16720674210110917 1.04 -0.16005850885877632
v 0.16005850885877623 1.0212856819480658 -0.148492424049175
v 0.16720674210110917 1.04 -0.16005850885877632
v 0.16720674210110917 1.04 -0.1369263392395737
v 0.16005850885877623 1.0212856819480658 -0.148492424049175
v 0.16720674210110917 1.04 -0.1369263392395737
v 0.14849242404917493 1.0515660848096013 -0.12977810599724077
v 0.14849242404917493 1.0284339151903987 -0.12977810599724077
v 0.14849242404917493 1.0284339151903987 -0.12977810599724077
v 0.12977810599724068 1.04 -0.1369263392395737
v 0.13692633923957362 1.0212856819480658 -0.148492424049175
v 0.13692633923957362 1.0212856819480658 -0.148492424049175
v 0.12977810599724068 1.04 -0.16005850885877632
v 0.14849242404917493 1.0284339151903987 -0.16720674210110925
v 0.14849242404917493 1.0284339151903987 -0.16720674210110925
v 0.14849242404917493 1.0515660848096013 -0.16720674210110925
v 0.16720674210110917 1.04 -0.16005850885877632
v 0.16720674210110917 1.04 -0.16005850885877632
v 0.16005850885877623 1.0587143180519343 -0.148492424049175
v 0.16720674210110917 1.04 -0.1369263392395737
vt 0.5881040692329407 0.5
vt 0.75 0.6762081980705261
vt 0.5 0.8237918019294739
vt 0.75 0.6762081980705261
vt 1 0.8237918019294739
vt 0.5 0.8237918019294739
vt 0 0.8237918019294739
vt 0.25 0.6762081980705261
vt 0.5 0.8237918019294739
vt 0.25 0.6762081980705261
vt 0.41189590096473694 0.5
vt 0.5 0.8237918019294739
vt 0.41189590096473694 0.5
vt 0.5881040692329407 0.5
vt 0.5 0.8237918019294739
vt 0.75 0.6762081980705261
vt 0.9118959307670593 0.5
vt 1 0.8237918019294739
vt 0.5881040692329407 0.5
vt 0.75 0.3237918019294739
vt 0.75 0.6762081980705261
vt 0.41189590096473694 0.5
vt 0.5 0.17620819807052612
vt 0.5881040692329407 0.5
vt 0.25 0.6762081980705261
vt 0.25 0.3237918019294739
vt 0.41189590096473694 0.5
vt 0 0.8237918019294739
vt 0.08810409903526306 0.5
vt 0.25 0.6762081980705261
vt 0.9118959307670593 0.5
vt 0.75 0.3237918019294739
vt 1 0.17620819807052612
vt 0.75 0.3237918019294739
vt 0.5 0.17620819807052612
vt 1 0.17620819807052612
vt 0.5 0.17620819807052612
vt 0.25 0.3237918019294739
vt 0 0.17620819807052612
vt 0.25 0.3237918019294739
vt 0.08810409903526306 0.5
vt 0 0.17620819807052612
vt 1.0881041288375854 0.5
vt 0.9118959307670593 0.5
vt 1 0.17620819807052612
vt 0.9118959307670593 0.5
vt 0.75 0.6762081980705261
vt 0.75 0.3237918019294739
vt 0.75 0.3237918019294739
vt 0.5881040692329407 0.5
vt 0.5 0.17620819807052612
vt 0.5 0.17620819807052612
vt 0.41189590096473694 0.5
vt 0.25 0.3237918019294739
vt 0.25 0.3237918019294739
vt 0.25 0.6762081980705261
vt 0.08810409903526306 0.5
vt 1.0881041288375854 0.5
vt 1 0.8237918019294739
vt 0.9118959307670593 0.5
vn -0.5773502691896257 0.5773502691896257 0.5773502691896257
vn -0.5773502691896257 0.5773502691896257 0.5773502691896257
vn -0.5773502691896257 0.5773502691896257 0.5773502691896257
vn 0 0.9341723685930928 0.35682206456043414
vn 0 0.9341723685930928 0.35682206456043414
vn 0 0.9341723685930928 0.35682206456043414
vn 0 0.9341723685930928 -0.35682206456043414
vn 0 0.9341723685930928 -0.35682206456043414
vn 0 0.9341723685930928 -0.35682206456043414
vn -0.5773502691896257 0.5773502691896257 -0.5773502691896257
vn -0.5773502691896257 0.5773502691896257 -0.5773502691896257
vn -0.5773502691896257 0.5773502691896257 -0.5773502691896257
vn -0.9341723685930928 0.35682206456043414 0
vn -0.9341723685930928 0.35682206456043414 0
vn -0.9341723685930928 0.35682206456043414 0
vn 0.5773502691896257 0.5773502691896257 0.5773502691896257
vn 0.5773502691896257 0.5773502691896257 0.5773502691896257
vn 0.5773502691896257 0.5773502691896257 0.5773502691896257
vn -0.35682206456043414 0 0.9341723685930928
vn -0.35682206456043414 0 0.9341723685930928
vn -0.35682206456043414 0 0.9341723685930928
vn -0.9341723685930928 -0.35682206456043414 0
vn -0.9341723685930928 -0.35682206456043414 0
vn -0.9341723685930928 -0.35682206456043414 0
vn -0.35682206456043414 0 -0.9341723685930928
vn -0.35682206456043414 0 -0.9341723685930928
vn -0.35682206456043414 0 -0.9341723685930928
vn 0.5773502691896257 0.5773502691896257 -0.5773502691896257
vn 0.5773502691896257 0.5773502691896257 -0.5773502691896257
vn 0.5773502691896257 0.5773502691896257 -0.5773502691896257
vn 0.5773502691896257 -0.5773502691896257 0.5773502691896257
vn 0.5773502691896257 -0.5773502691896257 0.5773502691896257
vn 0.5773502691896257 -0.5773502691896257 0.5773502691896257
vn 0 -0.9341723685930928 0.35682206456043414
vn 0 -0.9341723685930928 0.35682206456043414
vn 0 -0.9341723685930928 0.35682206456043414
vn 0 -0.9341723685930928 -0.35682206456043414
vn 0 -0.9341723685930928 -0.35682206456043414
vn 0 -0.9341723685930928 -0.35682206456043414
vn 0.5773502691896257 -0.5773502691896257 -0.5773502691896257
vn 0.5773502691896257 -0.5773502691896257 -0.5773502691896257
vn 0.5773502691896257 -0.5773502691896257 -0.5773502691896257
vn 0.9341723685930928 -0.35682206456043414 0
vn 0.9341723685930928 -0.35682206456043414 0
vn 0.9341723685930928 -0.35682206456043414 0
vn 0.35682206456043414 0 0.9341723685930928
vn 0.35682206456043414 0 0.9341723685930928
vn 0.35682206456043414 0 0.9341723685930928
vn -0.5773502691896257 -0.5773502691896257 0.5773502691896257
vn -0.5773502691896257 -0.5773502691896257 0.5773502691896257
vn -0.5773502691896257 -0.5773502691896257 0.5773502691896257
vn -0.5773502691896257 -0.5773502691896257 -0.5773502691896257
vn -0.5773502691896257 -0.5773502691896257 -0.5773502691896257
vn -0.5773502691896257 -0.5773502691896257 -0.5773502691896257
vn 0.35682206456043414 0 -0.9341723685930928
vn 0.35682206456043414 0 -0.9341723685930928
vn 0.35682206456043414 0 -0.9341723685930928
vn 0.9341723685930928 0.35682206456043414 0
vn 0.9341723685930928 0.35682206456043414 0
vn 0.9341723685930928 0.35682206456043414 0
f 725/725/725 726/726/726 727/727/727
f 728/728/728 729/729/729 730/730/730
f 731/731/731 732/732/732 733/733/733
f 734/734/734 735/735/735 736/736/736
f 737/737/737 738/738/738 739/739/739
f 740/740/740 741/741/741 742/742/742
f 743/743/743 744/744/744 745/745/745
f 746/746/746 747/747/747 748/748/748
f 749/749/749 750/750/750 751/751/751
f 752/752/752 753/753/753 754/754/754
f 755/755/755 756/756/756 757/757/757
f 758/758/758 759/759/759 760/760/760
f 761/761/761 762/762/762 763/763/763
f 764/764/764 765/765/765 766/766/766
f 767/767/767 768/768/768 769/769/769
f 770/770/770 771/771/771 772/772/772
f 773/773/773 774/774/774 775/775/775
f 776/776/776 777/777/777 778/778/778
f 779/779/779 780/780/780 781/781/781
f 782/782/782 783/783/783 784/784/784
o mouth_grille
usemtl black
v 0 1.0100000047683715 0.3599999993294478
v 0.06499999761581421 1.027416698038578 0.35999999932944776
v 0.11258330196142197 1.0750000023841857 0.35999999932944776
v 0.12999999523162842 1.14 0.35999999932944776
v 0.11258330196142197 1.2049999976158141 0.35999999932944776
v 0.06499999761581421 1.2525833019614219 0.35999999932944776
v 1.5920407760118202e-17 1.2699999952316283 0.3599999993294477
v -0.06499999761581421 1.2525833019614219 0.35999999932944776
v -0.11258330196142197 1.2049999976158141 0.35999999932944776
v -0.12999999523162842 1.14 0.35999999932944776
v -0.11258330196142197 1.0750000023841857 0.35999999932944776
v -0.06499999761581421 1.027416698038578 0.35999999932944776
v -3.1840815520236404e-17 1.0100000047683715 0.3599999993294478
v 0 1.0100000047683715 0.3000000006705523
v 0.06499999761581421 1.027416698038578 0.30000000067055227
v 0.11258330196142197 1.0750000023841857 0.30000000067055227
v 0.12999999523162842 1.14 0.30000000067055227
v 0.11258330196142197 1.2049999976158141 0.30000000067055227
v 0.06499999761581421 1.2525833019614219 0.30000000067055227
v 1.5920407760118202e-17 1.2699999952316283 0.3000000006705522
v -0.06499999761581421 1.2525833019614219 0.30000000067055227
v -0.11258330196142197 1.2049999976158141 0.30000000067055227
v -0.12999999523162842 1.14 0.30000000067055227
v -0.11258330196142197 1.0750000023841857 0.30000000067055227
v -0.06499999761581421 1.027416698038578 0.30000000067055227
v -3.1840815520236404e-17 1.0100000047683715 0.3000000006705523
v 0 1.14 0.35999999932944776
v 0 1.14 0.35999999932944776
v 0 1.14 0.35999999932944776
v 0 1.14 0.35999999932944776
v 0 1.14 0.35999999932944776
v 0 1.14 0.35999999932944776
v 0 1.14 0.35999999932944776
v 0 1.14 0.35999999932944776
v 0 1.14 0.35999999932944776
v 0 1.14 0.35999999932944776
v 0 1.14 0.35999999932944776
v 0 1.14 0.35999999932944776
v 0 1.0100000047683715 0.3599999993294478
v 0.06499999761581421 1.027416698038578 0.35999999932944776
v 0.11258330196142197 1.0750000023841857 0.35999999932944776
v 0.12999999523162842 1.14 0.35999999932944776
v 0.11258330196142197 1.2049999976158141 0.35999999932944776
v 0.06499999761581421 1.2525833019614219 0.35999999932944776
v 1.5920407760118202e-17 1.2699999952316283 0.3599999993294477
v -0.06499999761581421 1.2525833019614219 0.35999999932944776
v -0.11258330196142197 1.2049999976158141 0.35999999932944776
v -0.12999999523162842 1.14 0.35999999932944776
v -0.11258330196142197 1.0750000023841857 0.35999999932944776
v -0.06499999761581421 1.027416698038578 0.35999999932944776
v -3.1840815520236404e-17 1.0100000047683715 0.3599999993294478
v 0 1.14 0.30000000067055227
v 0 1.14 0.30000000067055227
v 0 1.14 0.30000000067055227
v 0 1.14 0.30000000067055227
v 0 1.14 0.30000000067055227
v 0 1.14 0.30000000067055227
v 0 1.14 0.30000000067055227
v 0 1.14 0.30000000067055227
v 0 1.14 0.30000000067055227
v 0 1.14 0.30000000067055227
v 0 1.14 0.30000000067055227
v 0 1.14 0.30000000067055227
v 0 1.0100000047683715 0.3000000006705523
v 0.06499999761581421 1.027416698038578 0.30000000067055227
v 0.11258330196142197 1.0750000023841857 0.30000000067055227
v 0.12999999523162842 1.14 0.30000000067055227
v 0.11258330196142197 1.2049999976158141 0.30000000067055227
v 0.06499999761581421 1.2525833019614219 0.30000000067055227
v 1.5920407760118202e-17 1.2699999952316283 0.3000000006705522
v -0.06499999761581421 1.2525833019614219 0.30000000067055227
v -0.11258330196142197 1.2049999976158141 0.30000000067055227
v -0.12999999523162842 1.14 0.30000000067055227
v -0.11258330196142197 1.0750000023841857 0.30000000067055227
v -0.06499999761581421 1.027416698038578 0.30000000067055227
v -3.1840815520236404e-17 1.0100000047683715 0.3000000006705523
vt 0 1
vt 0.0833333358168602 1
vt 0.1666666716337204 1
vt 0.25 1
vt 0.3333333432674408 1
vt 0.4166666567325592 1
vt 0.5 1
vt 0.5833333134651184 1
vt 0.6666666865348816 1
vt 0.75 1
vt 0.8333333134651184 1
vt 0.9166666865348816 1
vt 1 1
vt 0 0
vt 0.0833333358168602 0
vt 0.1666666716337204 0
vt 0.25 0
vt 0.3333333432674408 0
vt 0.4166666567325592 0
vt 0.5 0
vt 0.5833333134651184 0
vt 0.6666666865348816 0
vt 0.75 0
vt 0.8333333134651184 0
vt 0.9166666865348816 0
vt 1 0
vt 0.5 0.5
vt 0.5 0.5
vt 0.5 0.5
vt 0.5 0.5
vt 0.5 0.5
vt 0.5 0.5
vt 0.5 0.5
vt 0.5 0.5
vt 0.5 0.5
vt 0.5 0.5
vt 0.5 0.5
vt 0.5 0.5
vt 1 0.5
vt 0.9330127239227295 0.75
vt 0.75 0.9330127239227295
vt 0.5 1
vt 0.25 0.9330127239227295
vt 0.0669872984290123 0.75
vt 0 0.5
vt 0.0669872984290123 0.25
vt 0.25 0.0669872984290123
vt 0.5 0
vt 0.75 0.0669872984290123
vt 0.9330127239227295 0.25
vt 1 0.5
vt 0.5 0.5
vt 0.5 0.5
vt 0.5 0.5
vt 0.5 0.5
vt 0.5 0.5
vt 0.5 0.5
vt 0.5 0.5
vt 0.5 0.5
vt 0.5 0.5
vt 0.5 0.5
vt 0.5 0.5
vt 0.5 0.5
vt 1 0.5
vt 0.9330127239227295 0.25
vt 0.75 0.0669872984290123
vt 0.5 0
vt 0.25 0.0669872984290123
vt 0.0669872984290123 0.25
vt 0 0.5
vt 0.0669872984290123 0.75
vt 0.25 0.9330127239227295
vt 0.5 1
vt 0.75 0.9330127239227295
vt 0.9330127239227295 0.75
vt 1 0.5
vn 0 -1 2.220446049250313e-16
vn 0.5000000067305869 -0.8660253998985324 1.9229626777551189e-16
vn 0.8660253998985324 -0.5000000067305869 1.1102230395700616e-16
vn 1 -6.123234262925839e-17 1.3596311327747833e-32
vn 0.8660253998985324 0.5000000067305869 -1.1102230395700616e-16
vn 0.5000000067305869 0.8660253998985324 -1.9229626777551189e-16
vn 1.2246468525851679e-16 1 -2.220446049250313e-16
vn -0.5000000067305869 0.8660253998985324 -1.9229626777551189e-16
vn -0.8660253998985324 0.5000000067305869 -1.1102230395700616e-16
vn -1 1.8369701465288538e-16 -4.078893104450762e-32
vn -0.8660253998985324 -0.5000000067305869 1.1102230395700616e-16
vn -0.5000000067305869 -0.8660253998985324 1.9229626777551189e-16
vn -2.4492937051703357e-16 -1 2.220446049250313e-16
vn 0 -1 2.220446049250313e-16
vn 0.5000000067305869 -0.8660253998985324 1.9229626777551189e-16
vn 0.8660253998985324 -0.5000000067305869 1.1102230395700616e-16
vn 1 -6.123234262925839e-17 1.3596311327747833e-32
vn 0.8660253998985324 0.5000000067305869 -1.1102230395700616e-16
vn 0.5000000067305869 0.8660253998985324 -1.9229626777551189e-16
vn 1.2246468525851679e-16 1 -2.220446049250313e-16
vn -0.5000000067305869 0.8660253998985324 -1.9229626777551189e-16
vn -0.8660253998985324 0.5000000067305869 -1.1102230395700616e-16
vn -1 1.8369701465288538e-16 -4.078893104450762e-32
vn -0.8660253998985324 -0.5000000067305869 1.1102230395700616e-16
vn -0.5000000067305869 -0.8660253998985324 1.9229626777551189e-16
vn -2.4492937051703357e-16 -1 2.220446049250313e-16
vn 0 2.220446049250313e-16 1
vn 0 2.220446049250313e-16 1
vn 0 2.220446049250313e-16 1
vn 0 2.220446049250313e-16 1
vn 0 2.220446049250313e-16 1
vn 0 2.220446049250313e-16 1
vn 0 2.220446049250313e-16 1
vn 0 2.220446049250313e-16 1
vn 0 2.220446049250313e-16 1
vn 0 2.220446049250313e-16 1
vn 0 2.220446049250313e-16 1
vn 0 2.220446049250313e-16 1
vn 0 2.220446049250313e-16 1
vn 0 2.220446049250313e-16 1
vn 0 2.220446049250313e-16 1
vn 0 2.220446049250313e-16 1
vn 0 2.220446049250313e-16 1
vn 0 2.220446049250313e-16 1
vn 0 2.220446049250313e-16 1
vn 0 2.220446049250313e-16 1
vn 0 2.220446049250313e-16 1
vn 0 2.220446049250313e-16 1
vn 0 2.220446049250313e-16 1
vn 0 2.220446049250313e-16 1
vn 0 2.220446049250313e-16 1
vn 0 -2.220446049250313e-16 -1
vn 0 -2.220446049250313e-16 -1
vn 0 -2.220446049250313e-16 -1
vn 0 -2.220446049250313e-16 -1
vn 0 -2.220446049250313e-16 -1
vn 0 -2.220446049250313e-16 -1
vn 0 -2.220446049250313e-16 -1
vn 0 -2.220446049250313e-16 -1
vn 0 -2.220446049250313e-16 -1
vn 0 -2.220446049250313e-16 -1
vn 0 -2.220446049250313e-16 -1
vn 0 -2.220446049250313e-16 -1
vn 0 -2.220446049250313e-16 -1
vn 0 -2.220446049250313e-16 -1
vn 0 -2.220446049250313e-16 -1
vn 0 -2.220446049250313e-16 -1
vn 0 -2.220446049250313e-16 -1
vn 0 -2.220446049250313e-16 -1
vn 0 -2.220446049250313e-16 -1
vn 0 -2.220446049250313e-16 -1
vn 0 -2.220446049250313e-16 -1
vn 0 -2.220446049250313e-16 -1
vn 0 -2.220446049250313e-16 -1
vn 0 -2.220446049250313e-16 -1
vn 0 -2.220446049250313e-16 -1
f 785/785/785 798/798/798 786/786/786
f 798/798/798 799/799/799 786/786/786
f 786/786/786 799/799/799 787/787/787
f 799/799/799 800/800/800 787/787/787
f 787/787/787 800/800/800 788/788/788
f 800/800/800 801/801/801 788/788/788
f 788/788/788 801/801/801 789/789/789
f 801/801/801 802/802/802 789/789/789
f 789/789/789 802/802/802 790/790/790
f 802/802/802 803/803/803 790/790/790
f 790/790/790 803/803/803 791/791/791
f 803/803/803 804/804/804 791/791/791
f 791/791/791 804/804/804 792/792/792
f 804/804/804 805/805/805 792/792/792
f 792/792/792 805/805/805 793/793/793
f 805/805/805 806/806/806 793/793/793
f 793/793/793 806/806/806 794/794/794
f 806/806/806 807/807/807 794/794/794
f 794/794/794 807/807/807 795/795/795
f 807/807/807 808/808/808 795/795/795
f 795/795/795 808/808/808 796/796/796
f 808/808/808 809/809/809 796/796/796
f 796/796/796 809/809/809 797/797/797
f 809/809/809 810/810/810 797/797/797
f 823/823/823 824/824/824 811/811/811
f 824/824/824 825/825/825 812/812/812
f 825/825/825 826/826/826 813/813/813
f 826/826/826 827/827/827 814/814/814
f 827/827/827 828/828/828 815/815/815
f 828/828/828 829/829/829 816/816/816
f 829/829/829 830/830/830 817/817/817
f 830/830/830 831/831/831 818/818/818
f 831/831/831 832/832/832 819/819/819
f 832/832/832 833/833/833 820/820/820
f 833/833/833 834/834/834 821/821/821
f 834/834/834 835/835/835 822/822/822
f 849/849/849 848/848/848 836/836/836
f 850/850/850 849/849/849 837/837/837
f 851/851/851 850/850/850 838/838/838
f 852/852/852 851/851/851 839/839/839
f 853/853/853 852/852/852 840/840/840
f 854/854/854 853/853/853 841/841/841
f 855/855/855 854/854/854 842/842/842
f 856/856/856 855/855/855 843/843/843
f 857/857/857 856/856/856 844/844/844
f 858/858/858 857/857/857 845/845/845
f 859/859/859 858/858/858 846/846/846
f 860/860/860 859/859/859 847/847/847
o mouth_rim
usemtl steel
v 0.15199999511241913 1.14 0.35
v 0.14456059038639069 1.1869705834984778 0.35
v 0.1229705810546875 1.22934336155653 0.35
v 0.08934336155653 1.2629705810546874 0.35
v 0.046970583498477936 1.2845605903863906 0.35
v 9.307315484077235e-18 1.291999995112419 0.35
v -0.046970583498477936 1.2845605903863906 0.35
v -0.08934336155653 1.2629705810546874 0.35
v -0.1229705810546875 1.22934336155653 0.35
v -0.14456059038639069 1.1869705834984778 0.35
v -0.15199999511241913 1.14 0.35
v -0.14456059038639069 1.093029416501522 0.35
v -0.1229705810546875 1.05065663844347 0.35
v -0.08934336155653 1.0170294189453124 0.35
v -0.046970583498477936 0.9954394096136092 0.35
v -2.792194810659293e-17 0.9880000048875808 0.35
v 0.046970583498477936 0.9954394096136092 0.35
v 0.08934336155653 1.0170294189453124 0.35
v 0.1229705810546875 1.05065663844347 0.35
v 0.14456059038639069 1.093029416501522 0.35
v 0.15199999511241913 1.14 0.35
v 0.14555634558200836 1.14 0.36555634941905735
v 0.1384323090314865 1.1849793860316276 0.36555634941905735
v 0.11775755882263184 1.2255558738112449 0.36555634941905735
v 0.08555587381124496 1.2577575588226317 0.36555634941905735
v 0.044979386031627655 1.2784323090314864 0.36555634941905735
v 8.912756122153728e-18 1.2855563455820083 0.36555634941905735
v -0.044979386031627655 1.2784323090314864 0.36555634941905735
v -0.08555587381124496 1.2577575588226317 0.36555634941905735
v -0.11775755882263184 1.2255558738112449 0.36555634941905735
v -0.1384323090314865 1.1849793860316276 0.36555634941905735
v -0.14555634558200836 1.14 0.36555634941905735
v -0.1384323090314865 1.0950206139683722 0.36555634941905735
v -0.11775755882263184 1.054444126188755 0.36555634941905735
v -0.08555587381124496 1.022242441177368 0.36555634941905735
v -0.044979386031627655 1.0015676909685134 0.36555634941905735
v -2.6738267539280572e-17 0.9944436544179915 0.36555634941905735
v 0.044979386031627655 1.0015676909685134 0.36555634941905735
v 0.08555587381124496 1.022242441177368 0.36555634941905735
v 0.11775755882263184 1.054444126188755 0.36555634941905735
v 0.1384323090314865 1.0950206139683722 0.36555634941905735
v 0.14555634558200836 1.14 0.36555634941905735
v 0.12999999523162842 1.14 0.3719999998807907
v 0.12363734841346741 1.1801722081005572 0.3719999998807907
v 0.10517220944166183 1.2164120817184447 0.3719999998807907
v 0.07641208171844482 1.2451722094416617 0.3719999998807907
v 0.04017220810055733 1.2636373484134673 0.3719999998807907
v 7.960203880059101e-18 1.2699999952316283 0.3719999998807907
v -0.04017220810055733 1.2636373484134673 0.3719999998807907
v -0.07641208171844482 1.2451722094416617 0.3719999998807907
v -0.10517220944166183 1.2164120817184447 0.3719999998807907
v -0.12363734841346741 1.1801722081005572 0.3719999998807907
v -0.12999999523162842 1.14 0.3719999998807907
v -0.12363734841346741 1.0998277918994426 0.3719999998807907
v -0.10517220944166183 1.063587918281555 0.3719999998807907
v -0.07641208171844482 1.034827790558338 0.3719999998807907
v -0.04017220810055733 1.0163626515865325 0.3719999998807907
v -2.3880613294538528e-17 1.0100000047683715 0.3719999998807907
v 0.04017220810055733 1.0163626515865325 0.3719999998807907
v 0.07641208171844482 1.034827790558338 0.3719999998807907
v 0.10517220944166183 1.063587918281555 0.3719999998807907
v 0.12363734841346741 1.0998277918994426 0.3719999998807907
v 0.12999999523162842 1.14 0.3719999998807907
v 0.11444365233182907 1.14 0.36555634941905735
v 0.1088423803448677 1.1753650338947772 0.36555634941905735
v 0.09258686006069183 1.2072682896256446 0.36555634941905735
v 0.06726828962564468 1.2325868600606917 0.36555634941905735
v 0.0353650338947773 1.2488423803448676 0.36555634941905735
v 7.007652465145086e-18 1.254443652331829 0.36555634941905735
v -0.0353650338947773 1.2488423803448676 0.36555634941905735
v -0.06726828962564468 1.2325868600606917 0.36555634941905735
v -0.09258686006069183 1.2072682896256446 0.36555634941905735
v -0.1088423803448677 1.1753650338947772 0.36555634941905735
v -0.11444365233182907 1.14 0.36555634941905735
v -0.1088423803448677 1.1046349661052226 0.36555634941905735
v -0.09258686006069183 1.0727317103743552 0.36555634941905735
v -0.06726828962564468 1.047413139939308 0.36555634941905735
v -0.0353650338947773 1.0311576196551322 0.36555634941905735
v -2.102295739543526e-17 1.0255563476681708 0.36555634941905735
v 0.0353650338947773 1.0311576196551322 0.36555634941905735
v 0.06726828962564468 1.047413139939308 0.36555634941905735
v 0.09258686006069183 1.0727317103743552 0.36555634941905735
v 0.1088423803448677 1.1046349661052226 0.36555634941905735
v 0.11444365233182907 1.14 0.36555634941905735
v 0.1080000028014183 1.14 0.35
v 0.10271410644054413 1.173373836427927 0.35
v 0.08737383782863617 1.2034808093309401 0.35
v 0.06348080933094025 1.227373837828636 0.35
v 0.03337383642792702 1.242714106440544 0.35
v 6.613092689631274e-18 1.2480000028014182 0.35
v -0.03337383642792702 1.242714106440544 0.35
v -0.06348080933094025 1.227373837828636 0.35
v -0.08737383782863617 1.2034808093309401 0.35
v -0.10271410644054413 1.173373836427927 0.35
v -0.1080000028014183 1.14 0.35
v -0.10271410644054413 1.1066261635720729 0.35
v -0.08737383782863617 1.0765191906690597 0.35
v -0.06348080933094025 1.0526261621713637 0.35
v -0.03337383642792702 1.0372858935594558 0.35
v -1.9839278482484127e-17 1.0319999971985816 0.35
v 0.03337383642792702 1.0372858935594558 0.35
v 0.06348080933094025 1.0526261621713637 0.35
v 0.08737383782863617 1.0765191906690597 0.35
v 0.10271410644054413 1.1066261635720729 0.35
v 0.1080000028014183 1.14 0.35
v 0.11444365233182907 1.14 0.3344436505809426
v 0.1088423803448677 1.1753650338947772 0.3344436505809426
v 0.09258686006069183 1.2072682896256446 0.3344436505809426
v 0.06726828962564468 1.2325868600606917 0.3344436505809426
v 0.0353650338947773 1.2488423803448676 0.3344436505809426
v 7.007652465145086e-18 1.254443652331829 0.3344436505809426
v -0.0353650338947773 1.2488423803448676 0.3344436505809426
v -0.06726828962564468 1.2325868600606917 0.3344436505809426
v -0.09258686006069183 1.2072682896256446 0.3344436505809426
v -0.1088423803448677 1.1753650338947772 0.3344436505809426
v -0.11444365233182907 1.14 0.3344436505809426
v -0.1088423803448677 1.1046349661052226 0.3344436505809426
v -0.09258686006069183 1.0727317103743552 0.3344436505809426
v -0.06726828962564468 1.047413139939308 0.3344436505809426
v -0.0353650338947773 1.0311576196551322 0.3344436505809426
v -2.102295739543526e-17 1.0255563476681708 0.3344436505809426
v 0.0353650338947773 1.0311576196551322 0.3344436505809426
v 0.06726828962564468 1.047413139939308 0.3344436505809426
v 0.09258686006069183 1.0727317103743552 0.3344436505809426
v 0.1088423803448677 1.1046349661052226 0.3344436505809426
v 0.11444365233182907 1.14 0.3344436505809426
v 0.12999999523162842 1.14 0.32800000011920927
v 0.12363734841346741 1.1801722081005572 0.32800000011920927
v 0.10517220944166183 1.2164120817184447 0.32800000011920927
v 0.07641208171844482 1.2451722094416617 0.32800000011920927
v 0.04017220810055733 1.2636373484134673 0.32800000011920927
v 7.960203880059101e-18 1.2699999952316283 0.32800000011920927
v -0.04017220810055733 1.2636373484134673 0.32800000011920927
v -0.07641208171844482 1.2451722094416617 0.32800000011920927
v -0.10517220944166183 1.2164120817184447 0.32800000011920927
v -0.12363734841346741 1.1801722081005572 0.32800000011920927
v -0.12999999523162842 1.14 0.32800000011920927
v -0.12363734841346741 1.0998277918994426 0.32800000011920927
v -0.10517220944166183 1.063587918281555 0.32800000011920927
v -0.07641208171844482 1.034827790558338 0.32800000011920927
v -0.04017220810055733 1.0163626515865325 0.32800000011920927
v -2.3880613294538528e-17 1.0100000047683715 0.32800000011920927
v 0.04017220810055733 1.0163626515865325 0.32800000011920927
v 0.07641208171844482 1.034827790558338 0.32800000011920927
v 0.10517220944166183 1.063587918281555 0.32800000011920927
v 0.12363734841346741 1.0998277918994426 0.32800000011920927
v 0.12999999523162842 1.14 0.32800000011920927
v 0.14555634558200836 1.14 0.3344436505809426
v 0.1384323090314865 1.1849793860316276 0.3344436505809426
v 0.11775755882263184 1.2255558738112449 0.3344436505809426
v 0.08555587381124496 1.2577575588226317 0.3344436505809426
v 0.044979386031627655 1.2784323090314864 0.3344436505809426
v 8.912756122153728e-18 1.2855563455820083 0.3344436505809426
v -0.044979386031627655 1.2784323090314864 0.3344436505809426
v -0.08555587381124496 1.2577575588226317 0.3344436505809426
v -0.11775755882263184 1.2255558738112449 0.3344436505809426
v -0.1384323090314865 1.1849793860316276 0.3344436505809426
v -0.14555634558200836 1.14 0.3344436505809426
v -0.1384323090314865 1.0950206139683722 0.3344436505809426
v -0.11775755882263184 1.054444126188755 0.3344436505809426
v -0.08555587381124496 1.022242441177368 0.3344436505809426
v -0.044979386031627655 1.0015676909685134 0.3344436505809426
v -2.6738267539280572e-17 0.9944436544179915 0.3344436505809426
v 0.044979386031627655 1.0015676909685134 0.3344436505809426
v 0.08555587381124496 1.022242441177368 0.3344436505809426
v 0.11775755882263184 1.054444126188755 0.3344436505809426
v 0.1384323090314865 1.0950206139683722 0.3344436505809426
v 0.14555634558200836 1.14 0.3344436505809426
v 0.15199999511241913 1.14 0.35
v 0.14456059038639069 1.1869705834984778 0.35
v 0.1229705810546875 1.22934336155653 0.35
v 0.08934336155653 1.2629705810546874 0.35
v 0.046970583498477936 1.2845605903863906 0.35
v 9.307315484077235e-18 1.291999995112419 0.35
v -0.046970583498477936 1.2845605903863906 0.35
v -0.08934336155653 1.2629705810546874 0.35
v -0.1229705810546875 1.22934336155653 0.35
v -0.14456059038639069 1.1869705834984778 0.35
v -0.15199999511241913 1.14 0.35
v -0.14456059038639069 1.093029416501522 0.35
v -0.1229705810546875 1.05065663844347 0.35
v -0.08934336155653 1.0170294189453124 0.35
v -0.046970583498477936 0.9954394096136092 0.35
v -2.792194810659293e-17 0.9880000048875808 0.35
v 0.046970583498477936 0.9954394096136092 0.35
v 0.08934336155653 1.0170294189453124 0.35
v 0.1229705810546875 1.05065663844347 0.35
v 0.14456059038639069 1.093029416501522 0.35
v 0.15199999511241913 1.14 0.35
vt 0 0
vt 0.05000000074505806 0
vt 0.10000000149011612 0
vt 0.15000000596046448 0
vt 0.20000000298023224 0
vt 0.25 0
vt 0.30000001192092896 0
vt 0.3499999940395355 0
vt 0.4000000059604645 0
vt 0.44999998807907104 0
vt 0.5 0
vt 0.550000011920929 0
vt 0.6000000238418579 0
vt 0.6499999761581421 0
vt 0.699999988079071 0
vt 0.75 0
vt 0.800000011920929 0
vt 0.8500000238418579 0
vt 0.8999999761581421 0
vt 0.949999988079071 0
vt 1 0
vt 0 0.125
vt 0.05000000074505806 0.125
vt 0.10000000149011612 0.125
vt 0.15000000596046448 0.125
vt 0.20000000298023224 0.125
vt 0.25 0.125
vt 0.30000001192092896 0.125
vt 0.3499999940395355 0.125
vt 0.4000000059604645 0.125
vt 0.44999998807907104 0.125
vt 0.5 0.125
vt 0.550000011920929 0.125
vt 0.6000000238418579 0.125
vt 0.6499999761581421 0.125
vt 0.699999988079071 0.125
vt 0.75 0.125
vt 0.800000011920929 0.125
vt 0.8500000238418579 0.125
vt 0.8999999761581421 0.125
vt 0.949999988079071 0.125
vt 1 0.125
vt 0 0.25
vt 0.05000000074505806 0.25
vt 0.10000000149011612 0.25
vt 0.15000000596046448 0.25
vt 0.20000000298023224 0.25
vt 0.25 0.25
vt 0.30000001192092896 0.25
vt 0.3499999940395355 0.25
vt 0.4000000059604645 0.25
vt 0.44999998807907104 0.25
vt 0.5 0.25
vt 0.550000011920929 0.25
vt 0.6000000238418579 0.25
vt 0.6499999761581421 0.25
vt 0.699999988079071 0.25
vt 0.75 0.25
vt 0.800000011920929 0.25
vt 0.8500000238418579 0.25
vt 0.8999999761581421 0.25
vt 0.949999988079071 0.25
vt 1 0.25
vt 0 0.375
vt 0.05000000074505806 0.375
vt 0.10000000149011612 0.375
vt 0.15000000596046448 0.375
vt 0.20000000298023224 0.375
vt 0.25 0.375
vt 0.30000001192092896 0.375
vt 0.3499999940395355 0.375
vt 0.4000000059604645 0.375
vt 0.44999998807907104 0.375
vt 0.5 0.375
vt 0.550000011920929 0.375
vt 0.6000000238418579 0.375
vt 0.6499999761581421 0.375
vt 0.699999988079071 0.375
vt 0.75 0.375
vt 0.800000011920929 0.375
vt 0.8500000238418579 0.375
vt 0.8999999761581421 0.375
vt 0.949999988079071 0.375
vt 1 0.375
vt 0 0.5
vt 0.05000000074505806 0.5
vt 0.10000000149011612 0.5
vt 0.15000000596046448 0.5
vt 0.20000000298023224 0.5
vt 0.25 0.5
vt 0.30000001192092896 0.5
vt 0.3499999940395355 0.5
vt 0.4000000059604645 0.5
vt 0.44999998807907104 0.5
vt 0.5 0.5
vt 0.550000011920929 0.5
vt 0.6000000238418579 0.5
vt 0.6499999761581421 0.5
vt 0.699999988079071 0.5
vt 0.75 0.5
vt 0.800000011920929 0.5
vt 0.8500000238418579 0.5
vt 0.8999999761581421 0.5
vt 0.949999988079071 0.5
vt 1 0.5
vt 0 0.625
vt 0.05000000074505806 0.625
vt 0.10000000149011612 0.625
vt 0.15000000596046448 0.625
vt 0.20000000298023224 0.625
vt 0.25 0.625
vt 0.30000001192092896 0.625
vt 0.3499999940395355 0.625
vt 0.4000000059604645 0.625
vt 0.44999998807907104 0.625
vt 0.5 0.625
vt 0.550000011920929 0.625
vt 0.6000000238418579 0.625
vt 0.6499999761581421 0.625
vt 0.699999988079071 0.625
vt 0.75 0.625
vt 0.800000011920929 0.625
vt 0.8500000238418579 0.625
vt 0.8999999761581421 0.625
vt 0.949999988079071 0.625
vt 1 0.625
vt 0 0.75
vt 0.05000000074505806 0.75
vt 0.10000000149011612 0.75
vt 0.15000000596046448 0.75
vt 0.20000000298023224 0.75
vt 0.25 0.75
vt 0.30000001192092896 0.75
vt 0.3499999940395355 0.75
vt 0.4000000059604645 0.75
vt 0.44999998807907104 0.75
vt 0.5 0.75
vt 0.550000011920929 0.75
vt 0.6000000238418579 0.75
vt 0.6499999761581421 0.75
vt 0.699999988079071 0.75
vt 0.75 0.75
vt 0.800000011920929 0.75
vt 0.8500000238418579 0.75
vt 0.8999999761581421 0.75
vt 0.949999988079071 0.75
vt 1 0.75
vt 0 0.875
vt 0.05000000074505806 0.875
vt 0.10000000149011612 0.875
vt 0.15000000596046448 0.875
vt 0.20000000298023224 0.875
vt 0.25 0.875
vt 0.30000001192092896 0.875
vt 0.3499999940395355 0.875
vt 0.4000000059604645 0.875
vt 0.44999998807907104 0.875
vt 0.5 0.875
vt 0.550000011920929 0.875
vt 0.6000000238418579 0.875
vt 0.6499999761581421 0.875
vt 0.699999988079071 0.875
vt 0.75 0.875
vt 0.800000011920929 0.875
vt 0.8500000238418579 0.875
vt 0.8999999761581421 0.875
vt 0.949999988079071 0.875
vt 1 0.875
vt 0 1
vt 0.05000000074505806 1
vt 0.10000000149011612 1
vt 0.15000000596046448 1
vt 0.20000000298023224 1
vt 0.25 1
vt 0.30000001192092896 1
vt 0.3499999940395355 1
vt 0.4000000059604645 1
vt 0.44999998807907104 1
vt 0.5 1
vt 0.550000011920929 1
vt 0.6000000238418579 1
vt 0.6499999761581421 1
vt 0.699999988079071 1
vt 0.75 1
vt 0.800000011920929 1
vt 0.8500000238418579 1
vt 0.8999999761581421 1
vt 0.949999988079071 1
vt 1 1
vn 1 0 0
vn 0.9510565161477913 0.3090169948284817 0
vn 0.8090170011595983 0.5877852429542022 0
vn 0.5877852429542022 0.8090170011595983 0
vn 0.3090169948284817 0.9510565161477913 0
vn 6.123234262925839e-17 1 0
vn -0.3090169948284817 0.9510565161477913 0
vn -0.5877852429542022 0.8090170011595983 0
vn -0.8090170011595983 0.5877852429542022 0
vn -0.9510565161477913 0.3090169948284817 0
vn -1 1.2246468525851679e-16 0
vn -0.9510565161477913 -0.3090169948284817 0
vn -0.8090170011595983 -0.5877852429542022 0
vn -0.5877852429542022 -0.8090170011595983 0
vn -0.3090169948284817 -0.9510565161477913 0
vn -1.8369701465288538e-16 -1 0
vn 0.3090169948284817 -0.9510565161477913 0
vn 0.5877852429542022 -0.8090170011595983 0
vn 0.8090170011595983 -0.5877852429542022 0
vn 0.9510565161477913 -0.3090169948284817 0
vn 1 -2.4492937051703357e-16 0
vn 0.7071067811865476 0 0.7071067811865476
vn 0.6724985254555338 0.21850800555373517 0.7071067704166476
vn 0.5720614176588762 0.41562694178321036 0.7071067668252459
vn 0.41562694178321036 0.5720614176588762 0.7071067668252459
vn 0.21850800555373517 0.6724985254555338 0.7071067704166476
vn 4.329780375814312e-17 0.7071067811865476 0.7071067811865476
vn -0.21850800555373517 0.6724985254555338 0.7071067704166476
vn -0.41562694178321036 0.5720614176588762 0.7071067668252459
vn -0.5720614176588762 0.41562694178321036 0.7071067668252459
vn -0.6724985254555338 0.21850800555373517 0.7071067704166476
vn -0.7071067811865476 8.659560751628624e-17 0.7071067811865476
vn -0.6724985254555338 -0.21850800555373517 0.7071067704166476
vn -0.5720614176588762 -0.41562694178321036 0.7071067668252459
vn -0.41562694178321036 -0.5720614176588762 0.7071067668252459
vn -0.21850800555373517 -0.6724985254555338 0.7071067704166476
vn -1.2989340465698435e-16 -0.7071067811865476 0.7071067811865476
vn 0.21850800555373517 -0.6724985254555338 0.7071067704166476
vn 0.41562694178321036 -0.5720614176588762 0.7071067668252459
vn 0.5720614176588762 -0.41562694178321036 0.7071067668252459
vn 0.6724985254555338 -0.21850800555373517 0.7071067704166476
vn 0.7071067811865476 -1.7319121503257247e-16 0.7071067811865476
vn 0 0 1
vn 0 0 1
vn 0 0 1
vn 0 0 1
vn 0 0 1
vn 0 0 1
vn 0 0 1
vn 0 0 1
vn 0 0 1
vn 0 0 1
vn 0 0 1
vn 0 0 1
vn 0 0 1
vn 0 0 1
vn 0 0 1
vn 0 0 1
vn 0 0 1
vn 0 0 1
vn 0 0 1
vn 0 0 1
vn 0 0 1
vn -0.7071067811865476 0 0.7071067811865476
vn -0.6724985254555338 -0.21850800555373517 0.7071067704166476
vn -0.5720614176588762 -0.41562694178321036 0.7071067668252459
vn -0.41562694178321036 -0.5720614176588762 0.7071067668252459
vn -0.21850800555373517 -0.6724985254555338 0.7071067704166476
vn -4.329780375814312e-17 -0.7071067811865476 0.7071067811865476
vn 0.21850800555373517 -0.6724985254555338 0.7071067704166476
vn 0.41562694178321036 -0.5720614176588762 0.7071067668252459
vn 0.5720614176588762 -0.41562694178321036 0.7071067668252459
vn 0.6724985254555338 -0.21850800555373517 0.7071067704166476
vn 0.7071067811865476 -8.659560751628624e-17 0.7071067811865476
vn 0.6724985254555338 0.21850800555373517 0.7071067704166476
vn 0.5720614176588762 0.41562694178321036 0.7071067668252459
vn 0.41562694178321036 0.5720614176588762 0.7071067668252459
vn 0.21850800555373517 0.6724985254555338 0.7071067704166476
vn 1.2989340465698435e-16 0.7071067811865476 0.7071067811865476
vn -0.21850800555373517 0.6724985254555338 0.7071067704166476
vn -0.41562694178321036 0.5720614176588762 0.7071067668252459
vn -0.5720614176588762 0.41562694178321036 0.7071067668252459
vn -0.6724985254555338 0.21850800555373517 0.7071067704166476
vn -0.7071067811865476 1.7319121503257247e-16 0.7071067811865476
vn -1 0 1.2246468525851679e-16
vn -0.9510565161477913 -0.3090169948284817 1.2246468218554823e-16
vn -0.8090170011595983 -0.5877852429542022 1.2246468504311792e-16
vn -0.5877852429542022 -0.8090170011595983 1.2246468504311792e-16
vn -0.3090169948284817 -0.9510565161477913 1.2246468218554823e-16
vn -6.123234262925839e-17 -1 1.2246468525851679e-16
vn 0.3090169948284817 -0.9510565161477913 1.2246468218554823e-16
vn 0.5877852429542022 -0.8090170011595983 1.2246468504311792e-16
vn 0.8090170011595983 -0.5877852429542022 1.2246468504311792e-16
vn 0.9510565161477913 -0.3090169948284817 1.2246468218554823e-16
vn 1 -1.2246468525851679e-16 1.2246468525851679e-16
vn 0.9510565161477913 0.3090169948284817 1.2246468218554823e-16
vn 0.8090170011595983 0.5877852429542022 1.2246468504311792e-16
vn 0.5877852429542022 0.8090170011595983 1.2246468504311792e-16
vn 0.3090169948284817 0.9510565161477913 1.2246468218554823e-16
vn 1.8369701465288538e-16 1 1.2246468525851679e-16
vn -0.3090169948284817 0.9510565161477913 1.2246468218554823e-16
vn -0.5877852429542022 0.8090170011595983 1.2246468504311792e-16
vn -0.8090170011595983 0.5877852429542022 1.2246468504311792e-16
vn -0.9510565161477913 0.3090169948284817 1.2246468218554823e-16
vn -1 2.4492937051703357e-16 1.2246468525851679e-16
vn -0.7071067811865476 0 -0.7071067811865476
vn -0.6724985254555338 -0.21850800555373517 -0.7071067704166476
vn -0.5720614176588762 -0.41562694178321036 -0.7071067668252459
vn -0.41562694178321036 -0.5720614176588762 -0.7071067668252459
vn -0.21850800555373517 -0.6724985254555338 -0.7071067704166476
vn -4.329780375814312e-17 -0.7071067811865476 -0.7071067811865476
vn 0.21850800555373517 -0.6724985254555338 -0.7071067704166476
vn 0.41562694178321036 -0.5720614176588762 -0.7071067668252459
vn 0.5720614176588762 -0.41562694178321036 -0.7071067668252459
vn 0.6724985254555338 -0.21850800555373517 -0.7071067704166476
vn 0.7071067811865476 -8.659560751628624e-17 -0.7071067811865476
vn 0.6724985254555338 0.21850800555373517 -0.7071067704166476
vn 0.5720614176588762 0.41562694178321036 -0.7071067668252459
vn 0.41562694178321036 0.5720614176588762 -0.7071067668252459
vn 0.21850800555373517 0.6724985254555338 -0.7071067704166476
vn 1.2989340465698435e-16 0.7071067811865476 -0.7071067811865476
vn -0.21850800555373517 0.6724985254555338 -0.7071067704166476
vn -0.41562694178321036 0.5720614176588762 -0.7071067668252459
vn -0.5720614176588762 0.41562694178321036 -0.7071067668252459
vn -0.6724985254555338 0.21850800555373517 -0.7071067704166476
vn -0.7071067811865476 1.7319121503257247e-16 -0.7071067811865476
vn 0 0 -1
vn 0 0 -1
vn 0 0 -1
vn 0 0 -1
vn 0 0 -1
vn 0 0 -1
vn 0 0 -1
vn 0 0 -1
vn 0 0 -1
vn 0 0 -1
vn 0 0 -1
vn 0 0 -1
vn 0 0 -1
vn 0 0 -1
vn 0 0 -1
vn 0 0 -1
vn 0 0 -1
vn 0 0 -1
vn 0 0 -1
vn 0 0 -1
vn 0 0 -1
vn 0.7071067811865476 0 -0.7071067811865476
vn 0.6724985254555338 0.21850800555373517 -0.7071067704166476
vn 0.5720614176588762 0.41562694178321036 -0.7071067668252459
vn 0.41562694178321036 0.5720614176588762 -0.7071067668252459
vn 0.21850800555373517 0.6724985254555338 -0.7071067704166476
vn 4.329780375814312e-17 0.7071067811865476 -0.7071067811865476
vn -0.21850800555373517 0.6724985254555338 -0.7071067704166476
vn -0.41562694178321036 0.5720614176588762 -0.7071067668252459
vn -0.5720614176588762 0.41562694178321036 -0.7071067668252459
vn -0.6724985254555338 0.21850800555373517 -0.7071067704166476
vn -0.7071067811865476 8.659560751628624e-17 -0.7071067811865476
vn -0.6724985254555338 -0.21850800555373517 -0.7071067704166476
vn -0.5720614176588762 -0.41562694178321036 -0.7071067668252459
vn -0.41562694178321036 -0.5720614176588762 -0.7071067668252459
vn -0.21850800555373517 -0.6724985254555338 -0.7071067704166476
vn -1.2989340465698435e-16 -0.7071067811865476 -0.7071067811865476
vn 0.21850800555373517 -0.6724985254555338 -0.7071067704166476
vn 0.41562694178321036 -0.5720614176588762 -0.7071067668252459
vn 0.5720614176588762 -0.41562694178321036 -0.7071067668252459
vn 0.6724985254555338 -0.21850800555373517 -0.7071067704166476
vn 0.7071067811865476 -1.7319121503257247e-16 -0.7071067811865476
vn 1 0 -2.4492937051703357e-16
vn 0.9510565161477913 0.3090169948284817 -2.4492936437109645e-16
vn 0.8090170011595983 0.5877852429542022 -2.4492937008623584e-16
vn 0.5877852429542022 0.8090170011595983 -2.4492937008623584e-16
vn 0.3090169948284817 0.9510565161477913 -2.4492936437109645e-16
vn 6.123234262925839e-17 1 -2.4492937051703357e-16
vn -0.3090169948284817 0.9510565161477913 -2.4492936437109645e-16
vn -0.5877852429542022 0.8090170011595983 -2.4492937008623584e-16
vn -0.8090170011595983 0.5877852429542022 -2.4492937008623584e-16
vn -0.9510565161477913 0.3090169948284817 -2.4492936437109645e-16
vn -1 1.2246468525851679e-16 -2.4492937051703357e-16
vn -0.9510565161477913 -0.3090169948284817 -2.4492936437109645e-16
vn -0.8090170011595983 -0.5877852429542022 -2.4492937008623584e-16
vn -0.5877852429542022 -0.8090170011595983 -2.4492937008623584e-16
vn -0.3090169948284817 -0.9510565161477913 -2.4492936437109645e-16
vn -1.8369701465288538e-16 -1 -2.4492937051703357e-16
vn 0.3090169948284817 -0.9510565161477913 -2.4492936437109645e-16
vn 0.5877852429542022 -0.8090170011595983 -2.4492937008623584e-16
vn 0.8090170011595983 -0.5877852429542022 -2.4492937008623584e-16
vn 0.9510565161477913 -0.3090169948284817 -2.4492936437109645e-16
vn 1 -2.4492937051703357e-16 -2.4492937051703357e-16
f 882/882/882 861/861/861 883/883/883
f 861/861/861 862/862/862 883/883/883
f 883/883/883 862/862/862 884/884/884
f 862/862/862 863/863/863 884/884/884
f 884/884/884 863/863/863 885/885/885
f 863/863/863 864/864/864 885/885/885
f 885/885/885 864/864/864 886/886/886
f 864/864/864 865/865/865 886/886/886
f 886/886/886 865/865/865 887/887/887
f 865/865/865 866/866/866 887/887/887
f 887/887/887 866/866/866 888/888/888
f 866/866/866 867/867/867 888/888/888
f 888/888/888 867/867/867 889/889/889
f 867/867/867 868/868/868 889/889/889
f 889/889/889 868/868/868 890/890/890
f 868/868/868 869/869/869 890/890/890
f 890/890/890 869/869/869 891/891/891
f 869/869/869 870/870/870 891/891/891
f 891/891/891 870/870/870 892/892/892
f 870/870/870 871/871/871 892/892/892
f 892/892/892 871/871/871 893/893/893
f 871/871/871 872/872/872 893/893/893
f 893/893/893 872/872/872 894/894/894
f 872/872/872 873/873/873 894/894/894
f 894/894/894 873/873/873 895/895/895
f 873/873/873 874/874/874 895/895/895
f 895/895/895 874/874/874 896/896/896
f 874/874/874 875/875/875 896/896/896
f 896/896/896 875/875/875 897/897/897
f 875/875/875 876/876/876 897/897/897
f 897/897/897 876/876/876 898/898/898
f 876/876/876 877/877/877 898/898/898
f 898/898/898 877/877/877 899/899/899
f 877/877/877 878/878/878 899/899/899
f 899/899/899 878/878/878 900/900/900
f 878/878/878 879/879/879 900/900/900
f 900/900/900 879/879/879 901/901/901
f 879/879/879 880/880/880 901/901/901
f 901/901/901 880/880/880 902/902/902
f 880/880/880 881/881/881 902/902/902
f 903/903/903 882/882/882 904/904/904
f 882/882/882 883/883/883 904/904/904
f 904/904/904 883/883/883 905/905/905
f 883/883/883 884/884/884 905/905/905
f 905/905/905 884/884/884 906/906/906
f 884/884/884 885/885/885 906/906/906
f 906/906/906 885/885/885 907/907/907
f 885/885/885 886/886/886 907/907/907
f 907/907/907 886/886/886 908/908/908
f 886/886/886 887/887/887 908/908/908
f 908/908/908 887/887/887 909/909/909
f 887/887/887 888/888/888 909/909/909
f 909/909/909 888/888/888 910/910/910
f 888/888/888 889/889/889 910/910/910
f 910/910/910 889/889/889 911/911/911
f 889/889/889 890/890/890 911/911/911
f 911/911/911 890/890/890 912/912/912
f 890/890/890 891/891/891 912/912/912
f 912/912/912 891/891/891 913/913/913
f 891/891/891 892/892/892 913/913/913
f 913/913/913 892/892/892 914/914/914
f 892/892/892 893/893/893 914/914/914
f 914/914/914 893/893/893 915/915/915
f 893/893/893 894/894/894 915/915/915
f 915/915/915 894/894/894 916/916/916
f 894/894/894 895/895/895 916/916/916
f 916/916/916 895/895/895 917/917/917
f 895/895/895 896/896/896 917/917/917
f 917/917/917 896/896/896 918/918/918
f 896/896/896 897/897/897 918/918/918
f 918/918/918 897/897/897 919/919/919
f 897/897/897 898/898/898 919/919/919
f 919/919/919 898/898/898 920/920/920
f 898/898/898 899/899/899 920/920/920
f 920/920/920 899/899/899 921/921/921
f 899/899/899 900/900/900 921/921/921
f 921/921/921 900/900/900 922/922/922
f 900/900/900 901/901/901 922/922/922
f 922/922/922 901/901/901 923/923/923
f 901/901/901 902/902/902 923/923/923
f 924/924/924 903/903/903 925/925/925
f 903/903/903 904/904/904 925/925/925
f 925/925/925 904/904/904 926/926/926
f 904/904/904 905/905/905 926/926/926
f 926/926/926 905/905/905 927/927/927
f 905/905/905 906/906/906 927/927/927
f 927/927/927 906/906/906 928/928/928
f 906/906/906 907/907/907 928/928/928
f 928/928/928 907/907/907 929/929/929
f 907/907/907 908/908/908 929/929/929
f 929/929/929 908/908/908 930/930/930
f 908/908/908 909/909/909 930/930/930
f 930/930/930 909/909/909 931/931/931
f 909/909/909 910/910/910 931/931/931
f 931/931/931 910/910/910 932/932/932
f 910/910/910 911/911/911 932/932/932
f 932/932/932 911/911/911 933/933/933
f 911/911/911 912/912/912 933/933/933
f 933/933/933 912/912/912 934/934/934
f 912/912/912 913/913/913 934/934/934
f 934/934/934 913/913/913 935/935/935
f 913/913/913 914/914/914 935/935/935
f 935/935/935 914/914/914 936/936/936
f 914/914/914 915/915/915 936/936/936
f 936/936/936 915/915/915 937/937/937
f 915/915/915 916/916/916 937/937/937
f 937/937/937 916/916/916 938/938/938
f 916/916/916 917/917/917 938/938/938
f 938/938/938 917/917/917 939/939/939
f 917/917/917 918/918/918 939/939/939
f 939/939/939 918/918/918 940/940/940
f 918/918/918 919/919/919 940/940/940
f 940/940/940 919/919/919 941/941/941
f 919/919/919 920/920/920 941/941/941
f 941/941/941 920/920/920 942/942/942
f 920/920/920 921/921/921 942/942/942
f 942/942/942 921/921/921 943/943/943
f 921/921/921 922/922/922 943/943/943
f 943/943/943 922/922/922 944/944/944
f 922/922/922 923/923/923 944/944/944
f 945/945/945 924/924/924 946/946/946
f 924/924/924 925/925/925 946/946/946
f 946/946/946 925/925/925 947/947/947
f 925/925/925 926/926/926 947/947/947
f 947/947/947 926/926/926 948/948/948
f 926/926/926 927/927/927 948/948/948
f 948/948/948 927/927/927 949/949/949
f 927/927/927 928/928/928 949/949/949
f 949/949/949 928/928/928 950/950/950
f 928/928/928 929/929/929 950/950/950
f 950/950/950 929/929/929 951/951/951
f 929/929/929 930/930/930 951/951/951
f 951/951/951 930/930/930 952/952/952
f 930/930/930 931/931/931 952/952/952
f 952/952/952 931/931/931 953/953/953
f 931/931/931 932/932/932 953/953/953
f 953/953/953 932/932/932 954/954/954
f 932/932/932 933/933/933 954/954/954
f 954/954/954 933/933/933 955/955/955
f 933/933/933 934/934/934 955/955/955
f 955/955/955 934/934/934 956/956/956
f 934/934/934 935/935/935 956/956/956
f 956/956/956 935/935/935 957/957/957
f 935/935/935 936/936/936 957/957/957
f 957/957/957 936/936/936 958/958/958
f 936/936/936 937/937/937 958/958/958
f 958/958/958 937/937/937 959/959/959
f 937/937/937 938/938/938 959/959/959
f 959/959/959 938/938/938 960/960/960
f 938/938/938 939/939/939 960/960/960
f 960/960/960 939/939/939 961/961/961
f 939/939/939 940/940/940 961/961/961
f 961/961/961 940/940/940 962/962/962
f 940/940/940 941/941/941 962/962/962
f 962/962/962 941/941/941 963/963/963
f 941/941/941 942/942/942 963/963/963
f 963/963/963 942/942/942 964/964/964
f 942/942/942 943/943/943 964/964/964
f 964/964/964 943/943/943 965/965/965
f 943/943/943 944/944/944 965/965/965
f 966/966/966 945/945/945 967/967/967
f 945/945/945 946/946/946 967/967/967
f 967/967/967 946/946/946 968/968/968
f 946/946/946 947/947/947 968/968/968
f 968/968/968 947/947/947 969/969/969
f 947/947/947 948/948/948 969/969/969
f 969/969/969 948/948/948 970/970/970
f 948/948/948 949/949/949 970/970/970
f 970/970/970 949/949/949 971/971/971
f 949/949/949 950/950/950 971/971/971
f 971/971/971 950/950/950 972/972/972
f 950/950/950 951/951/951 972/972/972
f 972/972/972 951/951/951 973/973/973
f 951/951/951 952/952/952 973/973/973
f 973/973/973 952/952/952 974/974/974
f 952/952/952 953/953/953 974/974/974
f 974/974/974 953/953/953 975/975/975
f 953/953/953 954/954/954 975/975/975
f 975/975/975 954/954/954 976/976/976
f 954/954/954 955/955/955 976/976/976
f 976/976/976 955/955/955 977/977/977
f 955/955/955 956/956/956 977/977/977
f 977/977/977 956/956/956 978/978/978
f 956/956/956 957/957/957 978/978/978
f 978/978/978 957/957/957 979/979/979
f 957/957/957 958/958/958 979/979/979
f 979/979/979 958/958/958 980/980/980
f 958/958/958 959/959/959 980/980/980
f 980/980/980 959/959/959 981/981/981
f 959/959/959 960/960/960 981/981/981
f 981/981/981 960/960/960 982/982/982
f 960/960/960 961/961/961 982/982/982
f 982/982/982 961/961/961 983/983/983
f 961/961/961 962/962/962 983/983/983
f 983/983/983 962/962/962 984/984/984
f 962/962/962 963/963/963 984/984/984
f 984/984/984 963/963/963 985/985/985
f 963/963/963 964/964/964 985/985/985
f 985/985/985 964/964/964 986/986/986
f 964/964/964 965/965/965 986/986/986
f 987/987/987 966/966/966 988/988/988
f 966/966/966 967/967/967 988/988/988
f 988/988/988 967/967/967 989/989/989
f 967/967/967 968/968/968 989/989/989
f 989/989/989 968/968/968 990/990/990
f 968/968/968 969/969/969 990/990/990
f 990/990/990 969/969/969 991/991/991
f 969/969/969 970/970/970 991/991/991
f 991/991/991 970/970/970 992/992/992
f 970/970/970 971/971/971 992/992/992
f 992/992/992 971/971/971 993/993/993
f 971/971/971 972/972/972 993/993/993
f 993/993/993 972/972/972 994/994/994
f 972/972/972 973/973/973 994/994/994
f 994/994/994 973/973/973 995/995/995
f 973/973/973 974/974/974 995/995/995
f 995/995/995 974/974/974 996/996/996
f 974/974/974 975/975/975 996/996/996
f 996/996/996 975/975/975 997/997/997
f 975/975/975 976/976/976 997/997/997
f 997/997/997 976/976/976 998/998/998
f 976/976/976 977/977/977 998/998/998
f 998/998/998 977/977/977 999/999/999
f 977/977/977 978/978/978 999/999/999
f 999/999/999 978/978/978 1000/1000/1000
f 978/978/978 979/979/979 1000/1000/1000
f 1000/1000/1000 979/979/979 1001/1001/1001
f 979/979/979 980/980/980 1001/1001/1001
f 1001/1001/1001 980/980/980 1002/1002/1002
f 980/980/980 981/981/981 1002/1002/1002
f 1002/1002/1002 981/981/981 1003/1003/1003
f 981/981/981 982/982/982 1003/1003/1003
f 1003/1003/1003 982/982/982 1004/1004/1004
f 982/982/982 983/983/983 1004/1004/1004
f 1004/1004/1004 983/983/983 1005/1005/1005
f 983/983/983 984/984/984 1005/1005/1005
f 1005/1005/1005 984/984/984 1006/1006/1006
f 984/984/984 985/985/985 1006/1006/1006
f 1006/1006/1006 985/985/985 1007/1007/1007
f 985/985/985 986/986/986 1007/1007/1007
f 1008/1008/1008 987/987/987 1009/1009/1009
f 987/987/987 988/988/988 1009/1009/1009
f 1009/1009/1009 988/988/988 1010/1010/1010
f 988/988/988 989/989/989 1010/1010/1010
f 1010/1010/1010 989/989/989 1011/1011/1011
f 989/989/989 990/990/990 1011/1011/1011
f 1011/1011/1011 990/990/990 1012/1012/1012
f 990/990/990 991/991/991 1012/1012/1012
f 1012/1012/1012 991/991/991 1013/1013/1013
f 991/991/991 992/992/992 1013/1013/1013
f 1013/1013/1013 992/992/992 1014/1014/1014
f 992/992/992 993/993/993 1014/1014/1014
f 1014/1014/1014 993/993/993 1015/1015/1015
f 993/993/993 994/994/994 1015/1015/1015
f 1015/1015/1015 994/994/994 1016/1016/1016
f 994/994/994 995/995/995 1016/1016/1016
f 1016/1016/1016 995/995/995 1017/1017/1017
f 995/995/995 996/996/996 1017/1017/1017
f 1017/1017/1017 996/996/996 1018/1018/1018
f 996/996/996 997/997/997 1018/1018/1018
f 1018/1018/1018 997/997/997 1019/1019/1019
f 997/997/997 998/998/998 1019/1019/1019
f 1019/1019/1019 998/998/998 1020/1020/1020
f 998/998/998 999/999/999 1020/1020/1020
f 1020/1020/1020 999/999/999 1021/1021/1021
f 999/999/999 1000/1000/1000 1021/1021/1021
f 1021/1021/1021 1000/1000/1000 1022/1022/1022
f 1000/1000/1000 1001/1001/1001 1022/1022/1022
f 1022/1022/1022 1001/1001/1001 1023/1023/1023
f 1001/1001/1001 1002/1002/1002 1023/1023/1023
f 1023/1023/1023 1002/1002/1002 1024/1024/1024
f 1002/1002/1002 1003/1003/1003 1024/1024/1024
f 1024/1024/1024 1003/1003/1003 1025/1025/1025
f 1003/1003/1003 1004/1004/1004 1025/1025/1025
f 1025/1025/1025 1004/1004/1004 1026/1026/1026
f 1004/1004/1004 1005/1005/1005 1026/1026/1026
f 1026/1026/1026 1005/1005/1005 1027/1027/1027
f 1005/1005/1005 1006/1006/1006 1027/1027/1027
f 1027/1027/1027 1006/1006/1006 1028/1028/1028
f 1006/1006/1006 1007/1007/1007 1028/1028/1028
f 1029/1029/1029 1008/1008/1008 1030/1030/1030
f 1008/1008/1008 1009/1009/1009 1030/1030/1030
f 1030/1030/1030 1009/1009/1009 1031/1031/1031
f 1009/1009/1009 1010/1010/1010 1031/1031/1031
f 1031/1031/1031 1010/1010/1010 1032/1032/1032
f 1010/1010/1010 1011/1011/1011 1032/1032/1032
f 1032/1032/1032 1011/1011/1011 1033/1033/1033
f 1011/1011/1011 1012/1012/1012 1033/1033/1033
f 1033/1033/1033 1012/1012/1012 1034/1034/1034
f 1012/1012/1012 1013/1013/1013 1034/1034/1034
f 1034/1034/1034 1013/1013/1013 1035/1035/1035
f 1013/1013/1013 1014/1014/1014 1035/1035/1035
f 1035/1035/1035 1014/1014/1014 1036/1036/1036
f 1014/1014/1014 1015/1015/1015 1036/1036/1036
f 1036/1036/1036 1015/1015/1015 1037/1037/1037
f 1015/1015/1015 1016/1016/1016 1037/1037/1037
f 1037/1037/1037 1016/1016/1016 1038/1038/1038
f 1016/1016/1016 1017/1017/1017 1038/1038/1038
f 1038/1038/1038 1017/1017/1017 1039/1039/1039
f 1017/1017/1017 1018/1018/1018 1039/1039/1039
f 1039/1039/1039 1018/1018/1018 1040/1040/1040
f 1018/1018/1018 1019/1019/1019 1040/1040/1040
f 1040/1040/1040 1019/1019/1019 1041/1041/1041
f 1019/1019/1019 1020/1020/1020 1041/1041/1041
f 1041/1041/1041 1020/1020/1020 1042/1042/1042
f 1020/1020/1020 1021/1021/1021 1042/1042/1042
f 1042/1042/1042 1021/1021/1021 1043/1043/1043
f 1021/1021/1021 1022/1022/1022 1043/1043/1043
f 1043/1043/1043 1022/1022/1022 1044/1044/1044
f 1022/1022/1022 1023/1023/1023 1044/1044/1044
f 1044/1044/1044 1023/1023/1023 1045/1045/1045
f 1023/1023/1023 1024/1024/1024 1045/1045/1045
f 1045/1045/1045 1024/1024/1024 1046/1046/1046
f 1024/1024/1024 1025/1025/1025 1046/1046/1046
f 1046/1046/1046 1025/1025/1025 1047/1047/1047
f 1025/1025/1025 1026/1026/1026 1047/1047/1047
f 1047/1047/1047 1026/1026/1026 1048/1048/1048
f 1026/1026/1026 1027/1027/1027 1048/1048/1048
f 1048/1048/1048 1027/1027/1027 1049/1049/1049
f 1027/1027/1027 1028/1028/1028 1049/1049/1049
o smile_arc
usemtl amber
v -0.09200000017881393 1.17 0.37
v -0.0906023159623146 1.154024368226528 0.37
v -0.08645172417163849 1.1385341455042362 0.37
v -0.07967434078454971 1.123999999910593 0.37
v -0.07047609239816667 1.110863538533449 0.37
v -0.059136461466550834 1.0995239076018333 0.37
v -0.046000000089406974 1.0903256592154502 0.37
v -0.03146585449576379 1.0835482758283614 0.37
v -0.015975631773471843 1.0793976840376853 0.37
v -1.6900125996684138e-17 1.077999999821186 0.37
v 0.015975631773471822 1.0793976840376853 0.37
v 0.031465854495763765 1.0835482758283614 0.37
v 0.04600000008940696 1.0903256592154502 0.37
v 0.05913646146655082 1.0995239076018333 0.37
v 0.07047609239816664 1.110863538533449 0.37
v 0.07967434078454971 1.123999999910593 0.37
v 0.08645172417163849 1.1385341455042362 0.37
v 0.0906023159623146 1.154024368226528 0.37
v 0.09200000017881393 1.17 0.37
v -0.08702081441879272 1.17 0.3820208151638508
v -0.08569877594709396 1.1548889941349625 0.3820208151638508
v -0.0817728191614151 1.1402371284365653 0.3820208151638508
v -0.07536223530769348 1.1264895927906036 0.3820208151638508
v -0.06666181236505508 1.1140640993416309 0.3820208151638508
v -0.05593590065836907 1.1033381876349448 0.3820208151638508
v -0.04351040720939637 1.0946377646923064 0.3820208151638508
v -0.02976287156343461 1.0882271808385848 0.3820208151638508
v -0.015111005865037452 1.084301224052906 0.3820208151638508
v -1.5985464413088662e-17 1.0829791855812072 0.3820208151638508
v 0.01511100586503743 1.084301224052906 0.3820208151638508
v 0.02976287156343459 1.0882271808385848 0.3820208151638508
v 0.043510407209396355 1.0946377646923064 0.3820208151638508
v 0.05593590065836906 1.1033381876349448 0.3820208151638508
v 0.06666181236505508 1.1140640993416309 0.3820208151638508
v 0.07536223530769348 1.1264895927906036 0.3820208151638508
v 0.0817728191614151 1.1402371284365653 0.3820208151638508
v 0.08569877594709396 1.1548889941349625 0.3820208151638508
v 0.08702081441879272 1.17 0.3820208151638508
v -0.07500000298023224 1.17 0.387000000923872
v -0.07386057823896408 1.1569763869792222 0.387000000923872
v -0.0704769492149353 1.1443484891951083 0.387000000923872
v -0.06495190411806107 1.1324999985098838 0.387000000923872
v -0.05745333433151246 1.1217909288406371 0.387000000923872
v -0.0482090711593628 1.1125466656684875 0.387000000923872
v -0.037500001490116126 1.1050480958819389 0.387000000923872
v -0.025651510804891593 1.0995230507850646 0.387000000923872
v -0.013023613020777711 1.0961394217610358 0.387000000923872
v -1.3777277055772716e-17 1.0949999970197677 0.387000000923872
v 0.013023613020777694 1.0961394217610358 0.387000000923872
v 0.02565151080489158 1.0995230507850646 0.387000000923872
v 0.03750000149011611 1.1050480958819389 0.387000000923872
v 0.048209071159362786 1.1125466656684875 0.387000000923872
v 0.057453334331512444 1.1217909288406371 0.387000000923872
v 0.06495190411806107 1.1324999985098838 0.387000000923872
v 0.0704769492149353 1.1443484891951083 0.387000000923872
v 0.07386057823896408 1.1569763869792222 0.387000000923872
v 0.07500000298023224 1.17 0.387000000923872
v -0.06297918409109116 1.17 0.3820208151638508
v -0.062022387981414795 1.1590637788921594 0.3820208151638508
v -0.05918107554316521 1.1484598499536514 0.3820208151638508
v -0.05454157292842866 1.1385104079544544 0.3820208151638508
v -0.048244856297969825 1.1295177620649337 0.3820208151638508
v -0.04048223793506623 1.12175514370203 0.3820208151638508
v -0.031489592045545585 1.1154584270715713 0.3820208151638508
v -0.02154015004634858 1.1108189244568347 0.3820208151638508
v -0.010936221107840545 1.1079776120185851 0.3820208151638508
v -1.1569088372433494e-17 1.1070208159089088 0.3820208151638508
v 0.010936221107840531 1.1079776120185851 0.3820208151638508
v 0.021540150046348565 1.1108189244568347 0.3820208151638508
v 0.03148959204554557 1.1154584270715713 0.3820208151638508
v 0.040482237935066216 1.12175514370203 0.3820208151638508
v 0.04824485629796981 1.1295177620649337 0.3820208151638508
v 0.05454157292842864 1.1385104079544544 0.3820208151638508
v 0.05918107554316521 1.1484598499536514 0.3820208151638508
v 0.062022387981414795 1.1590637788921594 0.3820208151638508
v 0.06297918409109116 1.17 0.3820208151638508
v -0.057999998331069946 1.17 0.37
v -0.05711884796619415 1.1599284057319164 0.37
v -0.05450217053294182 1.1501628310233354 0.37
v -0.05022947490215302 1.141000000834465 0.37
v -0.04443057626485825 1.1327183191478252 0.37
v -0.037281680852174766 1.1255694237351417 0.37
v -0.02899999916553498 1.119770525097847 0.37
v -0.01983716897666455 1.115497829467058 0.37
v -0.01007159426808358 1.1128811520338058 0.37
v -1.0654426788838018e-17 1.11200000166893 0.37
v 0.010071594268083565 1.1128811520338058 0.37
v 0.019837168976664536 1.115497829467058 0.37
v 0.028999999165534966 1.119770525097847 0.37
v 0.03728168085217475 1.1255694237351417 0.37
v 0.04443057626485824 1.1327183191478252 0.37
v 0.05022947490215301 1.141000000834465 0.37
v 0.05450217053294182 1.1501628310233354 0.37
v 0.05711884796619415 1.1599284057319164 0.37
v 0.057999998331069946 1.17 0.37
v -0.06297918409109116 1.17 0.3579791848361492
v -0.062022387981414795 1.1590637788921594 0.3579791848361492
v -0.05918107554316521 1.1484598499536514 0.3579791848361492
v -0.05454157292842866 1.1385104079544544 0.3579791848361492
v -0.048244856297969825 1.1295177620649337 0.3579791848361492
v -0.04048223793506623 1.12175514370203 0.3579791848361492
v -0.031489592045545585 1.1154584270715713 0.3579791848361492
v -0.02154015004634858 1.1108189244568347 0.3579791848361492
v -0.010936221107840545 1.1079776120185851 0.3579791848361492
v -1.1569088372433494e-17 1.1070208159089088 0.3579791848361492
v 0.010936221107840531 1.1079776120185851 0.3579791848361492
v 0.021540150046348565 1.1108189244568347 0.3579791848361492
v 0.03148959204554557 1.1154584270715713 0.3579791848361492
v 0.040482237935066216 1.12175514370203 0.3579791848361492
v 0.04824485629796981 1.1295177620649337 0.3579791848361492
v 0.05454157292842864 1.1385104079544544 0.3579791848361492
v 0.05918107554316521 1.1484598499536514 0.3579791848361492
v 0.062022387981414795 1.1590637788921594 0.3579791848361492
v 0.06297918409109116 1.17 0.3579791848361492
v -0.07500000298023224 1.17 0.352999999076128
v -0.07386057823896408 1.1569763869792222 0.352999999076128
v -0.0704769492149353 1.1443484891951083 0.352999999076128
v -0.06495190411806107 1.1324999985098838 0.352999999076128
v -0.05745333433151246 1.1217909288406371 0.352999999076128
v -0.0482090711593628 1.1125466656684875 0.352999999076128
v -0.037500001490116126 1.1050480958819389 0.352999999076128
v -0.025651510804891593 1.0995230507850646 0.352999999076128
v -0.013023613020777711 1.0961394217610358 0.352999999076128
v -1.3777277055772716e-17 1.0949999970197677 0.352999999076128
v 0.013023613020777694 1.0961394217610358 0.352999999076128
v 0.02565151080489158 1.0995230507850646 0.352999999076128
v 0.03750000149011611 1.1050480958819389 0.352999999076128
v 0.048209071159362786 1.1125466656684875 0.352999999076128
v 0.057453334331512444 1.1217909288406371 0.352999999076128
v 0.06495190411806107 1.1324999985098838 0.352999999076128
v 0.0704769492149353 1.1443484891951083 0.352999999076128
v 0.07386057823896408 1.1569763869792222 0.352999999076128
v 0.07500000298023224 1.17 0.352999999076128
v -0.08702081441879272 1.17 0.3579791848361492
v -0.08569877594709396 1.1548889941349625 0.3579791848361492
v -0.0817728191614151 1.1402371284365653 0.3579791848361492
v -0.07536223530769348 1.1264895927906036 0.3579791848361492
v -0.06666181236505508 1.1140640993416309 0.3579791848361492
v -0.05593590065836907 1.1033381876349448 0.3579791848361492
v -0.04351040720939637 1.0946377646923064 0.3579791848361492
v -0.02976287156343461 1.0882271808385848 0.3579791848361492
v -0.015111005865037452 1.084301224052906 0.3579791848361492
v -1.5985464413088662e-17 1.0829791855812072 0.3579791848361492
v 0.01511100586503743 1.084301224052906 0.3579791848361492
v 0.02976287156343459 1.0882271808385848 0.3579791848361492
v 0.043510407209396355 1.0946377646923064 0.3579791848361492
v 0.05593590065836906 1.1033381876349448 0.3579791848361492
v 0.06666181236505508 1.1140640993416309 0.3579791848361492
v 0.07536223530769348 1.1264895927906036 0.3579791848361492
v 0.0817728191614151 1.1402371284365653 0.3579791848361492
v 0.08569877594709396 1.1548889941349625 0.3579791848361492
v 0.08702081441879272 1.17 0.3579791848361492
v -0.09200000017881393 1.17 0.37
v -0.0906023159623146 1.154024368226528 0.37
v -0.08645172417163849 1.1385341455042362 0.37
v -0.07967434078454971 1.123999999910593 0.37
v -0.07047609239816667 1.110863538533449 0.37
v -0.059136461466550834 1.0995239076018333 0.37
v -0.046000000089406974 1.0903256592154502 0.37
v -0.03146585449576379 1.0835482758283614 0.37
v -0.015975631773471843 1.0793976840376853 0.37
v -1.6900125996684138e-17 1.077999999821186 0.37
v 0.015975631773471822 1.0793976840376853 0.37
v 0.031465854495763765 1.0835482758283614 0.37
v 0.04600000008940696 1.0903256592154502 0.37
v 0.05913646146655082 1.0995239076018333 0.37
v 0.07047609239816664 1.110863538533449 0.37
v 0.07967434078454971 1.123999999910593 0.37
v 0.08645172417163849 1.1385341455042362 0.37
v 0.0906023159623146 1.154024368226528 0.37
v 0.09200000017881393 1.17 0.37
vt 0 0
vt 0.0555555559694767 0
vt 0.1111111119389534 0
vt 0.1666666716337204 0
vt 0.2222222238779068 0
vt 0.2777777910232544 0
vt 0.3333333432674408 0
vt 0.3888888955116272 0
vt 0.4444444477558136 0
vt 0.5 0
vt 0.5555555820465088 0
vt 0.6111111044883728 0
vt 0.6666666865348816 0
vt 0.7222222089767456 0
vt 0.7777777910232544 0
vt 0.8333333134651184 0
vt 0.8888888955116272 0
vt 0.9444444179534912 0
vt 1 0
vt 0 0.125
vt 0.0555555559694767 0.125
vt 0.1111111119389534 0.125
vt 0.1666666716337204 0.125
vt 0.2222222238779068 0.125
vt 0.2777777910232544 0.125
vt 0.3333333432674408 0.125
vt 0.3888888955116272 0.125
vt 0.4444444477558136 0.125
vt 0.5 0.125
vt 0.5555555820465088 0.125
vt 0.6111111044883728 0.125
vt 0.6666666865348816 0.125
vt 0.7222222089767456 0.125
vt 0.7777777910232544 0.125
vt 0.8333333134651184 0.125
vt 0.8888888955116272 0.125
vt 0.9444444179534912 0.125
vt 1 0.125
vt 0 0.25
vt 0.0555555559694767 0.25
vt 0.1111111119389534 0.25
vt 0.1666666716337204 0.25
vt 0.2222222238779068 0.25
vt 0.2777777910232544 0.25
vt 0.3333333432674408 0.25
vt 0.3888888955116272 0.25
vt 0.4444444477558136 0.25
vt 0.5 0.25
vt 0.5555555820465088 0.25
vt 0.6111111044883728 0.25
vt 0.6666666865348816 0.25
vt 0.7222222089767456 0.25
vt 0.7777777910232544 0.25
vt 0.8333333134651184 0.25
vt 0.8888888955116272 0.25
vt 0.9444444179534912 0.25
vt 1 0.25
vt 0 0.375
vt 0.0555555559694767 0.375
vt 0.1111111119389534 0.375
vt 0.1666666716337204 0.375
vt 0.2222222238779068 0.375
vt 0.2777777910232544 0.375
vt 0.3333333432674408 0.375
vt 0.3888888955116272 0.375
vt 0.4444444477558136 0.375
vt 0.5 0.375
vt 0.5555555820465088 0.375
vt 0.6111111044883728 0.375
vt 0.6666666865348816 0.375
vt 0.7222222089767456 0.375
vt 0.7777777910232544 0.375
vt 0.8333333134651184 0.375
vt 0.8888888955116272 0.375
vt 0.9444444179534912 0.375
vt 1 0.375
vt 0 0.5
vt 0.0555555559694767 0.5
vt 0.1111111119389534 0.5
vt 0.1666666716337204 0.5
vt 0.2222222238779068 0.5
vt 0.2777777910232544 0.5
vt 0.3333333432674408 0.5
vt 0.3888888955116272 0.5
vt 0.4444444477558136 0.5
vt 0.5 0.5
vt 0.5555555820465088 0.5
vt 0.6111111044883728 0.5
vt 0.6666666865348816 0.5
vt 0.7222222089767456 0.5
vt 0.7777777910232544 0.5
vt 0.8333333134651184 0.5
vt 0.8888888955116272 0.5
vt 0.9444444179534912 0.5
vt 1 0.5
vt 0 0.625
vt 0.0555555559694767 0.625
vt 0.1111111119389534 0.625
vt 0.1666666716337204 0.625
vt 0.2222222238779068 0.625
vt 0.2777777910232544 0.625
vt 0.3333333432674408 0.625
vt 0.3888888955116272 0.625
vt 0.4444444477558136 0.625
vt 0.5 0.625
vt 0.5555555820465088 0.625
vt 0.6111111044883728 0.625
vt 0.6666666865348816 0.625
vt 0.7222222089767456 0.625
vt 0.7777777910232544 0.625
vt 0.8333333134651184 0.625
vt 0.8888888955116272 0.625
vt 0.9444444179534912 0.625
vt 1 0.625
vt 0 0.75
vt 0.0555555559694767 0.75
vt 0.1111111119389534 0.75
vt 0.1666666716337204 0.75
vt 0.2222222238779068 0.75
vt 0.2777777910232544 0.75
vt 0.3333333432674408 0.75
vt 0.3888888955116272 0.75
vt 0.4444444477558136 0.75
vt 0.5 0.75
vt 0.5555555820465088 0.75
vt 0.6111111044883728 0.75
vt 0.6666666865348816 0.75
vt 0.7222222089767456 0.75
vt 0.7777777910232544 0.75
vt 0.8333333134651184 0.75
vt 0.8888888955116272 0.75
vt 0.9444444179534912 0.75
vt 1 0.75
vt 0 0.875
vt 0.0555555559694767 0.875
vt 0.1111111119389534 0.875
vt 0.1666666716337204 0.875
vt 0.2222222238779068 0.875
vt 0.2777777910232544 0.875
vt 0.3333333432674408 0.875
vt 0.3888888955116272 0.875
vt 0.4444444477558136 0.875
vt 0.5 0.875
vt 0.5555555820465088 0.875
vt 0.6111111044883728 0.875
vt 0.6666666865348816 0.875
vt 0.7222222089767456 0.875
vt 0.7777777910232544 0.875
vt 0.8333333134651184 0.875
vt 0.8888888955116272 0.875
vt 0.9444444179534912 0.875
vt 1 0.875
vt 0 1
vt 0.0555555559694767 1
vt 0.1111111119389534 1
vt 0.1666666716337204 1
vt 0.2222222238779068 1
vt 0.2777777910232544 1
vt 0.3333333432674408 1
vt 0.3888888955116272 1
vt 0.4444444477558136 1
vt 0.5 1
vt 0.5555555820465088 1
vt 0.6111111044883728 1
vt 0.6666666865348816 1
vt 0.7222222089767456 1
vt 0.7777777910232544 1
vt 0.8333333134651184 1
vt 0.8888888955116272 1
vt 0.9444444179534912 1
vt 1 1
vn -1 1.2246467991473532e-16 0
vn -0.9848077521541907 -0.17364818253298767 0
vn -0.9396926168497419 -0.34202015414019754 0
vn -0.8660253998985326 -0.5000000067305868 0
vn -0.7660444283313823 -0.6427876273097092 0
vn -0.6427876273097094 -0.7660444283313821 0
vn -0.500000006730587 -0.8660253998985323 0
vn -0.34202015414019765 -0.9396926168497417 0
vn -0.1736481825329879 -0.9848077521541907 0
vn -1.8369702254399371e-16 -1 0
vn 0.17364818253298767 -0.9848077521541907 0
vn 0.34202015414019754 -0.9396926168497419 0
vn 0.5000000067305868 -0.8660253998985326 0
vn 0.6427876273097092 -0.7660444283313823 0
vn 0.7660444283313821 -0.6427876273097094 0
vn 0.8660253998985323 -0.500000006730587 0
vn 0.9396926168497417 -0.34202015414019765 0
vn 0.9848077521541907 -0.1736481825329879 0
vn 1 -2.4492936517325213e-16 0
vn -0.7071067811865476 8.659560562354933e-17 0.7071067811865476
vn -0.6963642378983899 -0.12278780586971602 0.707106783241326
vn -0.6644630412717117 -0.24184475768484892 0.7071067670191711
vn -0.6123724561743086 -0.35355338349930815 0.7071067669986164
vn -0.5416752170037225 -0.45451948634443184 0.7071067782288358
vn -0.45451948634443196 -0.5416752170037222 0.7071067782288358
vn -0.35355338349930826 -0.6123724561743086 0.7071067669986164
vn -0.2418447576848491 -0.6644630412717117 0.7071067670191711
vn -0.12278780586971619 -0.6963642378983899 0.707106783241326
vn -1.2989340938169243e-16 -0.7071067811865476 0.7071067811865476
vn 0.12278780586971602 -0.6963642378983899 0.707106783241326
vn 0.24184475768484892 -0.6644630412717117 0.7071067670191711
vn 0.35355338349930815 -0.6123724561743086 0.7071067669986164
vn 0.45451948634443184 -0.5416752170037225 0.7071067782288358
vn 0.5416752170037222 -0.45451948634443196 0.7071067782288358
vn 0.6123724561743086 -0.35355338349930826 0.7071067669986164
vn 0.6644630412717117 -0.2418447576848491 0.7071067670191711
vn 0.6963642378983899 -0.12278780586971619 0.707106783241326
vn 0.7071067811865476 -1.7319121313983555e-16 0.7071067811865476
vn 0 0 1
vn 0 0 1
vn 0 0 1
vn 0 0 1
vn 0 0 1
vn 0 0 1
vn 0 0 1
vn 0 0 1
vn 0 0 1
vn 0 0 1
vn 0 0 1
vn 0 0 1
vn 0 0 1
vn 0 0 1
vn 0 0 1
vn 0 0 1
vn 0 0 1
vn 0 0 1
vn 0 0 1
vn 0.7071067811865476 -8.659560562354933e-17 0.7071067811865476
vn 0.6963642378983899 0.12278780586971602 0.707106783241326
vn 0.6644630412717117 0.24184475768484892 0.7071067670191711
vn 0.6123724561743086 0.35355338349930815 0.7071067669986164
vn 0.5416752170037225 0.45451948634443184 0.7071067782288358
vn 0.45451948634443196 0.5416752170037222 0.7071067782288358
vn 0.35355338349930826 0.6123724561743086 0.7071067669986164
vn 0.2418447576848491 0.6644630412717117 0.7071067670191711
vn 0.12278780586971619 0.6963642378983899 0.707106783241326
vn 1.2989340938169243e-16 0.7071067811865476 0.7071067811865476
vn -0.12278780586971602 0.6963642378983899 0.707106783241326
vn -0.24184475768484892 0.6644630412717117 0.7071067670191711
vn -0.35355338349930815 0.6123724561743086 0.7071067669986164
vn -0.45451948634443184 0.5416752170037225 0.7071067782288358
vn -0.5416752170037222 0.45451948634443196 0.7071067782288358
vn -0.6123724561743086 0.35355338349930826 0.7071067669986164
vn -0.6644630412717117 0.2418447576848491 0.7071067670191711
vn -0.6963642378983899 0.12278780586971619 0.707106783241326
vn -0.7071067811865476 1.7319121313983555e-16 0.7071067811865476
vn 1 -1.2246467991473532e-16 1.2246468525851679e-16
vn 0.9848077521541907 0.17364818253298767 1.22464688048163e-16
vn 0.9396926168497419 0.34202015414019754 1.2246468530895672e-16
vn 0.8660253998985326 0.5000000067305868 1.224646869070352e-16
vn 0.7660444283313823 0.6427876273097092 1.2246468373116983e-16
vn 0.6427876273097094 0.7660444283313821 1.2246468373116983e-16
vn 0.500000006730587 0.8660253998985323 1.224646869070352e-16
vn 0.34202015414019765 0.9396926168497417 1.224646853089567e-16
vn 0.1736481825329879 0.9848077521541907 1.22464688048163e-16
vn 1.8369702254399371e-16 1 1.2246468525851679e-16
vn -0.17364818253298767 0.9848077521541907 1.22464688048163e-16
vn -0.34202015414019754 0.9396926168497419 1.2246468530895672e-16
vn -0.5000000067305868 0.8660253998985326 1.224646869070352e-16
vn -0.6427876273097092 0.7660444283313823 1.2246468373116983e-16
vn -0.7660444283313821 0.6427876273097094 1.2246468373116983e-16
vn -0.8660253998985323 0.500000006730587 1.224646869070352e-16
vn -0.9396926168497417 0.34202015414019765 1.224646853089567e-16
vn -0.9848077521541907 0.1736481825329879 1.22464688048163e-16
vn -1 2.4492936517325213e-16 1.2246468525851679e-16
vn 0.7071067811865476 -8.659560562354933e-17 -0.7071067811865476
vn 0.6963642378983899 0.12278780586971602 -0.707106783241326
vn 0.6644630412717117 0.24184475768484892 -0.7071067670191711
vn 0.6123724561743086 0.35355338349930815 -0.7071067669986164
vn 0.5416752170037225 0.45451948634443184 -0.7071067782288358
vn 0.45451948634443196 0.5416752170037222 -0.7071067782288358
vn 0.35355338349930826 0.6123724561743086 -0.7071067669986164
vn 0.2418447576848491 0.6644630412717117 -0.7071067670191711
vn 0.12278780586971619 0.6963642378983899 -0.707106783241326
vn 1.2989340938169243e-16 0.7071067811865476 -0.7071067811865476
vn -0.12278780586971602 0.6963642378983899 -0.707106783241326
vn -0.24184475768484892 0.6644630412717117 -0.7071067670191711
vn -0.35355338349930815 0.6123724561743086 -0.7071067669986164
vn -0.45451948634443184 0.5416752170037225 -0.7071067782288358
vn -0.5416752170037222 0.45451948634443196 -0.7071067782288358
vn -0.6123724561743086 0.35355338349930826 -0.7071067669986164
vn -0.6644630412717117 0.2418447576848491 -0.7071067670191711
vn -0.6963642378983899 0.12278780586971619 -0.707106783241326
vn -0.7071067811865476 1.7319121313983555e-16 -0.7071067811865476
vn 0 0 -1
vn 0 0 -1
vn 0 0 -1
vn 0 0 -1
vn 0 0 -1
vn 0 0 -1
vn 0 0 -1
vn 0 0 -1
vn 0 0 -1
vn 0 0 -1
vn 0 0 -1
vn 0 0 -1
vn 0 0 -1
vn 0 0 -1
vn 0 0 -1
vn 0 0 -1
vn 0 0 -1
vn 0 0 -1
vn 0 0 -1
vn -0.7071067811865476 8.659560562354933e-17 -0.7071067811865476
vn -0.6963642378983899 -0.12278780586971602 -0.707106783241326
vn -0.6644630412717117 -0.24184475768484892 -0.7071067670191711
vn -0.6123724561743086 -0.35355338349930815 -0.7071067669986164
vn -0.5416752170037225 -0.45451948634443184 -0.7071067782288358
vn -0.45451948634443196 -0.5416752170037222 -0.7071067782288358
vn -0.35355338349930826 -0.6123724561743086 -0.7071067669986164
vn -0.2418447576848491 -0.6644630412717117 -0.7071067670191711
vn -0.12278780586971619 -0.6963642378983899 -0.707106783241326
vn -1.2989340938169243e-16 -0.7071067811865476 -0.7071067811865476
vn 0.12278780586971602 -0.6963642378983899 -0.707106783241326
vn 0.24184475768484892 -0.6644630412717117 -0.7071067670191711
vn 0.35355338349930815 -0.6123724561743086 -0.7071067669986164
vn 0.45451948634443184 -0.5416752170037225 -0.7071067782288358
vn 0.5416752170037222 -0.45451948634443196 -0.7071067782288358
vn 0.6123724561743086 -0.35355338349930826 -0.7071067669986164
vn 0.6644630412717117 -0.2418447576848491 -0.7071067670191711
vn 0.6963642378983899 -0.12278780586971619 -0.707106783241326
vn 0.7071067811865476 -1.7319121313983555e-16 -0.7071067811865476
vn -1 1.2246467991473532e-16 -2.4492937051703357e-16
vn -0.9848077521541907 -0.17364818253298767 -2.44929376096326e-16
vn -0.9396926168497419 -0.34202015414019754 -2.4492937061791345e-16
vn -0.8660253998985326 -0.5000000067305868 -2.449293738140704e-16
vn -0.7660444283313823 -0.6427876273097092 -2.4492936746233967e-16
vn -0.6427876273097094 -0.7660444283313821 -2.4492936746233967e-16
vn -0.500000006730587 -0.8660253998985323 -2.449293738140704e-16
vn -0.34202015414019765 -0.9396926168497417 -2.449293706179134e-16
vn -0.1736481825329879 -0.9848077521541907 -2.44929376096326e-16
vn -1.8369702254399371e-16 -1 -2.4492937051703357e-16
vn 0.17364818253298767 -0.9848077521541907 -2.44929376096326e-16
vn 0.34202015414019754 -0.9396926168497419 -2.4492937061791345e-16
vn 0.5000000067305868 -0.8660253998985326 -2.449293738140704e-16
vn 0.6427876273097092 -0.7660444283313823 -2.4492936746233967e-16
vn 0.7660444283313821 -0.6427876273097094 -2.4492936746233967e-16
vn 0.8660253998985323 -0.500000006730587 -2.449293738140704e-16
vn 0.9396926168497417 -0.34202015414019765 -2.449293706179134e-16
vn 0.9848077521541907 -0.1736481825329879 -2.44929376096326e-16
vn 1 -2.4492936517325213e-16 -2.4492937051703357e-16
f 1069/1069/1069 1050/1050/1050 1070/1070/1070
f 1050/1050/1050 1051/1051/1051 1070/1070/1070
f 1070/1070/1070 1051/1051/1051 1071/1071/1071
f 1051/1051/1051 1052/1052/1052 1071/1071/1071
f 1071/1071/1071 1052/1052/1052 1072/1072/1072
f 1052/1052/1052 1053/1053/1053 1072/1072/1072
f 1072/1072/1072 1053/1053/1053 1073/1073/1073
f 1053/1053/1053 1054/1054/1054 1073/1073/1073
f 1073/1073/1073 1054/1054/1054 1074/1074/1074
f 1054/1054/1054 1055/1055/1055 1074/1074/1074
f 1074/1074/1074 1055/1055/1055 1075/1075/1075
f 1055/1055/1055 1056/1056/1056 1075/1075/1075
f 1075/1075/1075 1056/1056/1056 1076/1076/1076
f 1056/1056/1056 1057/1057/1057 1076/1076/1076
f 1076/1076/1076 1057/1057/1057 1077/1077/1077
f 1057/1057/1057 1058/1058/1058 1077/1077/1077
f 1077/1077/1077 1058/1058/1058 1078/1078/1078
f 1058/1058/1058 1059/1059/1059 1078/1078/1078
f 1078/1078/1078 1059/1059/1059 1079/1079/1079
f 1059/1059/1059 1060/1060/1060 1079/1079/1079
f 1079/1079/1079 1060/1060/1060 1080/1080/1080
f 1060/1060/1060 1061/1061/1061 1080/1080/1080
f 1080/1080/1080 1061/1061/1061 1081/1081/1081
f 1061/1061/1061 1062/1062/1062 1081/1081/1081
f 1081/1081/1081 1062/1062/1062 1082/1082/1082
f 1062/1062/1062 1063/1063/1063 1082/1082/1082
f 1082/1082/1082 1063/1063/1063 1083/1083/1083
f 1063/1063/1063 1064/1064/1064 1083/1083/1083
f 1083/1083/1083 1064/1064/1064 1084/1084/1084
f 1064/1064/1064 1065/1065/1065 1084/1084/1084
f 1084/1084/1084 1065/1065/1065 1085/1085/1085
f 1065/1065/1065 1066/1066/1066 1085/1085/1085
f 1085/1085/1085 1066/1066/1066 1086/1086/1086
f 1066/1066/1066 1067/1067/1067 1086/1086/1086
f 1086/1086/1086 1067/1067/1067 1087/1087/1087
f 1067/1067/1067 1068/1068/1068 1087/1087/1087
f 1088/1088/1088 1069/1069/1069 1089/1089/1089
f 1069/1069/1069 1070/1070/1070 1089/1089/1089
f 1089/1089/1089 1070/1070/1070 1090/1090/1090
f 1070/1070/1070 1071/1071/1071 1090/1090/1090
f 1090/1090/1090 1071/1071/1071 1091/1091/1091
f 1071/1071/1071 1072/1072/1072 1091/1091/1091
f 1091/1091/1091 1072/1072/1072 1092/1092/1092
f 1072/1072/1072 1073/1073/1073 1092/1092/1092
f 1092/1092/1092 1073/1073/1073 1093/1093/1093
f 1073/1073/1073 1074/1074/1074 1093/1093/1093
f 1093/1093/1093 1074/1074/1074 1094/1094/1094
f 1074/1074/1074 1075/1075/1075 1094/1094/1094
f 1094/1094/1094 1075/1075/1075 1095/1095/1095
f 1075/1075/1075 1076/1076/1076 1095/1095/1095
f 1095/1095/1095 1076/1076/1076 1096/1096/1096
f 1076/1076/1076 1077/1077/1077 1096/1096/1096
f 1096/1096/1096 1077/1077/1077 1097/1097/1097
f 1077/1077/1077 1078/1078/1078 1097/1097/1097
f 1097/1097/1097 1078/1078/1078 1098/1098/1098
f 1078/1078/1078 1079/1079/1079 1098/1098/1098
f 1098/1098/1098 1079/1079/1079 1099/1099/1099
f 1079/1079/1079 1080/1080/1080 1099/1099/1099
f 1099/1099/1099 1080/1080/1080 1100/1100/1100
f 1080/1080/1080 1081/1081/1081 1100/1100/1100
f 1100/1100/1100 1081/1081/1081 1101/1101/1101
f 1081/1081/1081 1082/1082/1082 1101/1101/1101
f 1101/1101/1101 1082/1082/1082 1102/1102/1102
f 1082/1082/1082 1083/1083/1083 1102/1102/1102
f 1102/1102/1102 1083/1083/1083 1103/1103/1103
f 1083/1083/1083 1084/1084/1084 1103/1103/1103
f 1103/1103/1103 1084/1084/1084 1104/1104/1104
f 1084/1084/1084 1085/1085/1085 1104/1104/1104
f 1104/1104/1104 1085/1085/1085 1105/1105/1105
f 1085/1085/1085 1086/1086/1086 1105/1105/1105
f 1105/1105/1105 1086/1086/1086 1106/1106/1106
f 1086/1086/1086 1087/1087/1087 1106/1106/1106
f 1107/1107/1107 1088/1088/1088 1108/1108/1108
f 1088/1088/1088 1089/1089/1089 1108/1108/1108
f 1108/1108/1108 1089/1089/1089 1109/1109/1109
f 1089/1089/1089 1090/1090/1090 1109/1109/1109
f 1109/1109/1109 1090/1090/1090 1110/1110/1110
f 1090/1090/1090 1091/1091/1091 1110/1110/1110
f 1110/1110/1110 1091/1091/1091 1111/1111/1111
f 1091/1091/1091 1092/1092/1092 1111/1111/1111
f 1111/1111/1111 1092/1092/1092 1112/1112/1112
f 1092/1092/1092 1093/1093/1093 1112/1112/1112
f 1112/1112/1112 1093/1093/1093 1113/1113/1113
f 1093/1093/1093 1094/1094/1094 1113/1113/1113
f 1113/1113/1113 1094/1094/1094 1114/1114/1114
f 1094/1094/1094 1095/1095/1095 1114/1114/1114
f 1114/1114/1114 1095/1095/1095 1115/1115/1115
f 1095/1095/1095 1096/1096/1096 1115/1115/1115
f 1115/1115/1115 1096/1096/1096 1116/1116/1116
f 1096/1096/1096 1097/1097/1097 1116/1116/1116
f 1116/1116/1116 1097/1097/1097 1117/1117/1117
f 1097/1097/1097 1098/1098/1098 1117/1117/1117
f 1117/1117/1117 1098/1098/1098 1118/1118/1118
f 1098/1098/1098 1099/1099/1099 1118/1118/1118
f 1118/1118/1118 1099/1099/1099 1119/1119/1119
f 1099/1099/1099 1100/1100/1100 1119/1119/1119
f 1119/1119/1119 1100/1100/1100 1120/1120/1120
f 1100/1100/1100 1101/1101/1101 1120/1120/1120
f 1120/1120/1120 1101/1101/1101 1121/1121/1121
f 1101/1101/1101 1102/1102/1102 1121/1121/1121
f 1121/1121/1121 1102/1102/1102 1122/1122/1122
f 1102/1102/1102 1103/1103/1103 1122/1122/1122
f 1122/1122/1122 1103/1103/1103 1123/1123/1123
f 1103/1103/1103 1104/1104/1104 1123/1123/1123
f 1123/1123/1123 1104/1104/1104 1124/1124/1124
f 1104/1104/1104 1105/1105/1105 1124/1124/1124
f 1124/1124/1124 1105/1105/1105 1125/1125/1125
f 1105/1105/1105 1106/1106/1106 1125/1125/1125
f 1126/1126/1126 1107/1107/1107 1127/1127/1127
f 1107/1107/1107 1108/1108/1108 1127/1127/1127
f 1127/1127/1127 1108/1108/1108 1128/1128/1128
f 1108/1108/1108 1109/1109/1109 1128/1128/1128
f 1128/1128/1128 1109/1109/1109 1129/1129/1129
f 1109/1109/1109 1110/1110/1110 1129/1129/1129
f 1129/1129/1129 1110/1110/1110 1130/1130/1130
f 1110/1110/1110 1111/1111/1111 1130/1130/1130
f 1130/1130/1130 1111/1111/1111 1131/1131/1131
f 1111/1111/1111 1112/1112/1112 1131/1131/1131
f 1131/1131/1131 1112/1112/1112 1132/1132/1132
f 1112/1112/1112 1113/1113/1113 1132/1132/1132
f 1132/1132/1132 1113/1113/1113 1133/1133/1133
f 1113/1113/1113 1114/1114/1114 1133/1133/1133
f 1133/1133/1133 1114/1114/1114 1134/1134/1134
f 1114/1114/1114 1115/1115/1115 1134/1134/1134
f 1134/1134/1134 1115/1115/1115 1135/1135/1135
f 1115/1115/1115 1116/1116/1116 1135/1135/1135
f 1135/1135/1135 1116/1116/1116 1136/1136/1136
f 1116/1116/1116 1117/1117/1117 1136/1136/1136
f 1136/1136/1136 1117/1117/1117 1137/1137/1137
f 1117/1117/1117 1118/1118/1118 1137/1137/1137
f 1137/1137/1137 1118/1118/1118 1138/1138/1138
f 1118/1118/1118 1119/1119/1119 1138/1138/1138
f 1138/1138/1138 1119/1119/1119 1139/1139/1139
f 1119/1119/1119 1120/1120/1120 1139/1139/1139
f 1139/1139/1139 1120/1120/1120 1140/1140/1140
f 1120/1120/1120 1121/1121/1121 1140/1140/1140
f 1140/1140/1140 1121/1121/1121 1141/1141/1141
f 1121/1121/1121 1122/1122/1122 1141/1141/1141
f 1141/1141/1141 1122/1122/1122 1142/1142/1142
f 1122/1122/1122 1123/1123/1123 1142/1142/1142
f 1142/1142/1142 1123/1123/1123 1143/1143/1143
f 1123/1123/1123 1124/1124/1124 1143/1143/1143
f 1143/1143/1143 1124/1124/1124 1144/1144/1144
f 1124/1124/1124 1125/1125/1125 1144/1144/1144
f 1145/1145/1145 1126/1126/1126 1146/1146/1146
f 1126/1126/1126 1127/1127/1127 1146/1146/1146
f 1146/1146/1146 1127/1127/1127 1147/1147/1147
f 1127/1127/1127 1128/1128/1128 1147/1147/1147
f 1147/1147/1147 1128/1128/1128 1148/1148/1148
f 1128/1128/1128 1129/1129/1129 1148/1148/1148
f 1148/1148/1148 1129/1129/1129 1149/1149/1149
f 1129/1129/1129 1130/1130/1130 1149/1149/1149
f 1149/1149/1149 1130/1130/1130 1150/1150/1150
f 1130/1130/1130 1131/1131/1131 1150/1150/1150
f 1150/1150/1150 1131/1131/1131 1151/1151/1151
f 1131/1131/1131 1132/1132/1132 1151/1151/1151
f 1151/1151/1151 1132/1132/1132 1152/1152/1152
f 1132/1132/1132 1133/1133/1133 1152/1152/1152
f 1152/1152/1152 1133/1133/1133 1153/1153/1153
f 1133/1133/1133 1134/1134/1134 1153/1153/1153
f 1153/1153/1153 1134/1134/1134 1154/1154/1154
f 1134/1134/1134 1135/1135/1135 1154/1154/1154
f 1154/1154/1154 1135/1135/1135 1155/1155/1155
f 1135/1135/1135 1136/1136/1136 1155/1155/1155
f 1155/1155/1155 1136/1136/1136 1156/1156/1156
f 1136/1136/1136 1137/1137/1137 1156/1156/1156
f 1156/1156/1156 1137/1137/1137 1157/1157/1157
f 1137/1137/1137 1138/1138/1138 1157/1157/1157
f 1157/1157/1157 1138/1138/1138 1158/1158/1158
f 1138/1138/1138 1139/1139/1139 1158/1158/1158
f 1158/1158/1158 1139/1139/1139 1159/1159/1159
f 1139/1139/1139 1140/1140/1140 1159/1159/1159
f 1159/1159/1159 1140/1140/1140 1160/1160/1160
f 1140/1140/1140 1141/1141/1141 1160/1160/1160
f 1160/1160/1160 1141/1141/1141 1161/1161/1161
f 1141/1141/1141 1142/1142/1142 1161/1161/1161
f 1161/1161/1161 1142/1142/1142 1162/1162/1162
f 1142/1142/1142 1143/1143/1143 1162/1162/1162
f 1162/1162/1162 1143/1143/1143 1163/1163/1163
f 1143/1143/1143 1144/1144/1144 1163/1163/1163
f 1164/1164/1164 1145/1145/1145 1165/1165/1165
f 1145/1145/1145 1146/1146/1146 1165/1165/1165
f 1165/1165/1165 1146/1146/1146 1166/1166/1166
f 1146/1146/1146 1147/1147/1147 1166/1166/1166
f 1166/1166/1166 1147/1147/1147 1167/1167/1167
f 1147/1147/1147 1148/1148/1148 1167/1167/1167
f 1167/1167/1167 1148/1148/1148 1168/1168/1168
f 1148/1148/1148 1149/1149/1149 1168/1168/1168
f 1168/1168/1168 1149/1149/1149 1169/1169/1169
f 1149/1149/1149 1150/1150/1150 1169/1169/1169
f 1169/1169/1169 1150/1150/1150 1170/1170/1170
f 1150/1150/1150 1151/1151/1151 1170/1170/1170
f 1170/1170/1170 1151/1151/1151 1171/1171/1171
f 1151/1151/1151 1152/1152/1152 1171/1171/1171
f 1171/1171/1171 1152/1152/1152 1172/1172/1172
f 1152/1152/1152 1153/1153/1153 1172/1172/1172
f 1172/1172/1172 1153/1153/1153 1173/1173/1173
f 1153/1153/1153 1154/1154/1154 1173/1173/1173
f 1173/1173/1173 1154/1154/1154 1174/1174/1174
f 1154/1154/1154 1155/1155/1155 1174/1174/1174
f 1174/1174/1174 1155/1155/1155 1175/1175/1175
f 1155/1155/1155 1156/1156/1156 1175/1175/1175
f 1175/1175/1175 1156/1156/1156 1176/1176/1176
f 1156/1156/1156 1157/1157/1157 1176/1176/1176
f 1176/1176/1176 1157/1157/1157 1177/1177/1177
f 1157/1157/1157 1158/1158/1158 1177/1177/1177
f 1177/1177/1177 1158/1158/1158 1178/1178/1178
f 1158/1158/1158 1159/1159/1159 1178/1178/1178
f 1178/1178/1178 1159/1159/1159 1179/1179/1179
f 1159/1159/1159 1160/1160/1160 1179/1179/1179
f 1179/1179/1179 1160/1160/1160 1180/1180/1180
f 1160/1160/1160 1161/1161/1161 1180/1180/1180
f 1180/1180/1180 1161/1161/1161 1181/1181/1181
f 1161/1161/1161 1162/1162/1162 1181/1181/1181
f 1181/1181/1181 1162/1162/1162 1182/1182/1182
f 1162/1162/1162 1163/1163/1163 1182/1182/1182
f 1183/1183/1183 1164/1164/1164 1184/1184/1184
f 1164/1164/1164 1165/1165/1165 1184/1184/1184
f 1184/1184/1184 1165/1165/1165 1185/1185/1185
f 1165/1165/1165 1166/1166/1166 1185/1185/1185
f 1185/1185/1185 1166/1166/1166 1186/1186/1186
f 1166/1166/1166 1167/1167/1167 1186/1186/1186
f 1186/1186/1186 1167/1167/1167 1187/1187/1187
f 1167/1167/1167 1168/1168/1168 1187/1187/1187
f 1187/1187/1187 1168/1168/1168 1188/1188/1188
f 1168/1168/1168 1169/1169/1169 1188/1188/1188
f 1188/1188/1188 1169/1169/1169 1189/1189/1189
f 1169/1169/1169 1170/1170/1170 1189/1189/1189
f 1189/1189/1189 1170/1170/1170 1190/1190/1190
f 1170/1170/1170 1171/1171/1171 1190/1190/1190
f 1190/1190/1190 1171/1171/1171 1191/1191/1191
f 1171/1171/1171 1172/1172/1172 1191/1191/1191
f 1191/1191/1191 1172/1172/1172 1192/1192/1192
f 1172/1172/1172 1173/1173/1173 1192/1192/1192
f 1192/1192/1192 1173/1173/1173 1193/1193/1193
f 1173/1173/1173 1174/1174/1174 1193/1193/1193
f 1193/1193/1193 1174/1174/1174 1194/1194/1194
f 1174/1174/1174 1175/1175/1175 1194/1194/1194
f 1194/1194/1194 1175/1175/1175 1195/1195/1195
f 1175/1175/1175 1176/1176/1176 1195/1195/1195
f 1195/1195/1195 1176/1176/1176 1196/1196/1196
f 1176/1176/1176 1177/1177/1177 1196/1196/1196
f 1196/1196/1196 1177/1177/1177 1197/1197/1197
f 1177/1177/1177 1178/1178/1178 1197/1197/1197
f 1197/1197/1197 1178/1178/1178 1198/1198/1198
f 1178/1178/1178 1179/1179/1179 1198/1198/1198
f 1198/1198/1198 1179/1179/1179 1199/1199/1199
f 1179/1179/1179 1180/1180/1180 1199/1199/1199
f 1199/1199/1199 1180/1180/1180 1200/1200/1200
f 1180/1180/1180 1181/1181/1181 1200/1200/1200
f 1200/1200/1200 1181/1181/1181 1201/1201/1201
f 1181/1181/1181 1182/1182/1182 1201/1201/1201
f 1202/1202/1202 1183/1183/1183 1203/1203/1203
f 1183/1183/1183 1184/1184/1184 1203/1203/1203
f 1203/1203/1203 1184/1184/1184 1204/1204/1204
f 1184/1184/1184 1185/1185/1185 1204/1204/1204
f 1204/1204/1204 1185/1185/1185 1205/1205/1205
f 1185/1185/1185 1186/1186/1186 1205/1205/1205
f 1205/1205/1205 1186/1186/1186 1206/1206/1206
f 1186/1186/1186 1187/1187/1187 1206/1206/1206
f 1206/1206/1206 1187/1187/1187 1207/1207/1207
f 1187/1187/1187 1188/1188/1188 1207/1207/1207
f 1207/1207/1207 1188/1188/1188 1208/1208/1208
f 1188/1188/1188 1189/1189/1189 1208/1208/1208
f 1208/1208/1208 1189/1189/1189 1209/1209/1209
f 1189/1189/1189 1190/1190/1190 1209/1209/1209
f 1209/1209/1209 1190/1190/1190 1210/1210/1210
f 1190/1190/1190 1191/1191/1191 1210/1210/1210
f 1210/1210/1210 1191/1191/1191 1211/1211/1211
f 1191/1191/1191 1192/1192/1192 1211/1211/1211
f 1211/1211/1211 1192/1192/1192 1212/1212/1212
f 1192/1192/1192 1193/1193/1193 1212/1212/1212
f 1212/1212/1212 1193/1193/1193 1213/1213/1213
f 1193/1193/1193 1194/1194/1194 1213/1213/1213
f 1213/1213/1213 1194/1194/1194 1214/1214/1214
f 1194/1194/1194 1195/1195/1195 1214/1214/1214
f 1214/1214/1214 1195/1195/1195 1215/1215/1215
f 1195/1195/1195 1196/1196/1196 1215/1215/1215
f 1215/1215/1215 1196/1196/1196 1216/1216/1216
f 1196/1196/1196 1197/1197/1197 1216/1216/1216
f 1216/1216/1216 1197/1197/1197 1217/1217/1217
f 1197/1197/1197 1198/1198/1198 1217/1217/1217
f 1217/1217/1217 1198/1198/1198 1218/1218/1218
f 1198/1198/1198 1199/1199/1199 1218/1218/1218
f 1218/1218/1218 1199/1199/1199 1219/1219/1219
f 1199/1199/1199 1200/1200/1200 1219/1219/1219
f 1219/1219/1219 1200/1200/1200 1220/1220/1220
f 1200/1200/1200 1201/1201/1201 1220/1220/1220
o cheek_dot
usemtl hazard
v -0.26 1.1620000012218952 0.3399999997764826
v -0.2376641596108675 1.169257354736328 0.3399999997764826
v -0.22385985240340234 1.1882573541253805 0.3399999997764826
v -0.22385985240340234 1.2117426458746194 0.3399999997764826
v -0.2376641596108675 1.2307426452636718 0.3399999997764826
v -0.26 1.2379999987781047 0.3399999997764826
v -0.2823358403891325 1.2307426452636718 0.3399999997764826
v -0.2961401475965977 1.2117426458746194 0.3399999997764826
v -0.2961401475965977 1.1882573541253805 0.3399999997764826
v -0.2823358403891325 1.169257354736328 0.3399999997764826
v -0.26 1.1620000012218952 0.3399999997764826
v -0.26 1.1620000012218952 0.32000000022351743
v -0.2376641596108675 1.169257354736328 0.32000000022351743
v -0.22385985240340234 1.1882573541253805 0.32000000022351743
v -0.22385985240340234 1.2117426458746194 0.32000000022351743
v -0.2376641596108675 1.2307426452636718 0.32000000022351743
v -0.26 1.2379999987781047 0.32000000022351743
v -0.2823358403891325 1.2307426452636718 0.32000000022351743
v -0.2961401475965977 1.2117426458746194 0.32000000022351743
v -0.2961401475965977 1.1882573541253805 0.32000000022351743
v -0.2823358403891325 1.169257354736328 0.32000000022351743
v -0.26 1.1620000012218952 0.32000000022351743
v -0.26 1.2 0.3399999997764826
v -0.26 1.2 0.3399999997764826
v -0.26 1.2 0.3399999997764826
v -0.26 1.2 0.3399999997764826
v -0.26 1.2 0.3399999997764826
v -0.26 1.2 0.3399999997764826
v -0.26 1.2 0.3399999997764826
v -0.26 1.2 0.3399999997764826
v -0.26 1.2 0.3399999997764826
v -0.26 1.2 0.3399999997764826
v -0.26 1.1620000012218952 0.3399999997764826
v -0.2376641596108675 1.169257354736328 0.3399999997764826
v -0.22385985240340234 1.1882573541253805 0.3399999997764826
v -0.22385985240340234 1.2117426458746194 0.3399999997764826
v -0.2376641596108675 1.2307426452636718 0.3399999997764826
v -0.26 1.2379999987781047 0.3399999997764826
v -0.2823358403891325 1.2307426452636718 0.3399999997764826
v -0.2961401475965977 1.2117426458746194 0.3399999997764826
v -0.2961401475965977 1.1882573541253805 0.3399999997764826
v -0.2823358403891325 1.169257354736328 0.3399999997764826
v -0.26 1.1620000012218952 0.3399999997764826
v -0.26 1.2 0.32000000022351743
v -0.26 1.2 0.32000000022351743
v -0.26 1.2 0.32000000022351743
v -0.26 1.2 0.32000000022351743
v -0.26 1.2 0.32000000022351743
v -0.26 1.2 0.32000000022351743
v -0.26 1.2 0.32000000022351743
v -0.26 1.2 0.32000000022351743
v -0.26 1.2 0.32000000022351743
v -0.26 1.2 0.32000000022351743
v -0.26 1.1620000012218952 0.32000000022351743
v -0.2376641596108675 1.169257354736328 0.32000000022351743
v -0.22385985240340234 1.1882573541253805 0.32000000022351743
v -0.22385985240340234 1.2117426458746194 0.32000000022351743
v -0.2376641596108675 1.2307426452636718 0.32000000022351743
v -0.26 1.2379999987781047 0.32000000022351743
v -0.2823358403891325 1.2307426452636718 0.32000000022351743
v -0.2961401475965977 1.2117426458746194 0.32000000022351743
v -0.2961401475965977 1.1882573541253805 0.32000000022351743
v -0.2823358403891325 1.169257354736328 0.32000000022351743
v -0.26 1.1620000012218952 0.32000000022351743
vt 0 1
vt 0.10000000149011612 1
vt 0.20000000298023224 1
vt 0.30000001192092896 1
vt 0.4000000059604645 1
vt 0.5 1
vt 0.6000000238418579 1
vt 0.699999988079071 1
vt 0.800000011920929 1
vt 0.8999999761581421 1
vt 1 1
vt 0 0
vt 0.10000000149011612 0
vt 0.20000000298023224 0
vt 0.30000001192092896 0
vt 0.4000000059604645 0
vt 0.5 0
vt 0.6000000238418579 0
vt 0.699999988079071 0
vt 0.800000011920929 0
vt 0.8999999761581421 0
vt 1 0
vt 0.5 0.5
vt 0.5 0.5
vt 0.5 0.5
vt 0.5 0.5
vt 0.5 0.5
vt 0.5 0.5
vt 0.5 0.5
vt 0.5 0.5
vt 0.5 0.5
vt 0.5 0.5
vt 1 0.5
vt 0.9045084714889526 0.7938926219940186
vt 0.6545084714889526 0.9755282402038574
vt 0.345491498708725 0.9755282402038574
vt 0.09549150615930557 0.7938926219940186
vt 0 0.5
vt 0.09549150615930557 0.20610737800598145
vt 0.345491498708725 0.024471741169691086
vt 0.6545084714889526 0.024471741169691086
vt 0.9045084714889526 0.20610737800598145
vt 1 0.5
vt 0.5 0.5
vt 0.5 0.5
vt 0.5 0.5
vt 0.5 0.5
vt 0.5 0.5
vt 0.5 0.5
vt 0.5 0.5
vt 0.5 0.5
vt 0.5 0.5
vt 0.5 0.5
vt 1 0.5
vt 0.9045084714889526 0.20610737800598145
vt 0.6545084714889526 0.024471741169691086
vt 0.345491498708725 0.024471741169691086
vt 0.09549150615930557 0.20610737800598145
vt 0 0.5
vt 0.09549150615930557 0.7938926219940186
vt 0.345491498708725 0.9755282402038574
vt 0.6545084714889526 0.9755282402038574
vt 0.9045084714889526 0.7938926219940186
vt 1 0.5
vn 0 -1 2.220446049250313e-16
vn 0.5877852429542022 -0.8090170011595983 1.796378604001166e-16
vn 0.9510565161477913 -0.3090169948284817 6.861555653181067e-17
vn 0.9510565161477913 0.3090169948284817 -6.861555653181067e-17
vn 0.5877852429542022 0.8090170011595983 -1.796378604001166e-16
vn 1.2246468525851679e-16 1 -2.220446049250313e-16
vn -0.5877852429542022 0.8090170011595983 -1.796378604001166e-16
vn -0.9510565161477913 0.3090169948284817 -6.861555653181067e-17
vn -0.9510565161477913 -0.3090169948284817 6.861555653181067e-17
vn -0.5877852429542022 -0.8090170011595983 1.796378604001166e-16
vn -2.4492937051703357e-16 -1 2.220446049250313e-16
vn 0 -1 2.220446049250313e-16
vn 0.5877852429542022 -0.8090170011595983 1.796378604001166e-16
vn 0.9510565161477913 -0.3090169948284817 6.861555653181067e-17
vn 0.9510565161477913 0.3090169948284817 -6.861555653181067e-17
vn 0.5877852429542022 0.8090170011595983 -1.796378604001166e-16
vn 1.2246468525851679e-16 1 -2.220446049250313e-16
vn -0.5877852429542022 0.8090170011595983 -1.796378604001166e-16
vn -0.9510565161477913 0.3090169948284817 -6.861555653181067e-17
vn -0.9510565161477913 -0.3090169948284817 6.861555653181067e-17
vn -0.5877852429542022 -0.8090170011595983 1.796378604001166e-16
vn -2.4492937051703357e-16 -1 2.220446049250313e-16
vn 0 2.220446049250313e-16 1
vn 0 2.220446049250313e-16 1
vn 0 2.220446049250313e-16 1
vn 0 2.220446049250313e-16 1
vn 0 2.220446049250313e-16 1
vn 0 2.220446049250313e-16 1
vn 0 2.220446049250313e-16 1
vn 0 2.220446049250313e-16 1
vn 0 2.220446049250313e-16 1
vn 0 2.220446049250313e-16 1
vn 0 2.220446049250313e-16 1
vn 0 2.220446049250313e-16 1
vn 0 2.220446049250313e-16 1
vn 0 2.220446049250313e-16 1
vn 0 2.220446049250313e-16 1
vn 0 2.220446049250313e-16 1
vn 0 2.220446049250313e-16 1
vn 0 2.220446049250313e-16 1
vn 0 2.220446049250313e-16 1
vn 0 2.220446049250313e-16 1
vn 0 2.220446049250313e-16 1
vn 0 -2.220446049250313e-16 -1
vn 0 -2.220446049250313e-16 -1
vn 0 -2.220446049250313e-16 -1
vn 0 -2.220446049250313e-16 -1
vn 0 -2.220446049250313e-16 -1
vn 0 -2.220446049250313e-16 -1
vn 0 -2.220446049250313e-16 -1
vn 0 -2.220446049250313e-16 -1
vn 0 -2.220446049250313e-16 -1
vn 0 -2.220446049250313e-16 -1
vn 0 -2.220446049250313e-16 -1
vn 0 -2.220446049250313e-16 -1
vn 0 -2.220446049250313e-16 -1
vn 0 -2.220446049250313e-16 -1
vn 0 -2.220446049250313e-16 -1
vn 0 -2.220446049250313e-16 -1
vn 0 -2.220446049250313e-16 -1
vn 0 -2.220446049250313e-16 -1
vn 0 -2.220446049250313e-16 -1
vn 0 -2.220446049250313e-16 -1
vn 0 -2.220446049250313e-16 -1
f 1221/1221/1221 1232/1232/1232 1222/1222/1222
f 1232/1232/1232 1233/1233/1233 1222/1222/1222
f 1222/1222/1222 1233/1233/1233 1223/1223/1223
f 1233/1233/1233 1234/1234/1234 1223/1223/1223
f 1223/1223/1223 1234/1234/1234 1224/1224/1224
f 1234/1234/1234 1235/1235/1235 1224/1224/1224
f 1224/1224/1224 1235/1235/1235 1225/1225/1225
f 1235/1235/1235 1236/1236/1236 1225/1225/1225
f 1225/1225/1225 1236/1236/1236 1226/1226/1226
f 1236/1236/1236 1237/1237/1237 1226/1226/1226
f 1226/1226/1226 1237/1237/1237 1227/1227/1227
f 1237/1237/1237 1238/1238/1238 1227/1227/1227
f 1227/1227/1227 1238/1238/1238 1228/1228/1228
f 1238/1238/1238 1239/1239/1239 1228/1228/1228
f 1228/1228/1228 1239/1239/1239 1229/1229/1229
f 1239/1239/1239 1240/1240/1240 1229/1229/1229
f 1229/1229/1229 1240/1240/1240 1230/1230/1230
f 1240/1240/1240 1241/1241/1241 1230/1230/1230
f 1230/1230/1230 1241/1241/1241 1231/1231/1231
f 1241/1241/1241 1242/1242/1242 1231/1231/1231
f 1253/1253/1253 1254/1254/1254 1243/1243/1243
f 1254/1254/1254 1255/1255/1255 1244/1244/1244
f 1255/1255/1255 1256/1256/1256 1245/1245/1245
f 1256/1256/1256 1257/1257/1257 1246/1246/1246
f 1257/1257/1257 1258/1258/1258 1247/1247/1247
f 1258/1258/1258 1259/1259/1259 1248/1248/1248
f 1259/1259/1259 1260/1260/1260 1249/1249/1249
f 1260/1260/1260 1261/1261/1261 1250/1250/1250
f 1261/1261/1261 1262/1262/1262 1251/1251/1251
f 1262/1262/1262 1263/1263/1263 1252/1252/1252
f 1275/1275/1275 1274/1274/1274 1264/1264/1264
f 1276/1276/1276 1275/1275/1275 1265/1265/1265
f 1277/1277/1277 1276/1276/1276 1266/1266/1266
f 1278/1278/1278 1277/1277/1277 1267/1267/1267
f 1279/1279/1279 1278/1278/1278 1268/1268/1268
f 1280/1280/1280 1279/1279/1279 1269/1269/1269
f 1281/1281/1281 1280/1280/1280 1270/1270/1270
f 1282/1282/1282 1281/1281/1281 1271/1271/1271
f 1283/1283/1283 1282/1282/1282 1272/1272/1272
f 1284/1284/1284 1283/1283/1283 1273/1273/1273
o cheek_dot
usemtl hazard
v 0.26 1.1620000012218952 0.3399999997764826
v 0.2823358403891325 1.169257354736328 0.3399999997764826
v 0.2961401475965977 1.1882573541253805 0.3399999997764826
v 0.2961401475965977 1.2117426458746194 0.3399999997764826
v 0.2823358403891325 1.2307426452636718 0.3399999997764826
v 0.26 1.2379999987781047 0.3399999997764826
v 0.2376641596108675 1.2307426452636718 0.3399999997764826
v 0.22385985240340234 1.2117426458746194 0.3399999997764826
v 0.22385985240340234 1.1882573541253805 0.3399999997764826
v 0.2376641596108675 1.169257354736328 0.3399999997764826
v 0.26 1.1620000012218952 0.3399999997764826
v 0.26 1.1620000012218952 0.32000000022351743
v 0.2823358403891325 1.169257354736328 0.32000000022351743
v 0.2961401475965977 1.1882573541253805 0.32000000022351743
v 0.2961401475965977 1.2117426458746194 0.32000000022351743
v 0.2823358403891325 1.2307426452636718 0.32000000022351743
v 0.26 1.2379999987781047 0.32000000022351743
v 0.2376641596108675 1.2307426452636718 0.32000000022351743
v 0.22385985240340234 1.2117426458746194 0.32000000022351743
v 0.22385985240340234 1.1882573541253805 0.32000000022351743
v 0.2376641596108675 1.169257354736328 0.32000000022351743
v 0.26 1.1620000012218952 0.32000000022351743
v 0.26 1.2 0.3399999997764826
v 0.26 1.2 0.3399999997764826
v 0.26 1.2 0.3399999997764826
v 0.26 1.2 0.3399999997764826
v 0.26 1.2 0.3399999997764826
v 0.26 1.2 0.3399999997764826
v 0.26 1.2 0.3399999997764826
v 0.26 1.2 0.3399999997764826
v 0.26 1.2 0.3399999997764826
v 0.26 1.2 0.3399999997764826
v 0.26 1.1620000012218952 0.3399999997764826
v 0.2823358403891325 1.169257354736328 0.3399999997764826
v 0.2961401475965977 1.1882573541253805 0.3399999997764826
v 0.2961401475965977 1.2117426458746194 0.3399999997764826
v 0.2823358403891325 1.2307426452636718 0.3399999997764826
v 0.26 1.2379999987781047 0.3399999997764826
v 0.2376641596108675 1.2307426452636718 0.3399999997764826
v 0.22385985240340234 1.2117426458746194 0.3399999997764826
v 0.22385985240340234 1.1882573541253805 0.3399999997764826
v 0.2376641596108675 1.169257354736328 0.3399999997764826
v 0.26 1.1620000012218952 0.3399999997764826
v 0.26 1.2 0.32000000022351743
v 0.26 1.2 0.32000000022351743
v 0.26 1.2 0.32000000022351743
v 0.26 1.2 0.32000000022351743
v 0.26 1.2 0.32000000022351743
v 0.26 1.2 0.32000000022351743
v 0.26 1.2 0.32000000022351743
v 0.26 1.2 0.32000000022351743
v 0.26 1.2 0.32000000022351743
v 0.26 1.2 0.32000000022351743
v 0.26 1.1620000012218952 0.32000000022351743
v 0.2823358403891325 1.169257354736328 0.32000000022351743
v 0.2961401475965977 1.1882573541253805 0.32000000022351743
v 0.2961401475965977 1.2117426458746194 0.32000000022351743
v 0.2823358403891325 1.2307426452636718 0.32000000022351743
v 0.26 1.2379999987781047 0.32000000022351743
v 0.2376641596108675 1.2307426452636718 0.32000000022351743
v 0.22385985240340234 1.2117426458746194 0.32000000022351743
v 0.22385985240340234 1.1882573541253805 0.32000000022351743
v 0.2376641596108675 1.169257354736328 0.32000000022351743
v 0.26 1.1620000012218952 0.32000000022351743
vt 0 1
vt 0.10000000149011612 1
vt 0.20000000298023224 1
vt 0.30000001192092896 1
vt 0.4000000059604645 1
vt 0.5 1
vt 0.6000000238418579 1
vt 0.699999988079071 1
vt 0.800000011920929 1
vt 0.8999999761581421 1
vt 1 1
vt 0 0
vt 0.10000000149011612 0
vt 0.20000000298023224 0
vt 0.30000001192092896 0
vt 0.4000000059604645 0
vt 0.5 0
vt 0.6000000238418579 0
vt 0.699999988079071 0
vt 0.800000011920929 0
vt 0.8999999761581421 0
vt 1 0
vt 0.5 0.5
vt 0.5 0.5
vt 0.5 0.5
vt 0.5 0.5
vt 0.5 0.5
vt 0.5 0.5
vt 0.5 0.5
vt 0.5 0.5
vt 0.5 0.5
vt 0.5 0.5
vt 1 0.5
vt 0.9045084714889526 0.7938926219940186
vt 0.6545084714889526 0.9755282402038574
vt 0.345491498708725 0.9755282402038574
vt 0.09549150615930557 0.7938926219940186
vt 0 0.5
vt 0.09549150615930557 0.20610737800598145
vt 0.345491498708725 0.024471741169691086
vt 0.6545084714889526 0.024471741169691086
vt 0.9045084714889526 0.20610737800598145
vt 1 0.5
vt 0.5 0.5
vt 0.5 0.5
vt 0.5 0.5
vt 0.5 0.5
vt 0.5 0.5
vt 0.5 0.5
vt 0.5 0.5
vt 0.5 0.5
vt 0.5 0.5
vt 0.5 0.5
vt 1 0.5
vt 0.9045084714889526 0.20610737800598145
vt 0.6545084714889526 0.024471741169691086
vt 0.345491498708725 0.024471741169691086
vt 0.09549150615930557 0.20610737800598145
vt 0 0.5
vt 0.09549150615930557 0.7938926219940186
vt 0.345491498708725 0.9755282402038574
vt 0.6545084714889526 0.9755282402038574
vt 0.9045084714889526 0.7938926219940186
vt 1 0.5
vn 0 -1 2.220446049250313e-16
vn 0.5877852429542022 -0.8090170011595983 1.796378604001166e-16
vn 0.9510565161477913 -0.3090169948284817 6.861555653181067e-17
vn 0.9510565161477913 0.3090169948284817 -6.861555653181067e-17
vn 0.5877852429542022 0.8090170011595983 -1.796378604001166e-16
vn 1.2246468525851679e-16 1 -2.220446049250313e-16
vn -0.5877852429542022 0.8090170011595983 -1.796378604001166e-16
vn -0.9510565161477913 0.3090169948284817 -6.861555653181067e-17
vn -0.9510565161477913 -0.3090169948284817 6.861555653181067e-17
vn -0.5877852429542022 -0.8090170011595983 1.796378604001166e-16
vn -2.4492937051703357e-16 -1 2.220446049250313e-16
vn 0 -1 2.220446049250313e-16
vn 0.5877852429542022 -0.8090170011595983 1.796378604001166e-16
vn 0.9510565161477913 -0.3090169948284817 6.861555653181067e-17
vn 0.9510565161477913 0.3090169948284817 -6.861555653181067e-17
vn 0.5877852429542022 0.8090170011595983 -1.796378604001166e-16
vn 1.2246468525851679e-16 1 -2.220446049250313e-16
vn -0.5877852429542022 0.8090170011595983 -1.796378604001166e-16
vn -0.9510565161477913 0.3090169948284817 -6.861555653181067e-17
vn -0.9510565161477913 -0.3090169948284817 6.861555653181067e-17
vn -0.5877852429542022 -0.8090170011595983 1.796378604001166e-16
vn -2.4492937051703357e-16 -1 2.220446049250313e-16
vn 0 2.220446049250313e-16 1
vn 0 2.220446049250313e-16 1
vn 0 2.220446049250313e-16 1
vn 0 2.220446049250313e-16 1
vn 0 2.220446049250313e-16 1
vn 0 2.220446049250313e-16 1
vn 0 2.220446049250313e-16 1
vn 0 2.220446049250313e-16 1
vn 0 2.220446049250313e-16 1
vn 0 2.220446049250313e-16 1
vn 0 2.220446049250313e-16 1
vn 0 2.220446049250313e-16 1
vn 0 2.220446049250313e-16 1
vn 0 2.220446049250313e-16 1
vn 0 2.220446049250313e-16 1
vn 0 2.220446049250313e-16 1
vn 0 2.220446049250313e-16 1
vn 0 2.220446049250313e-16 1
vn 0 2.220446049250313e-16 1
vn 0 2.220446049250313e-16 1
vn 0 2.220446049250313e-16 1
vn 0 -2.220446049250313e-16 -1
vn 0 -2.220446049250313e-16 -1
vn 0 -2.220446049250313e-16 -1
vn 0 -2.220446049250313e-16 -1
vn 0 -2.220446049250313e-16 -1
vn 0 -2.220446049250313e-16 -1
vn 0 -2.220446049250313e-16 -1
vn 0 -2.220446049250313e-16 -1
vn 0 -2.220446049250313e-16 -1
vn 0 -2.220446049250313e-16 -1
vn 0 -2.220446049250313e-16 -1
vn 0 -2.220446049250313e-16 -1
vn 0 -2.220446049250313e-16 -1
vn 0 -2.220446049250313e-16 -1
vn 0 -2.220446049250313e-16 -1
vn 0 -2.220446049250313e-16 -1
vn 0 -2.220446049250313e-16 -1
vn 0 -2.220446049250313e-16 -1
vn 0 -2.220446049250313e-16 -1
vn 0 -2.220446049250313e-16 -1
vn 0 -2.220446049250313e-16 -1
f 1285/1285/1285 1296/1296/1296 1286/1286/1286
f 1296/1296/1296 1297/1297/1297 1286/1286/1286
f 1286/1286/1286 1297/1297/1297 1287/1287/1287
f 1297/1297/1297 1298/1298/1298 1287/1287/1287
f 1287/1287/1287 1298/1298/1298 1288/1288/1288
f 1298/1298/1298 1299/1299/1299 1288/1288/1288
f 1288/1288/1288 1299/1299/1299 1289/1289/1289
f 1299/1299/1299 1300/1300/1300 1289/1289/1289
f 1289/1289/1289 1300/1300/1300 1290/1290/1290
f 1300/1300/1300 1301/1301/1301 1290/1290/1290
f 1290/1290/1290 1301/1301/1301 1291/1291/1291
f 1301/1301/1301 1302/1302/1302 1291/1291/1291
f 1291/1291/1291 1302/1302/1302 1292/1292/1292
f 1302/1302/1302 1303/1303/1303 1292/1292/1292
f 1292/1292/1292 1303/1303/1303 1293/1293/1293
f 1303/1303/1303 1304/1304/1304 1293/1293/1293
f 1293/1293/1293 1304/1304/1304 1294/1294/1294
f 1304/1304/1304 1305/1305/1305 1294/1294/1294
f 1294/1294/1294 1305/1305/1305 1295/1295/1295
f 1305/1305/1305 1306/1306/1306 1295/1295/1295
f 1317/1317/1317 1318/1318/1318 1307/1307/1307
f 1318/1318/1318 1319/1319/1319 1308/1308/1308
f 1319/1319/1319 1320/1320/1320 1309/1309/1309
f 1320/1320/1320 1321/1321/1321 1310/1310/1310
f 1321/1321/1321 1322/1322/1322 1311/1311/1311
f 1322/1322/1322 1323/1323/1323 1312/1312/1312
f 1323/1323/1323 1324/1324/1324 1313/1313/1313
f 1324/1324/1324 1325/1325/1325 1314/1314/1314
f 1325/1325/1325 1326/1326/1326 1315/1315/1315
f 1326/1326/1326 1327/1327/1327 1316/1316/1316
f 1339/1339/1339 1338/1338/1338 1328/1328/1328
f 1340/1340/1340 1339/1339/1339 1329/1329/1329
f 1341/1341/1341 1340/1340/1340 1330/1330/1330
f 1342/1342/1342 1341/1341/1341 1331/1331/1331
f 1343/1343/1343 1342/1342/1342 1332/1332/1332
f 1344/1344/1344 1343/1343/1343 1333/1333/1333
f 1345/1345/1345 1344/1344/1344 1334/1334/1334
f 1346/1346/1346 1345/1345/1345 1335/1335/1335
f 1347/1347/1347 1346/1346/1346 1336/1336/1336
f 1348/1348/1348 1347/1347/1347 1337/1337/1337
o eye_lens
usemtl black
v -0.2913525459170342 1.4987500031292438 0.37708204030990605
v -0.21635255038738252 1.5474201732128858 0.4000000023841858
v -0.2488596644997597 1.5539774958789347 0.34
v -0.2913525459170342 1.4987500031292438 0.37708204030990605
v -0.24500000298023225 1.4686701779067515 0.43708203673362733
v -0.21635255038738252 1.5474201732128858 0.4000000023841858
v -0.29759761512279514 1.42 0.40308773159980776
v -0.24500000298023225 1.4686701779067515 0.43708203673362733
v -0.2913525459170342 1.4987500031292438 0.37708204030990605
v -0.24500000298023225 1.4686701779067515 0.43708203673362733
v -0.17 1.5028026477247476 0.4420780920982361
v -0.21635255038738252 1.5474201732128858 0.4000000023841858
v -0.21635255038738252 1.5474201732128858 0.4000000023841858
v -0.17 1.5775000062584876 0.34
v -0.2488596644997597 1.5539774958789347 0.34
v -0.21635255038738252 1.5474201732128858 0.4000000023841858
v -0.1236474496126175 1.5474201732128858 0.4000000023841858
v -0.17 1.5775000062584876 0.34
v -0.17 1.5028026477247476 0.4420780920982361
v -0.1236474496126175 1.5474201732128858 0.4000000023841858
v -0.21635255038738252 1.5474201732128858 0.4000000023841858
v -0.1236474496126175 1.5474201732128858 0.4000000023841858
v -0.09114033550024034 1.5539774958789347 0.34
v -0.17 1.5775000062584876 0.34
v -0.17 1.5775000062584876 0.34
v -0.21635255038738252 1.5474201732128858 0.27999999761581423
v -0.2488596644997597 1.5539774958789347 0.34
v -0.17 1.5775000062584876 0.34
v -0.1236474496126175 1.5474201732128858 0.27999999761581423
v -0.21635255038738252 1.5474201732128858 0.27999999761581423
v -0.09114033550024034 1.5539774958789347 0.34
v -0.1236474496126175 1.5474201732128858 0.27999999761581423
v -0.17 1.5775000062584876 0.34
v -0.1236474496126175 1.5474201732128858 0.27999999761581423
v -0.17 1.5028026477247476 0.23792190790176393
v -0.21635255038738252 1.5474201732128858 0.27999999761581423
v -0.21635255038738252 1.5474201732128858 0.27999999761581423
v -0.2913525459170342 1.4987500031292438 0.302917959690094
v -0.2488596644997597 1.5539774958789347 0.34
v -0.21635255038738252 1.5474201732128858 0.27999999761581423
v -0.24500000298023225 1.4686701779067515 0.24291796326637272
v -0.2913525459170342 1.4987500031292438 0.302917959690094
v -0.17 1.5028026477247476 0.23792190790176393
v -0.24500000298023225 1.4686701779067515 0.24291796326637272
v -0.21635255038738252 1.5474201732128858 0.27999999761581423
v -0.24500000298023225 1.4686701779067515 0.24291796326637272
v -0.29759761512279514 1.42 0.2769122684001923
v -0.2913525459170342 1.4987500031292438 0.302917959690094
v -0.2913525459170342 1.4987500031292438 0.302917959690094
v -0.2913525459170342 1.4987500031292438 0.37708204030990605
v -0.2488596644997597 1.5539774958789347 0.34
v -0.2913525459170342 1.4987500031292438 0.302917959690094
v -0.3200000059604645 1.42 0.34
v -0.2913525459170342 1.4987500031292438 0.37708204030990605
v -0.29759761512279514 1.42 0.2769122684001923
v -0.3200000059604645 1.42 0.34
v -0.2913525459170342 1.4987500031292438 0.302917959690094
v -0.3200000059604645 1.42 0.34
v -0.29759761512279514 1.42 0.40308773159980776
v -0.2913525459170342 1.4987500031292438 0.37708204030990605
v -0.1236474496126175 1.5474201732128858 0.4000000023841858
v -0.04864745408296586 1.4987500031292438 0.37708204030990605
v -0.09114033550024034 1.5539774958789347 0.34
v -0.1236474496126175 1.5474201732128858 0.4000000023841858
v -0.09499999701976777 1.4686701779067515 0.43708203673362733
v -0.04864745408296586 1.4987500031292438 0.37708204030990605
v -0.17 1.5028026477247476 0.4420780920982361
v -0.09499999701976777 1.4686701779067515 0.43708203673362733
v -0.1236474496126175 1.5474201732128858 0.4000000023841858
v -0.09499999701976777 1.4686701779067515 0.43708203673362733
v -0.04240238487720491 1.42 0.40308773159980776
v -0.04864745408296586 1.4987500031292438 0.37708204030990605
v -0.24500000298023225 1.4686701779067515 0.43708203673362733
v -0.17 1.42 0.4600000047683716
v -0.17 1.5028026477247476 0.4420780920982361
v -0.24500000298023225 1.4686701779067515 0.43708203673362733
v -0.24500000298023225 1.3713298220932484 0.43708203673362733
v -0.17 1.42 0.4600000047683716
v -0.29759761512279514 1.42 0.40308773159980776
v -0.24500000298023225 1.3713298220932484 0.43708203673362733
v -0.24500000298023225 1.4686701779067515 0.43708203673362733
v -0.24500000298023225 1.3713298220932484 0.43708203673362733
v -0.17 1.3371973522752523 0.4420780920982361
v -0.17 1.42 0.4600000047683716
v -0.3200000059604645 1.42 0.34
v -0.2913525459170342 1.341249996870756 0.37708204030990605
v -0.29759761512279514 1.42 0.40308773159980776
v -0.3200000059604645 1.42 0.34
v -0.2913525459170342 1.341249996870756 0.302917959690094
v -0.2913525459170342 1.341249996870756 0.37708204030990605
v -0.29759761512279514 1.42 0.2769122684001923
v -0.2913525459170342 1.341249996870756 0.302917959690094
v -0.3200000059604645 1.42 0.34
v -0.2913525459170342 1.341249996870756 0.302917959690094
v -0.2488596644997597 1.2860225041210651 0.34
v -0.2913525459170342 1.341249996870756 0.37708204030990605
v -0.24500000298023225 1.4686701779067515 0.24291796326637272
v -0.24500000298023225 1.3713298220932484 0.24291796326637272
v -0.29759761512279514 1.42 0.2769122684001923
v -0.24500000298023225 1.4686701779067515 0.24291796326637272
v -0.17 1.42 0.21999999523162844
v -0.24500000298023225 1.3713298220932484 0.24291796326637272
v -0.17 1.5028026477247476 0.23792190790176393
v -0.17 1.42 0.21999999523162844
v -0.24500000298023225 1.4686701779067515 0.24291796326637272
v -0.17 1.42 0.21999999523162844
v -0.17 1.3371973522752523 0.23792190790176393
v -0.24500000298023225 1.3713298220932484 0.24291796326637272
v -0.1236474496126175 1.5474201732128858 0.27999999761581423
v -0.09499999701976777 1.4686701779067515 0.24291796326637272
v -0.17 1.5028026477247476 0.23792190790176393
v -0.1236474496126175 1.5474201732128858 0.27999999761581423
v -0.04864745408296586 1.4987500031292438 0.302917959690094
v -0.09499999701976777 1.4686701779067515 0.24291796326637272
v -0.09114033550024034 1.5539774958789347 0.34
v -0.04864745408296586 1.4987500031292438 0.302917959690094
v -0.1236474496126175 1.5474201732128858 0.27999999761581423
v -0.04864745408296586 1.4987500031292438 0.302917959690094
v -0.04240238487720491 1.42 0.2769122684001923
v -0.09499999701976777 1.4686701779067515 0.24291796326637272
v -0.04864745408296586 1.341249996870756 0.37708204030990605
v -0.1236474496126175 1.292579826787114 0.4000000023841858
v -0.09114033550024034 1.2860225041210651 0.34
v -0.04864745408296586 1.341249996870756 0.37708204030990605
v -0.09499999701976777 1.3713298220932484 0.43708203673362733
v -0.1236474496126175 1.292579826787114 0.4000000023841858
v -0.04240238487720491 1.42 0.40308773159980776
v -0.09499999701976777 1.3713298220932484 0.43708203673362733
v -0.04864745408296586 1.341249996870756 0.37708204030990605
v -0.09499999701976777 1.3713298220932484 0.43708203673362733
v -0.17 1.3371973522752523 0.4420780920982361
v -0.1236474496126175 1.292579826787114 0.4000000023841858
v -0.1236474496126175 1.292579826787114 0.4000000023841858
v -0.17 1.2624999937415122 0.34
v -0.09114033550024034 1.2860225041210651 0.34
v -0.1236474496126175 1.292579826787114 0.4000000023841858
v -0.21635255038738252 1.292579826787114 0.4000000023841858
v -0.17 1.2624999937415122 0.34
v -0.17 1.3371973522752523 0.4420780920982361
v -0.21635255038738252 1.292579826787114 0.4000000023841858
v -0.1236474496126175 1.292579826787114 0.4000000023841858
v -0.21635255038738252 1.292579826787114 0.4000000023841858
v -0.2488596644997597 1.2860225041210651 0.34
v -0.17 1.2624999937415122 0.34
v -0.17 1.2624999937415122 0.34
v -0.1236474496126175 1.292579826787114 0.27999999761581423
v -0.09114033550024034 1.2860225041210651 0.34
v -0.17 1.2624999937415122 0.34
v -0.21635255038738252 1.292579826787114 0.27999999761581423
v -0.1236474496126175 1.292579826787114 0.27999999761581423
v -0.2488596644997597 1.2860225041210651 0.34
v -0.21635255038738252 1.292579826787114 0.27999999761581423
v -0.17 1.2624999937415122 0.34
v -0.21635255038738252 1.292579826787114 0.27999999761581423
v -0.17 1.3371973522752523 0.23792190790176393
v -0.1236474496126175 1.292579826787114 0.27999999761581423
v -0.1236474496126175 1.292579826787114 0.27999999761581423
v -0.04864745408296586 1.341249996870756 0.302917959690094
v -0.09114033550024034 1.2860225041210651 0.34
v -0.1236474496126175 1.292579826787114 0.27999999761581423
v -0.09499999701976777 1.3713298220932484 0.24291796326637272
v -0.04864745408296586 1.341249996870756 0.302917959690094
v -0.17 1.3371973522752523 0.23792190790176393
v -0.09499999701976777 1.3713298220932484 0.24291796326637272
v -0.1236474496126175 1.292579826787114 0.27999999761581423
v -0.09499999701976777 1.3713298220932484 0.24291796326637272
v -0.04240238487720491 1.42 0.2769122684001923
v -0.04864745408296586 1.341249996870756 0.302917959690094
v -0.04864745408296586 1.341249996870756 0.302917959690094
v -0.04864745408296586 1.341249996870756 0.37708204030990605
v -0.09114033550024034 1.2860225041210651 0.34
v -0.04864745408296586 1.341249996870756 0.302917959690094
v -0.019999994039535535 1.42 0.34
v -0.04864745408296586 1.341249996870756 0.37708204030990605
v -0.04240238487720491 1.42 0.2769122684001923
v -0.019999994039535535 1.42 0.34
v -0.04864745408296586 1.341249996870756 0.302917959690094
v -0.019999994039535535 1.42 0.34
v -0.04240238487720491 1.42 0.40308773159980776
v -0.04864745408296586 1.341249996870756 0.37708204030990605
v -0.09499999701976777 1.3713298220932484 0.43708203673362733
v -0.17 1.42 0.4600000047683716
v -0.17 1.3371973522752523 0.4420780920982361
v -0.09499999701976777 1.3713298220932484 0.43708203673362733
v -0.09499999701976777 1.4686701779067515 0.43708203673362733
v -0.17 1.42 0.4600000047683716
v -0.04240238487720491 1.42 0.40308773159980776
v -0.09499999701976777 1.4686701779067515 0.43708203673362733
v -0.09499999701976777 1.3713298220932484 0.43708203673362733
v -0.09499999701976777 1.4686701779067515 0.43708203673362733
v -0.17 1.5028026477247476 0.4420780920982361
v -0.17 1.42 0.4600000047683716
v -0.21635255038738252 1.292579826787114 0.4000000023841858
v -0.2913525459170342 1.341249996870756 0.37708204030990605
v -0.2488596644997597 1.2860225041210651 0.34
v -0.21635255038738252 1.292579826787114 0.4000000023841858
v -0.24500000298023225 1.3713298220932484 0.43708203673362733
v -0.2913525459170342 1.341249996870756 0.37708204030990605
v -0.17 1.3371973522752523 0.4420780920982361
v -0.24500000298023225 1.3713298220932484 0.43708203673362733
v -0.21635255038738252 1.292579826787114 0.4000000023841858
v -0.24500000298023225 1.3713298220932484 0.43708203673362733
v -0.29759761512279514 1.42 0.40308773159980776
v -0.2913525459170342 1.341249996870756 0.37708204030990605
v -0.21635255038738252 1.292579826787114 0.27999999761581423
v -0.24500000298023225 1.3713298220932484 0.24291796326637272
v -0.17 1.3371973522752523 0.23792190790176393
v -0.21635255038738252 1.292579826787114 0.27999999761581423
v -0.2913525459170342 1.341249996870756 0.302917959690094
v -0.24500000298023225 1.3713298220932484 0.24291796326637272
v -0.2488596644997597 1.2860225041210651 0.34
v -0.2913525459170342 1.341249996870756 0.302917959690094
v -0.21635255038738252 1.292579826787114 0.27999999761581423
v -0.2913525459170342 1.341249996870756 0.302917959690094
v -0.29759761512279514 1.42 0.2769122684001923
v -0.24500000298023225 1.3713298220932484 0.24291796326637272
v -0.09499999701976777 1.3713298220932484 0.24291796326637272
v -0.09499999701976777 1.4686701779067515 0.24291796326637272
v -0.04240238487720491 1.42 0.2769122684001923
v -0.09499999701976777 1.3713298220932484 0.24291796326637272
v -0.17 1.42 0.21999999523162844
v -0.09499999701976777 1.4686701779067515 0.24291796326637272
v -0.17 1.3371973522752523 0.23792190790176393
v -0.17 1.42 0.21999999523162844
v -0.09499999701976777 1.3713298220932484 0.24291796326637272
v -0.17 1.42 0.21999999523162844
v -0.17 1.5028026477247476 0.23792190790176393
v -0.09499999701976777 1.4686701779067515 0.24291796326637272
v -0.019999994039535535 1.42 0.34
v -0.04864745408296586 1.4987500031292438 0.37708204030990605
v -0.04240238487720491 1.42 0.40308773159980776
v -0.019999994039535535 1.42 0.34
v -0.04864745408296586 1.4987500031292438 0.302917959690094
v -0.04864745408296586 1.4987500031292438 0.37708204030990605
v -0.04240238487720491 1.42 0.2769122684001923
v -0.04864745408296586 1.4987500031292438 0.302917959690094
v -0.019999994039535535 1.42 0.34
v -0.04864745408296586 1.4987500031292438 0.302917959690094
v -0.09114033550024034 1.5539774958789347 0.34
v -0.04864745408296586 1.4987500031292438 0.37708204030990605
vt 0.5580698847770691 0.6666666865348816
vt 0.6618959307670593 0.800000011920929
vt 0.5 0.8237918019294739
vt 0.5580698847770691 0.6666666865348816
vt 0.6618959307670593 0.6000000238418579
vt 0.6618959307670593 0.800000011920929
vt 0.5881040692329407 0.5
vt 0.6618959307670593 0.6000000238418579
vt 0.5580698847770691 0.6666666865348816
vt 0.6618959307670593 0.6000000238418579
vt 0.75 0.6762081980705261
vt 0.6618959307670593 0.800000011920929
vt 0.6618959307670593 0.800000011920929
vt 0.5858913660049438 1
vt 0.5 0.8237918019294739
vt 0.6618959307670593 0.800000011920929
vt 0.8381040692329407 0.800000011920929
vt 0.75 1
vt 0.75 0.6762081980705261
vt 0.8381040692329407 0.800000011920929
vt 0.6618959307670593 0.800000011920929
vt 0.8381040692329407 0.800000011920929
vt 1 0.8237918019294739
vt 0.9141086339950562 1
vt 0.41410863399505615 1
vt 0.33810409903526306 0.800000011920929
vt 0.5 0.8237918019294739
vt 0.25 1
vt 0.16189590096473694 0.800000011920929
vt 0.33810409903526306 0.800000011920929
vt 0 0.8237918019294739
vt 0.16189590096473694 0.800000011920929
vt 0.08589137345552444 1
vt 0.16189590096473694 0.800000011920929
vt 0.25 0.6762081980705261
vt 0.33810409903526306 0.800000011920929
vt 0.33810409903526306 0.800000011920929
vt 0.4419301152229309 0.6666666865348816
vt 0.5 0.8237918019294739
vt 0.33810409903526306 0.800000011920929
vt 0.33810409903526306 0.6000000238418579
vt 0.4419301152229309 0.6666666865348816
vt 0.25 0.6762081980705261
vt 0.33810409903526306 0.6000000238418579
vt 0.33810409903526306 0.800000011920929
vt 0.33810409903526306 0.6000000238418579
vt 0.41189590096473694 0.5
vt 0.4419301152229309 0.6666666865348816
vt 0.4419301152229309 0.6666666865348816
vt 0.5580698847770691 0.6666666865348816
vt 0.5 0.8237918019294739
vt 0.4419301152229309 0.6666666865348816
vt 0.5 0.5
vt 0.5580698847770691 0.6666666865348816
vt 0.41189590096473694 0.5
vt 0.5 0.5
vt 0.4419301152229309 0.6666666865348816
vt 0.5 0.5
vt 0.5881040692329407 0.5
vt 0.5580698847770691 0.6666666865348816
vt 0.8381040692329407 0.800000011920929
vt 0.9419301152229309 0.6666666865348816
vt 1 0.8237918019294739
vt 0.8381040692329407 0.800000011920929
vt 0.8381040692329407 0.6000000238418579
vt 0.9419301152229309 0.6666666865348816
vt 0.75 0.6762081980705261
vt 0.8381040692329407 0.6000000238418579
vt 0.8381040692329407 0.800000011920929
vt 0.8381040692329407 0.6000000238418579
vt 0.9118959307670593 0.5
vt 0.9419301152229309 0.6666666865348816
vt 0.6618959307670593 0.6000000238418579
vt 0.75 0.5
vt 0.75 0.6762081980705261
vt 0.6618959307670593 0.6000000238418579
vt 0.6618959307670593 0.4000000059604645
vt 0.75 0.5
vt 0.5881040692329407 0.5
vt 0.6618959307670593 0.4000000059604645
vt 0.6618959307670593 0.6000000238418579
vt 0.6618959307670593 0.4000000059604645
vt 0.75 0.3237918019294739
vt 0.75 0.5
vt 0.5 0.5
vt 0.5580698847770691 0.3333333432674408
vt 0.5881040692329407 0.5
vt 0.5 0.5
vt 0.4419301152229309 0.3333333432674408
vt 0.5580698847770691 0.3333333432674408
vt 0.41189590096473694 0.5
vt 0.4419301152229309 0.3333333432674408
vt 0.5 0.5
vt 0.4419301152229309 0.3333333432674408
vt 0.5 0.17620819807052612
vt 0.5580698847770691 0.3333333432674408
vt 0.33810409903526306 0.6000000238418579
vt 0.33810409903526306 0.4000000059604645
vt 0.41189590096473694 0.5
vt 0.33810409903526306 0.6000000238418579
vt 0.25 0.5
vt 0.33810409903526306 0.4000000059604645
vt 0.25 0.6762081980705261
vt 0.25 0.5
vt 0.33810409903526306 0.6000000238418579
vt 0.25 0.5
vt 0.25 0.3237918019294739
vt 0.33810409903526306 0.4000000059604645
vt 0.16189590096473694 0.800000011920929
vt 0.16189590096473694 0.6000000238418579
vt 0.25 0.6762081980705261
vt 0.16189590096473694 0.800000011920929
vt 0.05806988105177879 0.6666666865348816
vt 0.16189590096473694 0.6000000238418579
vt 0 0.8237918019294739
vt 0.05806988105177879 0.6666666865348816
vt 0.16189590096473694 0.800000011920929
vt 0.05806988105177879 0.6666666865348816
vt 0.08810409903526306 0.5
vt 0.16189590096473694 0.6000000238418579
vt 0.9419301152229309 0.3333333432674408
vt 0.8381040692329407 0.20000000298023224
vt 1 0.17620819807052612
vt 0.9419301152229309 0.3333333432674408
vt 0.8381040692329407 0.4000000059604645
vt 0.8381040692329407 0.20000000298023224
vt 0.9118959307670593 0.5
vt 0.8381040692329407 0.4000000059604645
vt 0.9419301152229309 0.3333333432674408
vt 0.8381040692329407 0.4000000059604645
vt 0.75 0.3237918019294739
vt 0.8381040692329407 0.20000000298023224
vt 0.8381040692329407 0.20000000298023224
vt 0.9141086339950562 0
vt 1 0.17620819807052612
vt 0.8381040692329407 0.20000000298023224
vt 0.6618959307670593 0.20000000298023224
vt 0.75 0
vt 0.75 0.3237918019294739
vt 0.6618959307670593 0.20000000298023224
vt 0.8381040692329407 0.20000000298023224
vt 0.6618959307670593 0.20000000298023224
vt 0.5 0.17620819807052612
vt 0.5858913660049438 0
vt 0.08589137345552444 0
vt 0.16189590096473694 0.20000000298023224
vt 0 0.17620819807052612
vt 0.25 0
vt 0.33810409903526306 0.20000000298023224
vt 0.16189590096473694 0.20000000298023224
vt 0.5 0.17620819807052612
vt 0.33810409903526306 0.20000000298023224
vt 0.41410863399505615 0
vt 0.33810409903526306 0.20000000298023224
vt 0.25 0.3237918019294739
vt 0.16189590096473694 0.20000000298023224
vt 0.16189590096473694 0.20000000298023224
vt 0.05806988105177879 0.3333333432674408
vt 0 0.17620819807052612
vt 0.16189590096473694 0.20000000298023224
vt 0.16189590096473694 0.4000000059604645
vt 0.05806988105177879 0.3333333432674408
vt 0.25 0.3237918019294739
vt 0.16189590096473694 0.4000000059604645
vt 0.16189590096473694 0.20000000298023224
vt 0.16189590096473694 0.4000000059604645
vt 0.08810409903526306 0.5
vt 0.05806988105177879 0.3333333432674408
vt 1.0580698251724243 0.3333333432674408
vt 0.9419301152229309 0.3333333432674408
vt 1 0.17620819807052612
vt 1.0580698251724243 0.3333333432674408
vt 1 0.5
vt 0.9419301152229309 0.3333333432674408
vt 0.08810409903526306 0.5
vt 0 0.5
vt 0.05806988105177879 0.3333333432674408
vt 1 0.5
vt 0.9118959307670593 0.5
vt 0.9419301152229309 0.3333333432674408
vt 0.8381040692329407 0.4000000059604645
vt 0.75 0.5
vt 0.75 0.3237918019294739
vt 0.8381040692329407 0.4000000059604645
vt 0.8381040692329407 0.6000000238418579
vt 0.75 0.5
vt 0.9118959307670593 0.5
vt 0.8381040692329407 0.6000000238418579
vt 0.8381040692329407 0.4000000059604645
vt 0.8381040692329407 0.6000000238418579
vt 0.75 0.6762081980705261
vt 0.75 0.5
vt 0.6618959307670593 0.20000000298023224
vt 0.5580698847770691 0.3333333432674408
vt 0.5 0.17620819807052612
vt 0.6618959307670593 0.20000000298023224
vt 0.6618959307670593 0.4000000059604645
vt 0.5580698847770691 0.3333333432674408
vt 0.75 0.3237918019294739
vt 0.6618959307670593 0.4000000059604645
vt 0.6618959307670593 0.20000000298023224
vt 0.6618959307670593 0.4000000059604645
vt 0.5881040692329407 0.5
vt 0.5580698847770691 0.3333333432674408
vt 0.33810409903526306 0.20000000298023224
vt 0.33810409903526306 0.4000000059604645
vt 0.25 0.3237918019294739
vt 0.33810409903526306 0.20000000298023224
vt 0.4419301152229309 0.3333333432674408
vt 0.33810409903526306 0.4000000059604645
vt 0.5 0.17620819807052612
vt 0.4419301152229309 0.3333333432674408
vt 0.33810409903526306 0.20000000298023224
vt 0.4419301152229309 0.3333333432674408
vt 0.41189590096473694 0.5
vt 0.33810409903526306 0.4000000059604645
vt 0.16189590096473694 0.4000000059604645
vt 0.16189590096473694 0.6000000238418579
vt 0.08810409903526306 0.5
vt 0.16189590096473694 0.4000000059604645
vt 0.25 0.5
vt 0.16189590096473694 0.6000000238418579
vt 0.25 0.3237918019294739
vt 0.25 0.5
vt 0.16189590096473694 0.4000000059604645
vt 0.25 0.5
vt 0.25 0.6762081980705261
vt 0.16189590096473694 0.6000000238418579
vt 1 0.5
vt 0.9419301152229309 0.6666666865348816
vt 0.9118959307670593 0.5
vt 1 0.5
vt 1.0580698251724243 0.6666666865348816
vt 0.9419301152229309 0.6666666865348816
vt 0.08810409903526306 0.5
vt 0.05806988105177879 0.6666666865348816
vt 0 0.5
vt 1.0580698251724243 0.6666666865348816
vt 1 0.8237918019294739
vt 0.9419301152229309 0.6666666865348816
vn -0.7969658014344737 0.4690970934864655 0.38051731659210625
vn -0.2973827254947972 0.7414838764116843 0.6014691809218392
vn -0.5443606053036631 0.8388513166189999 0
vn -0.7969658014344737 0.4690970934864655 0.38051731659210625
vn -0.4288595011208143 0.252428338219813 0.8673865703145224
vn -0.2973827254947972 0.7414838764116843 0.6014691809218392
vn -0.7913557209032239 0 0.6113559707680453
vn -0.4288595011208143 0.252428338219813 0.8673865703145224
vn -0.7969658014344737 0.4690970934864655 0.38051731659210625
vn -0.4288595011208143 0.252428338219813 0.8673865703145224
vn 0 0.42601541286627514 0.9047159045802043
vn -0.2973827254947972 0.7414838764116843 0.6014691809218392
vn -0.2973827254947972 0.7414838764116843 0.6014691809218392
vn 0 1 0
vn -0.5443606053036631 0.8388513166189999 0
vn -0.2973827254947972 0.7414838764116843 0.6014691809218392
vn 0.2973827254947972 0.7414838764116843 0.6014691809218392
vn 0 1 0
vn 0 0.42601541286627514 0.9047159045802043
vn 0.2973827254947972 0.7414838764116843 0.6014691809218392
vn -0.2973827254947972 0.7414838764116843 0.6014691809218392
vn 0.2973827254947972 0.7414838764116843 0.6014691809218392
vn 0.5443606053036631 0.8388513166189999 0
vn 0 1 0
vn 0 1 0
vn -0.2973827254947972 0.7414838764116843 -0.6014691809218392
vn -0.5443606053036631 0.8388513166189999 0
vn 0 1 0
vn 0.2973827254947972 0.7414838764116843 -0.6014691809218392
vn -0.2973827254947972 0.7414838764116843 -0.6014691809218392
vn 0.5443606053036631 0.8388513166189999 0
vn 0.2973827254947972 0.7414838764116843 -0.6014691809218392
vn 0 1 0
vn 0.2973827254947972 0.7414838764116843 -0.6014691809218392
vn 0 0.42601541286627514 -0.9047159045802043
vn -0.2973827254947972 0.7414838764116843 -0.6014691809218392
vn -0.2973827254947972 0.7414838764116843 -0.6014691809218392
vn -0.7969658014344737 0.4690970934864655 -0.38051731659210625
vn -0.5443606053036631 0.8388513166189999 0
vn -0.2973827254947972 0.7414838764116843 -0.6014691809218392
vn -0.4288595011208143 0.252428338219813 -0.8673865703145224
vn -0.7969658014344737 0.4690970934864655 -0.38051731659210625
vn 0 0.42601541286627514 -0.9047159045802043
vn -0.4288595011208143 0.252428338219813 -0.8673865703145224
vn -0.2973827254947972 0.7414838764116843 -0.6014691809218392
vn -0.4288595011208143 0.252428338219813 -0.8673865703145224
vn -0.7913557209032239 0 -0.6113559707680453
vn -0.7969658014344737 0.4690970934864655 -0.38051731659210625
vn -0.7969658014344737 0.4690970934864655 -0.38051731659210625
vn -0.7969658014344737 0.4690970934864655 0.38051731659210625
vn -0.5443606053036631 0.8388513166189999 0
vn -0.7969658014344737 0.4690970934864655 -0.38051731659210625
vn -1 0 0
vn -0.7969658014344737 0.4690970934864655 0.38051731659210625
vn -0.7913557209032239 0 -0.6113559707680453
vn -1 0 0
vn -0.7969658014344737 0.4690970934864655 -0.38051731659210625
vn -1 0 0
vn -0.7913557209032239 0 0.6113559707680453
vn -0.7969658014344737 0.4690970934864655 0.38051731659210625
vn 0.2973827254947972 0.7414838764116843 0.6014691809218392
vn 0.7969658014344737 0.4690970934864655 0.38051731659210625
vn 0.5443606053036631 0.8388513166189999 0
vn 0.2973827254947972 0.7414838764116843 0.6014691809218392
vn 0.4288595011208143 0.252428338219813 0.8673865703145224
vn 0.7969658014344737 0.4690970934864655 0.38051731659210625
vn 0 0.42601541286627514 0.9047159045802043
vn 0.4288595011208143 0.252428338219813 0.8673865703145224
vn 0.2973827254947972 0.7414838764116843 0.6014691809218392
vn 0.4288595011208143 0.252428338219813 0.8673865703145224
vn 0.7913557209032239 0 0.6113559707680453
vn 0.7969658014344737 0.4690970934864655 0.38051731659210625
vn -0.4288595011208143 0.252428338219813 0.8673865703145224
vn 0 0 1
vn 0 0.42601541286627514 0.9047159045802043
vn -0.4288595011208143 0.252428338219813 0.8673865703145224
vn -0.4288595011208143 -0.252428338219813 0.8673865703145224
vn 0 0 1
vn -0.7913557209032239 0 0.6113559707680453
vn -0.4288595011208143 -0.252428338219813 0.8673865703145224
vn -0.4288595011208143 0.252428338219813 0.8673865703145224
vn -0.4288595011208143 -0.252428338219813 0.8673865703145224
vn 0 -0.42601541286627514 0.9047159045802043
vn 0 0 1
vn -1 0 0
vn -0.7969658014344737 -0.4690970934864655 0.38051731659210625
vn -0.7913557209032239 0 0.6113559707680453
vn -1 0 0
vn -0.7969658014344737 -0.4690970934864655 -0.38051731659210625
vn -0.7969658014344737 -0.4690970934864655 0.38051731659210625
vn -0.7913557209032239 0 -0.6113559707680453
vn -0.7969658014344737 -0.4690970934864655 -0.38051731659210625
vn -1 0 0
vn -0.7969658014344737 -0.4690970934864655 -0.38051731659210625
vn -0.5443606053036631 -0.8388513166189999 0
vn -0.7969658014344737 -0.4690970934864655 0.38051731659210625
vn -0.4288595011208143 0.252428338219813 -0.8673865703145224
vn -0.4288595011208143 -0.252428338219813 -0.8673865703145224
vn -0.7913557209032239 0 -0.6113559707680453
vn -0.4288595011208143 0.252428338219813 -0.8673865703145224
vn 0 0 -1
vn -0.4288595011208143 -0.252428338219813 -0.8673865703145224
vn 0 0.42601541286627514 -0.9047159045802043
vn 0 0 -1
vn -0.4288595011208143 0.252428338219813 -0.8673865703145224
vn 0 0 -1
vn 0 -0.42601541286627514 -0.9047159045802043
vn -0.4288595011208143 -0.252428338219813 -0.8673865703145224
vn 0.2973827254947972 0.7414838764116843 -0.6014691809218392
vn 0.4288595011208143 0.252428338219813 -0.8673865703145224
vn 0 0.42601541286627514 -0.9047159045802043
vn 0.2973827254947972 0.7414838764116843 -0.6014691809218392
vn 0.7969658014344737 0.4690970934864655 -0.38051731659210625
vn 0.4288595011208143 0.252428338219813 -0.8673865703145224
vn 0.5443606053036631 0.8388513166189999 0
vn 0.7969658014344737 0.4690970934864655 -0.38051731659210625
vn 0.2973827254947972 0.7414838764116843 -0.6014691809218392
vn 0.7969658014344737 0.4690970934864655 -0.38051731659210625
vn 0.7913557209032239 0 -0.6113559707680453
vn 0.4288595011208143 0.252428338219813 -0.8673865703145224
vn 0.7969658014344737 -0.4690970934864655 0.38051731659210625
vn 0.2973827254947972 -0.7414838764116843 0.6014691809218392
vn 0.5443606053036631 -0.8388513166189999 0
vn 0.7969658014344737 -0.4690970934864655 0.38051731659210625
vn 0.4288595011208143 -0.252428338219813 0.8673865703145224
vn 0.2973827254947972 -0.7414838764116843 0.6014691809218392
vn 0.7913557209032239 0 0.6113559707680453
vn 0.4288595011208143 -0.252428338219813 0.8673865703145224
vn 0.7969658014344737 -0.4690970934864655 0.38051731659210625
vn 0.4288595011208143 -0.252428338219813 0.8673865703145224
vn 0 -0.42601541286627514 0.9047159045802043
vn 0.2973827254947972 -0.7414838764116843 0.6014691809218392
vn 0.2973827254947972 -0.7414838764116843 0.6014691809218392
vn 0 -1 0
vn 0.5443606053036631 -0.8388513166189999 0
vn 0.2973827254947972 -0.7414838764116843 0.6014691809218392
vn -0.2973827254947972 -0.7414838764116843 0.6014691809218392
vn 0 -1 0
vn 0 -0.42601541286627514 0.9047159045802043
vn -0.2973827254947972 -0.7414838764116843 0.6014691809218392
vn 0.2973827254947972 -0.7414838764116843 0.6014691809218392
vn -0.2973827254947972 -0.7414838764116843 0.6014691809218392
vn -0.5443606053036631 -0.8388513166189999 0
vn 0 -1 0
vn 0 -1 0
vn 0.2973827254947972 -0.7414838764116843 -0.6014691809218392
vn 0.5443606053036631 -0.8388513166189999 0
vn 0 -1 0
vn -0.2973827254947972 -0.7414838764116843 -0.6014691809218392
vn 0.2973827254947972 -0.7414838764116843 -0.6014691809218392
vn -0.5443606053036631 -0.8388513166189999 0
vn -0.2973827254947972 -0.7414838764116843 -0.6014691809218392
vn 0 -1 0
vn -0.2973827254947972 -0.7414838764116843 -0.6014691809218392
vn 0 -0.42601541286627514 -0.9047159045802043
vn 0.2973827254947972 -0.7414838764116843 -0.6014691809218392
vn 0.2973827254947972 -0.7414838764116843 -0.6014691809218392
vn 0.7969658014344737 -0.4690970934864655 -0.38051731659210625
vn 0.5443606053036631 -0.8388513166189999 0
vn 0.2973827254947972 -0.7414838764116843 -0.6014691809218392
vn 0.4288595011208143 -0.252428338219813 -0.8673865703145224
vn 0.7969658014344737 -0.4690970934864655 -0.38051731659210625
vn 0 -0.42601541286627514 -0.9047159045802043
vn 0.4288595011208143 -0.252428338219813 -0.8673865703145224
vn 0.2973827254947972 -0.7414838764116843 -0.6014691809218392
vn 0.4288595011208143 -0.252428338219813 -0.8673865703145224
vn 0.7913557209032239 0 -0.6113559707680453
vn 0.7969658014344737 -0.4690970934864655 -0.38051731659210625
vn 0.7969658014344737 -0.4690970934864655 -0.38051731659210625
vn 0.7969658014344737 -0.4690970934864655 0.38051731659210625
vn 0.5443606053036631 -0.8388513166189999 0
vn 0.7969658014344737 -0.4690970934864655 -0.38051731659210625
vn 1 0 0
vn 0.7969658014344737 -0.4690970934864655 0.38051731659210625
vn 0.7913557209032239 0 -0.6113559707680453
vn 1 0 0
vn 0.7969658014344737 -0.4690970934864655 -0.38051731659210625
vn 1 0 0
vn 0.7913557209032239 0 0.6113559707680453
vn 0.7969658014344737 -0.4690970934864655 0.38051731659210625
vn 0.4288595011208143 -0.252428338219813 0.8673865703145224
vn 0 0 1
vn 0 -0.42601541286627514 0.9047159045802043
vn 0.4288595011208143 -0.252428338219813 0.8673865703145224
vn 0.4288595011208143 0.252428338219813 0.8673865703145224
vn 0 0 1
vn 0.7913557209032239 0 0.6113559707680453
vn 0.4288595011208143 0.252428338219813 0.8673865703145224
vn 0.4288595011208143 -0.252428338219813 0.8673865703145224
vn 0.4288595011208143 0.252428338219813 0.8673865703145224
vn 0 0.42601541286627514 0.9047159045802043
vn 0 0 1
vn -0.2973827254947972 -0.7414838764116843 0.6014691809218392
vn -0.7969658014344737 -0.4690970934864655 0.38051731659210625
vn -0.5443606053036631 -0.8388513166189999 0
vn -0.2973827254947972 -0.7414838764116843 0.6014691809218392
vn -0.4288595011208143 -0.252428338219813 0.8673865703145224
vn -0.7969658014344737 -0.4690970934864655 0.38051731659210625
vn 0 -0.42601541286627514 0.9047159045802043
vn -0.4288595011208143 -0.252428338219813 0.8673865703145224
vn -0.2973827254947972 -0.7414838764116843 0.6014691809218392
vn -0.4288595011208143 -0.252428338219813 0.8673865703145224
vn -0.7913557209032239 0 0.6113559707680453
vn -0.7969658014344737 -0.4690970934864655 0.38051731659210625
vn -0.2973827254947972 -0.7414838764116843 -0.6014691809218392
vn -0.4288595011208143 -0.252428338219813 -0.8673865703145224
vn 0 -0.42601541286627514 -0.9047159045802043
vn -0.2973827254947972 -0.7414838764116843 -0.6014691809218392
vn -0.7969658014344737 -0.4690970934864655 -0.38051731659210625
vn -0.4288595011208143 -0.252428338219813 -0.8673865703145224
vn -0.5443606053036631 -0.8388513166189999 0
vn -0.7969658014344737 -0.4690970934864655 -0.38051731659210625
vn -0.2973827254947972 -0.7414838764116843 -0.6014691809218392
vn -0.7969658014344737 -0.4690970934864655 -0.38051731659210625
vn -0.7913557209032239 0 -0.6113559707680453
vn -0.4288595011208143 -0.252428338219813 -0.8673865703145224
vn 0.4288595011208143 -0.252428338219813 -0.8673865703145224
vn 0.4288595011208143 0.252428338219813 -0.8673865703145224
vn 0.7913557209032239 0 -0.6113559707680453
vn 0.4288595011208143 -0.252428338219813 -0.8673865703145224
vn 0 0 -1
vn 0.4288595011208143 0.252428338219813 -0.8673865703145224
vn 0 -0.42601541286627514 -0.9047159045802043
vn 0 0 -1
vn 0.4288595011208143 -0.252428338219813 -0.8673865703145224
vn 0 0 -1
vn 0 0.42601541286627514 -0.9047159045802043
vn 0.4288595011208143 0.252428338219813 -0.8673865703145224
vn 1 0 0
vn 0.7969658014344737 0.4690970934864655 0.38051731659210625
vn 0.7913557209032239 0 0.6113559707680453
vn 1 0 0
vn 0.7969658014344737 0.4690970934864655 -0.38051731659210625
vn 0.7969658014344737 0.4690970934864655 0.38051731659210625
vn 0.7913557209032239 0 -0.6113559707680453
vn 0.7969658014344737 0.4690970934864655 -0.38051731659210625
vn 1 0 0
vn 0.7969658014344737 0.4690970934864655 -0.38051731659210625
vn 0.5443606053036631 0.8388513166189999 0
vn 0.7969658014344737 0.4690970934864655 0.38051731659210625
f 1349/1349/1349 1350/1350/1350 1351/1351/1351
f 1352/1352/1352 1353/1353/1353 1354/1354/1354
f 1355/1355/1355 1356/1356/1356 1357/1357/1357
f 1358/1358/1358 1359/1359/1359 1360/1360/1360
f 1361/1361/1361 1362/1362/1362 1363/1363/1363
f 1364/1364/1364 1365/1365/1365 1366/1366/1366
f 1367/1367/1367 1368/1368/1368 1369/1369/1369
f 1370/1370/1370 1371/1371/1371 1372/1372/1372
f 1373/1373/1373 1374/1374/1374 1375/1375/1375
f 1376/1376/1376 1377/1377/1377 1378/1378/1378
f 1379/1379/1379 1380/1380/1380 1381/1381/1381
f 1382/1382/1382 1383/1383/1383 1384/1384/1384
f 1385/1385/1385 1386/1386/1386 1387/1387/1387
f 1388/1388/1388 1389/1389/1389 1390/1390/1390
f 1391/1391/1391 1392/1392/1392 1393/1393/1393
f 1394/1394/1394 1395/1395/1395 1396/1396/1396
f 1397/1397/1397 1398/1398/1398 1399/1399/1399
f 1400/1400/1400 1401/1401/1401 1402/1402/1402
f 1403/1403/1403 1404/1404/1404 1405/1405/1405
f 1406/1406/1406 1407/1407/1407 1408/1408/1408
f 1409/1409/1409 1410/1410/1410 1411/1411/1411
f 1412/1412/1412 1413/1413/1413 1414/1414/1414
f 1415/1415/1415 1416/1416/1416 1417/1417/1417
f 1418/1418/1418 1419/1419/1419 1420/1420/1420
f 1421/1421/1421 1422/1422/1422 1423/1423/1423
f 1424/1424/1424 1425/1425/1425 1426/1426/1426
f 1427/1427/1427 1428/1428/1428 1429/1429/1429
f 1430/1430/1430 1431/1431/1431 1432/1432/1432
f 1433/1433/1433 1434/1434/1434 1435/1435/1435
f 1436/1436/1436 1437/1437/1437 1438/1438/1438
f 1439/1439/1439 1440/1440/1440 1441/1441/1441
f 1442/1442/1442 1443/1443/1443 1444/1444/1444
f 1445/1445/1445 1446/1446/1446 1447/1447/1447
f 1448/1448/1448 1449/1449/1449 1450/1450/1450
f 1451/1451/1451 1452/1452/1452 1453/1453/1453
f 1454/1454/1454 1455/1455/1455 1456/1456/1456
f 1457/1457/1457 1458/1458/1458 1459/1459/1459
f 1460/1460/1460 1461/1461/1461 1462/1462/1462
f 1463/1463/1463 1464/1464/1464 1465/1465/1465
f 1466/1466/1466 1467/1467/1467 1468/1468/1468
f 1469/1469/1469 1470/1470/1470 1471/1471/1471
f 1472/1472/1472 1473/1473/1473 1474/1474/1474
f 1475/1475/1475 1476/1476/1476 1477/1477/1477
f 1478/1478/1478 1479/1479/1479 1480/1480/1480
f 1481/1481/1481 1482/1482/1482 1483/1483/1483
f 1484/1484/1484 1485/1485/1485 1486/1486/1486
f 1487/1487/1487 1488/1488/1488 1489/1489/1489
f 1490/1490/1490 1491/1491/1491 1492/1492/1492
f 1493/1493/1493 1494/1494/1494 1495/1495/1495
f 1496/1496/1496 1497/1497/1497 1498/1498/1498
f 1499/1499/1499 1500/1500/1500 1501/1501/1501
f 1502/1502/1502 1503/1503/1503 1504/1504/1504
f 1505/1505/1505 1506/1506/1506 1507/1507/1507
f 1508/1508/1508 1509/1509/1509 1510/1510/1510
f 1511/1511/1511 1512/1512/1512 1513/1513/1513
f 1514/1514/1514 1515/1515/1515 1516/1516/1516
f 1517/1517/1517 1518/1518/1518 1519/1519/1519
f 1520/1520/1520 1521/1521/1521 1522/1522/1522
f 1523/1523/1523 1524/1524/1524 1525/1525/1525
f 1526/1526/1526 1527/1527/1527 1528/1528/1528
f 1529/1529/1529 1530/1530/1530 1531/1531/1531
f 1532/1532/1532 1533/1533/1533 1534/1534/1534
f 1535/1535/1535 1536/1536/1536 1537/1537/1537
f 1538/1538/1538 1539/1539/1539 1540/1540/1540
f 1541/1541/1541 1542/1542/1542 1543/1543/1543
f 1544/1544/1544 1545/1545/1545 1546/1546/1546
f 1547/1547/1547 1548/1548/1548 1549/1549/1549
f 1550/1550/1550 1551/1551/1551 1552/1552/1552
f 1553/1553/1553 1554/1554/1554 1555/1555/1555
f 1556/1556/1556 1557/1557/1557 1558/1558/1558
f 1559/1559/1559 1560/1560/1560 1561/1561/1561
f 1562/1562/1562 1563/1563/1563 1564/1564/1564
f 1565/1565/1565 1566/1566/1566 1567/1567/1567
f 1568/1568/1568 1569/1569/1569 1570/1570/1570
f 1571/1571/1571 1572/1572/1572 1573/1573/1573
f 1574/1574/1574 1575/1575/1575 1576/1576/1576
f 1577/1577/1577 1578/1578/1578 1579/1579/1579
f 1580/1580/1580 1581/1581/1581 1582/1582/1582
f 1583/1583/1583 1584/1584/1584 1585/1585/1585
f 1586/1586/1586 1587/1587/1587 1588/1588/1588
o eye_glow
usemtl amber
v -0.23876644492149354 1.4646250004693866 0.4357598666846752
v -0.1962664444744587 1.4922047671675682 0.4455000002682209
v -0.21468714445829393 1.4959205877780914 0.42
v -0.23876644492149354 1.4646250004693866 0.4357598666846752
v -0.21250000044703485 1.4475797666981816 0.4612598669528961
v -0.1962664444744587 1.4922047671675682 0.4455000002682209
v -0.24230532169342042 1.42 0.44681228667497636
v -0.21250000044703485 1.4475797666981816 0.4612598669528961
v -0.23876644492149354 1.4646250004693866 0.4357598666846752
v -0.21250000044703485 1.4475797666981816 0.4612598669528961
v -0.17 1.4669215016812085 0.46338319301605224
v -0.1962664444744587 1.4922047671675682 0.4455000002682209
v -0.1962664444744587 1.4922047671675682 0.4455000002682209
v -0.17 1.509250000938773 0.42
v -0.21468714445829393 1.4959205877780914 0.42
v -0.1962664444744587 1.4922047671675682 0.4455000002682209
v -0.14373355552554132 1.4922047671675682 0.4455000002682209
v -0.17 1.509250000938773 0.42
v -0.17 1.4669215016812085 0.46338319301605224
v -0.14373355552554132 1.4922047671675682 0.4455000002682209
v -0.1962664444744587 1.4922047671675682 0.4455000002682209
v -0.14373355552554132 1.4922047671675682 0.4455000002682209
v -0.1253128555417061 1.4959205877780914 0.42
v -0.17 1.509250000938773 0.42
v -0.17 1.509250000938773 0.42
v -0.1962664444744587 1.4922047671675682 0.39449999973177907
v -0.21468714445829393 1.4959205877780914 0.42
v -0.17 1.509250000938773 0.42
v -0.14373355552554132 1.4922047671675682 0.39449999973177907
v -0.1962664444744587 1.4922047671675682 0.39449999973177907
v -0.1253128555417061 1.4959205877780914 0.42
v -0.14373355552554132 1.4922047671675682 0.39449999973177907
v -0.17 1.509250000938773 0.42
v -0.14373355552554132 1.4922047671675682 0.39449999973177907
v -0.17 1.4669215016812085 0.3766168069839477
v -0.1962664444744587 1.4922047671675682 0.39449999973177907
v -0.1962664444744587 1.4922047671675682 0.39449999973177907
v -0.23876644492149354 1.4646250004693866 0.40424013331532477
v -0.21468714445829393 1.4959205877780914 0.42
v -0.1962664444744587 1.4922047671675682 0.39449999973177907
v -0.21250000044703485 1.4475797666981816 0.37874013304710386
v -0.23876644492149354 1.4646250004693866 0.40424013331532477
v -0.17 1.4669215016812085 0.3766168069839477
v -0.21250000044703485 1.4475797666981816 0.37874013304710386
v -0.1962664444744587 1.4922047671675682 0.39449999973177907
v -0.21250000044703485 1.4475797666981816 0.37874013304710386
v -0.24230532169342042 1.42 0.3931877133250236
v -0.23876644492149354 1.4646250004693866 0.40424013331532477
v -0.23876644492149354 1.4646250004693866 0.40424013331532477
v -0.23876644492149354 1.4646250004693866 0.4357598666846752
v -0.21468714445829393 1.4959205877780914 0.42
v -0.23876644492149354 1.4646250004693866 0.40424013331532477
v -0.2550000008940697 1.42 0.42
v -0.23876644492149354 1.4646250004693866 0.4357598666846752
v -0.24230532169342042 1.42 0.3931877133250236
v -0.2550000008940697 1.42 0.42
v -0.23876644492149354 1.4646250004693866 0.40424013331532477
v -0.2550000008940697 1.42 0.42
v -0.24230532169342042 1.42 0.44681228667497636
v -0.23876644492149354 1.4646250004693866 0.4357598666846752
v -0.14373355552554132 1.4922047671675682 0.4455000002682209
v -0.10123355507850648 1.4646250004693866 0.4357598666846752
v -0.1253128555417061 1.4959205877780914 0.42
v -0.14373355552554132 1.4922047671675682 0.4455000002682209
v -0.12749999955296518 1.4475797666981816 0.4612598669528961
v -0.10123355507850648 1.4646250004693866 0.4357598666846752
v -0.17 1.4669215016812085 0.46338319301605224
v -0.12749999955296518 1.4475797666981816 0.4612598669528961
v -0.14373355552554132 1.4922047671675682 0.4455000002682209
v -0.12749999955296518 1.4475797666981816 0.4612598669528961
v -0.0976946783065796 1.42 0.44681228667497636
v -0.10123355507850648 1.4646250004693866 0.4357598666846752
v -0.21250000044703485 1.4475797666981816 0.4612598669528961
v -0.17 1.42 0.4710000005364418
v -0.17 1.4669215016812085 0.46338319301605224
v -0.21250000044703485 1.4475797666981816 0.4612598669528961
v -0.21250000044703485 1.3924202333018183 0.4612598669528961
v -0.17 1.42 0.4710000005364418
v -0.24230532169342042 1.42 0.44681228667497636
v -0.21250000044703485 1.3924202333018183 0.4612598669528961
v -0.21250000044703485 1.4475797666981816 0.4612598669528961
v -0.21250000044703485 1.3924202333018183 0.4612598669528961
v -0.17 1.3730784983187914 0.46338319301605224
v -0.17 1.42 0.4710000005364418
v -0.2550000008940697 1.42 0.42
v -0.23876644492149354 1.3753749995306133 0.4357598666846752
v -0.24230532169342042 1.42 0.44681228667497636
v -0.2550000008940697 1.42 0.42
v -0.23876644492149354 1.3753749995306133 0.40424013331532477
v -0.23876644492149354 1.3753749995306133 0.4357598666846752
v -0.24230532169342042 1.42 0.3931877133250236
v -0.23876644492149354 1.3753749995306133 0.40424013331532477
v -0.2550000008940697 1.42 0.42
v -0.23876644492149354 1.3753749995306133 0.40424013331532477
v -0.21468714445829393 1.3440794122219084 0.42
v -0.23876644492149354 1.3753749995306133 0.4357598666846752
v -0.21250000044703485 1.4475797666981816 0.37874013304710386
v -0.21250000044703485 1.3924202333018183 0.37874013304710386
v -0.24230532169342042 1.42 0.3931877133250236
v -0.21250000044703485 1.4475797666981816 0.37874013304710386
v -0.17 1.42 0.36899999946355816
v -0.21250000044703485 1.3924202333018183 0.37874013304710386
v -0.17 1.4669215016812085 0.3766168069839477
v -0.17 1.42 0.36899999946355816
v -0.21250000044703485 1.4475797666981816 0.37874013304710386
v -0.17 1.42 0.36899999946355816
v -0.17 1.3730784983187914 0.3766168069839477
v -0.21250000044703485 1.3924202333018183 0.37874013304710386
v -0.14373355552554132 1.4922047671675682 0.39449999973177907
v -0.12749999955296518 1.4475797666981816 0.37874013304710386
v -0.17 1.4669215016812085 0.3766168069839477
v -0.14373355552554132 1.4922047671675682 0.39449999973177907
v -0.10123355507850648 1.4646250004693866 0.40424013331532477
v -0.12749999955296518 1.4475797666981816 0.37874013304710386
v -0.1253128555417061 1.4959205877780914 0.42
v -0.10123355507850648 1.4646250004693866 0.40424013331532477
v -0.14373355552554132 1.4922047671675682 0.39449999973177907
v -0.10123355507850648 1.4646250004693866 0.40424013331532477
v -0.0976946783065796 1.42 0.3931877133250236
v -0.12749999955296518 1.4475797666981816 0.37874013304710386
v -0.10123355507850648 1.3753749995306133 0.4357598666846752
v -0.14373355552554132 1.3477952328324316 0.4455000002682209
v -0.1253128555417061 1.3440794122219084 0.42
v -0.10123355507850648 1.3753749995306133 0.4357598666846752
v -0.12749999955296518 1.3924202333018183 0.4612598669528961
v -0.14373355552554132 1.3477952328324316 0.4455000002682209
v -0.0976946783065796 1.42 0.44681228667497636
v -0.12749999955296518 1.3924202333018183 0.4612598669528961
v -0.10123355507850648 1.3753749995306133 0.4357598666846752
v -0.12749999955296518 1.3924202333018183 0.4612598669528961
v -0.17 1.3730784983187914 0.46338319301605224
v -0.14373355552554132 1.3477952328324316 0.4455000002682209
v -0.14373355552554132 1.3477952328324316 0.4455000002682209
v -0.17 1.3307499990612268 0.42
v -0.1253128555417061 1.3440794122219084 0.42
v -0.14373355552554132 1.3477952328324316 0.4455000002682209
v -0.1962664444744587 1.3477952328324316 0.4455000002682209
v -0.17 1.3307499990612268 0.42
v -0.17 1.3730784983187914 0.46338319301605224
v -0.1962664444744587 1.3477952328324316 0.4455000002682209
v -0.14373355552554132 1.3477952328324316 0.4455000002682209
v -0.1962664444744587 1.3477952328324316 0.4455000002682209
v -0.21468714445829393 1.3440794122219084 0.42
v -0.17 1.3307499990612268 0.42
v -0.17 1.3307499990612268 0.42
v -0.14373355552554132 1.3477952328324316 0.39449999973177907
v -0.1253128555417061 1.3440794122219084 0.42
v -0.17 1.3307499990612268 0.42
v -0.1962664444744587 1.3477952328324316 0.39449999973177907
v -0.14373355552554132 1.3477952328324316 0.39449999973177907
v -0.21468714445829393 1.3440794122219084 0.42
v -0.1962664444744587 1.3477952328324316 0.39449999973177907
v -0.17 1.3307499990612268 0.42
v -0.1962664444744587 1.3477952328324316 0.39449999973177907
v -0.17 1.3730784983187914 0.3766168069839477
v -0.14373355552554132 1.3477952328324316 0.39449999973177907
v -0.14373355552554132 1.3477952328324316 0.39449999973177907
v -0.10123355507850648 1.3753749995306133 0.40424013331532477
v -0.1253128555417061 1.3440794122219084 0.42
v -0.14373355552554132 1.3477952328324316 0.39449999973177907
v -0.12749999955296518 1.3924202333018183 0.37874013304710386
v -0.10123355507850648 1.3753749995306133 0.40424013331532477
v -0.17 1.3730784983187914 0.3766168069839477
v -0.12749999955296518 1.3924202333018183 0.37874013304710386
v -0.14373355552554132 1.3477952328324316 0.39449999973177907
v -0.12749999955296518 1.3924202333018183 0.37874013304710386
v -0.0976946783065796 1.42 0.3931877133250236
v -0.10123355507850648 1.3753749995306133 0.40424013331532477
v -0.10123355507850648 1.3753749995306133 0.40424013331532477
v -0.10123355507850648 1.3753749995306133 0.4357598666846752
v -0.1253128555417061 1.3440794122219084 0.42
v -0.10123355507850648 1.3753749995306133 0.40424013331532477
v -0.08499999910593034 1.42 0.42
v -0.10123355507850648 1.3753749995306133 0.4357598666846752
v -0.0976946783065796 1.42 0.3931877133250236
v -0.08499999910593034 1.42 0.42
v -0.10123355507850648 1.3753749995306133 0.40424013331532477
v -0.08499999910593034 1.42 0.42
v -0.0976946783065796 1.42 0.44681228667497636
v -0.10123355507850648 1.3753749995306133 0.4357598666846752
v -0.12749999955296518 1.3924202333018183 0.4612598669528961
v -0.17 1.42 0.4710000005364418
v -0.17 1.3730784983187914 0.46338319301605224
v -0.12749999955296518 1.3924202333018183 0.4612598669528961
v -0.12749999955296518 1.4475797666981816 0.4612598669528961
v -0.17 1.42 0.4710000005364418
v -0.0976946783065796 1.42 0.44681228667497636
v -0.12749999955296518 1.4475797666981816 0.4612598669528961
v -0.12749999955296518 1.3924202333018183 0.4612598669528961
v -0.12749999955296518 1.4475797666981816 0.4612598669528961
v -0.17 1.4669215016812085 0.46338319301605224
v -0.17 1.42 0.4710000005364418
v -0.1962664444744587 1.3477952328324316 0.4455000002682209
v -0.23876644492149354 1.3753749995306133 0.4357598666846752
v -0.21468714445829393 1.3440794122219084 0.42
v -0.1962664444744587 1.3477952328324316 0.4455000002682209
v -0.21250000044703485 1.3924202333018183 0.4612598669528961
v -0.23876644492149354 1.3753749995306133 0.4357598666846752
v -0.17 1.3730784983187914 0.46338319301605224
v -0.21250000044703485 1.3924202333018183 0.4612598669528961
v -0.1962664444744587 1.3477952328324316 0.4455000002682209
v -0.21250000044703485 1.3924202333018183 0.4612598669528961
v -0.24230532169342042 1.42 0.44681228667497636
v -0.23876644492149354 1.3753749995306133 0.4357598666846752
v -0.1962664444744587 1.3477952328324316 0.39449999973177907
v -0.21250000044703485 1.3924202333018183 0.37874013304710386
v -0.17 1.3730784983187914 0.3766168069839477
v -0.1962664444744587 1.3477952328324316 0.39449999973177907
v -0.23876644492149354 1.3753749995306133 0.40424013331532477
v -0.21250000044703485 1.3924202333018183 0.37874013304710386
v -0.21468714445829393 1.3440794122219084 0.42
v -0.23876644492149354 1.3753749995306133 0.40424013331532477
v -0.1962664444744587 1.3477952328324316 0.39449999973177907
v -0.23876644492149354 1.3753749995306133 0.40424013331532477
v -0.24230532169342042 1.42 0.3931877133250236
v -0.21250000044703485 1.3924202333018183 0.37874013304710386
v -0.12749999955296518 1.3924202333018183 0.37874013304710386
v -0.12749999955296518 1.4475797666981816 0.37874013304710386
v -0.0976946783065796 1.42 0.3931877133250236
v -0.12749999955296518 1.3924202333018183 0.37874013304710386
v -0.17 1.42 0.36899999946355816
v -0.12749999955296518 1.4475797666981816 0.37874013304710386
v -0.17 1.3730784983187914 0.3766168069839477
v -0.17 1.42 0.36899999946355816
v -0.12749999955296518 1.3924202333018183 0.37874013304710386
v -0.17 1.42 0.36899999946355816
v -0.17 1.4669215016812085 0.3766168069839477
v -0.12749999955296518 1.4475797666981816 0.37874013304710386
v -0.08499999910593034 1.42 0.42
v -0.10123355507850648 1.4646250004693866 0.4357598666846752
v -0.0976946783065796 1.42 0.44681228667497636
v -0.08499999910593034 1.42 0.42
v -0.10123355507850648 1.4646250004693866 0.40424013331532477
v -0.10123355507850648 1.4646250004693866 0.4357598666846752
v -0.0976946783065796 1.42 0.3931877133250236
v -0.10123355507850648 1.4646250004693866 0.40424013331532477
v -0.08499999910593034 1.42 0.42
v -0.10123355507850648 1.4646250004693866 0.40424013331532477
v -0.1253128555417061 1.4959205877780914 0.42
v -0.10123355507850648 1.4646250004693866 0.4357598666846752
vt 0.5580698847770691 0.6666666865348816
vt 0.6618959307670593 0.800000011920929
vt 0.5 0.8237918019294739
vt 0.5580698847770691 0.6666666865348816
vt 0.6618959307670593 0.6000000238418579
vt 0.6618959307670593 0.800000011920929
vt 0.5881040692329407 0.5
vt 0.6618959307670593 0.6000000238418579
vt 0.5580698847770691 0.6666666865348816
vt 0.6618959307670593 0.6000000238418579
vt 0.75 0.6762081980705261
vt 0.6618959307670593 0.800000011920929
vt 0.6618959307670593 0.800000011920929
vt 0.5858913660049438 1
vt 0.5 0.8237918019294739
vt 0.6618959307670593 0.800000011920929
vt 0.8381040692329407 0.800000011920929
vt 0.75 1
vt 0.75 0.6762081980705261
vt 0.8381040692329407 0.800000011920929
vt 0.6618959307670593 0.800000011920929
vt 0.8381040692329407 0.800000011920929
vt 1 0.8237918019294739
vt 0.9141086339950562 1
vt 0.41410863399505615 1
vt 0.33810409903526306 0.800000011920929
vt 0.5 0.8237918019294739
vt 0.25 1
vt 0.16189590096473694 0.800000011920929
vt 0.33810409903526306 0.800000011920929
vt 0 0.8237918019294739
vt 0.16189590096473694 0.800000011920929
vt 0.08589137345552444 1
vt 0.16189590096473694 0.800000011920929
vt 0.25 0.6762081980705261
vt 0.33810409903526306 0.800000011920929
vt 0.33810409903526306 0.800000011920929
vt 0.4419301152229309 0.6666666865348816
vt 0.5 0.8237918019294739
vt 0.33810409903526306 0.800000011920929
vt 0.33810409903526306 0.6000000238418579
vt 0.4419301152229309 0.6666666865348816
vt 0.25 0.6762081980705261
vt 0.33810409903526306 0.6000000238418579
vt 0.33810409903526306 0.800000011920929
vt 0.33810409903526306 0.6000000238418579
vt 0.41189590096473694 0.5
vt 0.4419301152229309 0.6666666865348816
vt 0.4419301152229309 0.6666666865348816
vt 0.5580698847770691 0.6666666865348816
vt 0.5 0.8237918019294739
vt 0.4419301152229309 0.6666666865348816
vt 0.5 0.5
vt 0.5580698847770691 0.6666666865348816
vt 0.41189590096473694 0.5
vt 0.5 0.5
vt 0.4419301152229309 0.6666666865348816
vt 0.5 0.5
vt 0.5881040692329407 0.5
vt 0.5580698847770691 0.6666666865348816
vt 0.8381040692329407 0.800000011920929
vt 0.9419301152229309 0.6666666865348816
vt 1 0.8237918019294739
vt 0.8381040692329407 0.800000011920929
vt 0.8381040692329407 0.6000000238418579
vt 0.9419301152229309 0.6666666865348816
vt 0.75 0.6762081980705261
vt 0.8381040692329407 0.6000000238418579
vt 0.8381040692329407 0.800000011920929
vt 0.8381040692329407 0.6000000238418579
vt 0.9118959307670593 0.5
vt 0.9419301152229309 0.6666666865348816
vt 0.6618959307670593 0.6000000238418579
vt 0.75 0.5
vt 0.75 0.6762081980705261
vt 0.6618959307670593 0.6000000238418579
vt 0.6618959307670593 0.4000000059604645
vt 0.75 0.5
vt 0.5881040692329407 0.5
vt 0.6618959307670593 0.4000000059604645
vt 0.6618959307670593 0.6000000238418579
vt 0.6618959307670593 0.4000000059604645
vt 0.75 0.3237918019294739
vt 0.75 0.5
vt 0.5 0.5
vt 0.5580698847770691 0.3333333432674408
vt 0.5881040692329407 0.5
vt 0.5 0.5
vt 0.4419301152229309 0.3333333432674408
vt 0.5580698847770691 0.3333333432674408
vt 0.41189590096473694 0.5
vt 0.4419301152229309 0.3333333432674408
vt 0.5 0.5
vt 0.4419301152229309 0.3333333432674408
vt 0.5 0.17620819807052612
vt 0.5580698847770691 0.3333333432674408
vt 0.33810409903526306 0.6000000238418579
vt 0.33810409903526306 0.4000000059604645
vt 0.41189590096473694 0.5
vt 0.33810409903526306 0.6000000238418579
vt 0.25 0.5
vt 0.33810409903526306 0.4000000059604645
vt 0.25 0.6762081980705261
vt 0.25 0.5
vt 0.33810409903526306 0.6000000238418579
vt 0.25 0.5
vt 0.25 0.3237918019294739
vt 0.33810409903526306 0.4000000059604645
vt 0.16189590096473694 0.800000011920929
vt 0.16189590096473694 0.6000000238418579
vt 0.25 0.6762081980705261
vt 0.16189590096473694 0.800000011920929
vt 0.05806988105177879 0.6666666865348816
vt 0.16189590096473694 0.6000000238418579
vt 0 0.8237918019294739
vt 0.05806988105177879 0.6666666865348816
vt 0.16189590096473694 0.800000011920929
vt 0.05806988105177879 0.6666666865348816
vt 0.08810409903526306 0.5
vt 0.16189590096473694 0.6000000238418579
vt 0.9419301152229309 0.3333333432674408
vt 0.8381040692329407 0.20000000298023224
vt 1 0.17620819807052612
vt 0.9419301152229309 0.3333333432674408
vt 0.8381040692329407 0.4000000059604645
vt 0.8381040692329407 0.20000000298023224
vt 0.9118959307670593 0.5
vt 0.8381040692329407 0.4000000059604645
vt 0.9419301152229309 0.3333333432674408
vt 0.8381040692329407 0.4000000059604645
vt 0.75 0.3237918019294739
vt 0.8381040692329407 0.20000000298023224
vt 0.8381040692329407 0.20000000298023224
vt 0.9141086339950562 0
vt 1 0.17620819807052612
vt 0.8381040692329407 0.20000000298023224
vt 0.6618959307670593 0.20000000298023224
vt 0.75 0
vt 0.75 0.3237918019294739
vt 0.6618959307670593 0.20000000298023224
vt 0.8381040692329407 0.20000000298023224
vt 0.6618959307670593 0.20000000298023224
vt 0.5 0.17620819807052612
vt 0.5858913660049438 0
vt 0.08589137345552444 0
vt 0.16189590096473694 0.20000000298023224
vt 0 0.17620819807052612
vt 0.25 0
vt 0.33810409903526306 0.20000000298023224
vt 0.16189590096473694 0.20000000298023224
vt 0.5 0.17620819807052612
vt 0.33810409903526306 0.20000000298023224
vt 0.41410863399505615 0
vt 0.33810409903526306 0.20000000298023224
vt 0.25 0.3237918019294739
vt 0.16189590096473694 0.20000000298023224
vt 0.16189590096473694 0.20000000298023224
vt 0.05806988105177879 0.3333333432674408
vt 0 0.17620819807052612
vt 0.16189590096473694 0.20000000298023224
vt 0.16189590096473694 0.4000000059604645
vt 0.05806988105177879 0.3333333432674408
vt 0.25 0.3237918019294739
vt 0.16189590096473694 0.4000000059604645
vt 0.16189590096473694 0.20000000298023224
vt 0.16189590096473694 0.4000000059604645
vt 0.08810409903526306 0.5
vt 0.05806988105177879 0.3333333432674408
vt 1.0580698251724243 0.3333333432674408
vt 0.9419301152229309 0.3333333432674408
vt 1 0.17620819807052612
vt 1.0580698251724243 0.3333333432674408
vt 1 0.5
vt 0.9419301152229309 0.3333333432674408
vt 0.08810409903526306 0.5
vt 0 0.5
vt 0.05806988105177879 0.3333333432674408
vt 1 0.5
vt 0.9118959307670593 0.5
vt 0.9419301152229309 0.3333333432674408
vt 0.8381040692329407 0.4000000059604645
vt 0.75 0.5
vt 0.75 0.3237918019294739
vt 0.8381040692329407 0.4000000059604645
vt 0.8381040692329407 0.6000000238418579
vt 0.75 0.5
vt 0.9118959307670593 0.5
vt 0.8381040692329407 0.6000000238418579
vt 0.8381040692329407 0.4000000059604645
vt 0.8381040692329407 0.6000000238418579
vt 0.75 0.6762081980705261
vt 0.75 0.5
vt 0.6618959307670593 0.20000000298023224
vt 0.5580698847770691 0.3333333432674408
vt 0.5 0.17620819807052612
vt 0.6618959307670593 0.20000000298023224
vt 0.6618959307670593 0.4000000059604645
vt 0.5580698847770691 0.3333333432674408
vt 0.75 0.3237918019294739
vt 0.6618959307670593 0.4000000059604645
vt 0.6618959307670593 0.20000000298023224
vt 0.6618959307670593 0.4000000059604645
vt 0.5881040692329407 0.5
vt 0.5580698847770691 0.3333333432674408
vt 0.33810409903526306 0.20000000298023224
vt 0.33810409903526306 0.4000000059604645
vt 0.25 0.3237918019294739
vt 0.33810409903526306 0.20000000298023224
vt 0.4419301152229309 0.3333333432674408
vt 0.33810409903526306 0.4000000059604645
vt 0.5 0.17620819807052612
vt 0.4419301152229309 0.3333333432674408
vt 0.33810409903526306 0.20000000298023224
vt 0.4419301152229309 0.3333333432674408
vt 0.41189590096473694 0.5
vt 0.33810409903526306 0.4000000059604645
vt 0.16189590096473694 0.4000000059604645
vt 0.16189590096473694 0.6000000238418579
vt 0.08810409903526306 0.5
vt 0.16189590096473694 0.4000000059604645
vt 0.25 0.5
vt 0.16189590096473694 0.6000000238418579
vt 0.25 0.3237918019294739
vt 0.25 0.5
vt 0.16189590096473694 0.4000000059604645
vt 0.25 0.5
vt 0.25 0.6762081980705261
vt 0.16189590096473694 0.6000000238418579
vt 1 0.5
vt 0.9419301152229309 0.6666666865348816
vt 0.9118959307670593 0.5
vt 1 0.5
vt 1.0580698251724243 0.6666666865348816
vt 0.9419301152229309 0.6666666865348816
vt 0.08810409903526306 0.5
vt 0.05806988105177879 0.6666666865348816
vt 0 0.5
vt 1.0580698251724243 0.6666666865348816
vt 1 0.8237918019294739
vt 0.9419301152229309 0.6666666865348816
vn -0.7555562779273752 0.44472329089057516 0.48099470415378565
vn -0.2627108246006034 0.6550341492635674 0.7084583868769041
vn -0.544360535035156 0.8388513622187416 0
vn -0.7555562779273752 0.44472329089057516 0.48099470415378565
vn -0.34062563031859905 0.2004935453025624 0.918573088143816
vn -0.2627108246006034 0.6550341492635674 0.7084583868769041
vn -0.6965611777602206 0 0.7174974046205981
vn -0.34062563031859905 0.2004935453025624 0.918573088143816
vn -0.7555562779273752 0.44472329089057516 0.48099470415378565
vn -0.34062563031859905 0.2004935453025624 0.918573088143816
vn 0 0.3330054733743747 0.9429248934579618
vn -0.2627108246006034 0.6550341492635674 0.7084583868769041
vn -0.2627108246006034 0.6550341492635674 0.7084583868769041
vn 0 1 0
vn -0.544360535035156 0.8388513622187416 0
vn -0.2627108246006034 0.6550341492635674 0.7084583868769041
vn 0.2627108246006034 0.6550341492635674 0.7084583868769041
vn 0 1 0
vn 0 0.3330054733743747 0.9429248934579618
vn 0.2627108246006034 0.6550341492635674 0.7084583868769041
vn -0.2627108246006034 0.6550341492635674 0.7084583868769041
vn 0.2627108246006034 0.6550341492635674 0.7084583868769041
vn 0.544360535035156 0.8388513622187416 0
vn 0 1 0
vn 0 1 0
vn -0.2627108246006034 0.6550341492635674 -0.7084583868769041
vn -0.544360535035156 0.8388513622187416 0
vn 0 1 0
vn 0.2627108246006034 0.6550341492635674 -0.7084583868769041
vn -0.2627108246006034 0.6550341492635674 -0.7084583868769041
vn 0.544360535035156 0.8388513622187416 0
vn 0.2627108246006034 0.6550341492635674 -0.7084583868769041
vn 0 1 0
vn 0.2627108246006034 0.6550341492635674 -0.7084583868769041
vn 0 0.3330054733743747 -0.9429248934579618
vn -0.2627108246006034 0.6550341492635674 -0.7084583868769041
vn -0.2627108246006034 0.6550341492635674 -0.7084583868769041
vn -0.7555562779273752 0.44472329089057516 -0.48099470415378565
vn -0.544360535035156 0.8388513622187416 0
vn -0.2627108246006034 0.6550341492635674 -0.7084583868769041
vn -0.34062563031859905 0.2004935453025624 -0.918573088143816
vn -0.7555562779273752 0.44472329089057516 -0.48099470415378565
vn 0 0.3330054733743747 -0.9429248934579618
vn -0.34062563031859905 0.2004935453025624 -0.918573088143816
vn -0.2627108246006034 0.6550341492635674 -0.7084583868769041
vn -0.34062563031859905 0.2004935453025624 -0.918573088143816
vn -0.6965611777602206 0 -0.7174974046205981
vn -0.7555562779273752 0.44472329089057516 -0.48099470415378565
vn -0.7555562779273752 0.44472329089057516 -0.48099470415378565
vn -0.7555562779273752 0.44472329089057516 0.48099470415378565
vn -0.544360535035156 0.8388513622187416 0
vn -0.7555562779273752 0.44472329089057516 -0.48099470415378565
vn -1 0 0
vn -0.7555562779273752 0.44472329089057516 0.48099470415378565
vn -0.6965611777602206 0 -0.7174974046205981
vn -1 0 0
vn -0.7555562779273752 0.44472329089057516 -0.48099470415378565
vn -1 0 0
vn -0.6965611777602206 0 0.7174974046205981
vn -0.7555562779273752 0.44472329089057516 0.48099470415378565
vn 0.2627108246006034 0.6550341492635674 0.7084583868769041
vn 0.7555562779273752 0.44472329089057516 0.48099470415378565
vn 0.544360535035156 0.8388513622187416 0
vn 0.2627108246006034 0.6550341492635674 0.7084583868769041
vn 0.34062563031859905 0.2004935453025624 0.918573088143816
vn 0.7555562779273752 0.44472329089057516 0.48099470415378565
vn 0 0.3330054733743747 0.9429248934579618
vn 0.34062563031859905 0.2004935453025624 0.918573088143816
vn 0.2627108246006034 0.6550341492635674 0.7084583868769041
vn 0.34062563031859905 0.2004935453025624 0.918573088143816
vn 0.6965611777602206 0 0.7174974046205981
vn 0.7555562779273752 0.44472329089057516 0.48099470415378565
vn -0.34062563031859905 0.2004935453025624 0.918573088143816
vn 0 0 1
vn 0 0.3330054733743747 0.9429248934579618
vn -0.34062563031859905 0.2004935453025624 0.918573088143816
vn -0.34062563031859905 -0.2004935453025624 0.918573088143816
vn 0 0 1
vn -0.6965611777602206 0 0.7174974046205981
vn -0.34062563031859905 -0.2004935453025624 0.918573088143816
vn -0.34062563031859905 0.2004935453025624 0.918573088143816
vn -0.34062563031859905 -0.2004935453025624 0.918573088143816
vn 0 -0.3330054733743747 0.9429248934579618
vn 0 0 1
vn -1 0 0
vn -0.7555562779273752 -0.44472329089057516 0.48099470415378565
vn -0.6965611777602206 0 0.7174974046205981
vn -1 0 0
vn -0.7555562779273752 -0.44472329089057516 -0.48099470415378565
vn -0.7555562779273752 -0.44472329089057516 0.48099470415378565
vn -0.6965611777602206 0 -0.7174974046205981
vn -0.7555562779273752 -0.44472329089057516 -0.48099470415378565
vn -1 0 0
vn -0.7555562779273752 -0.44472329089057516 -0.48099470415378565
vn -0.544360535035156 -0.8388513622187416 0
vn -0.7555562779273752 -0.44472329089057516 0.48099470415378565
vn -0.34062563031859905 0.2004935453025624 -0.918573088143816
vn -0.34062563031859905 -0.2004935453025624 -0.918573088143816
vn -0.6965611777602206 0 -0.7174974046205981
vn -0.34062563031859905 0.2004935453025624 -0.918573088143816
vn 0 0 -1
vn -0.34062563031859905 -0.2004935453025624 -0.918573088143816
vn 0 0.3330054733743747 -0.9429248934579618
vn 0 0 -1
vn -0.34062563031859905 0.2004935453025624 -0.918573088143816
vn 0 0 -1
vn 0 -0.3330054733743747 -0.9429248934579618
vn -0.34062563031859905 -0.2004935453025624 -0.918573088143816
vn 0.2627108246006034 0.6550341492635674 -0.7084583868769041
vn 0.34062563031859905 0.2004935453025624 -0.918573088143816
vn 0 0.3330054733743747 -0.9429248934579618
vn 0.2627108246006034 0.6550341492635674 -0.7084583868769041
vn 0.7555562779273752 0.44472329089057516 -0.48099470415378565
vn 0.34062563031859905 0.2004935453025624 -0.918573088143816
vn 0.544360535035156 0.8388513622187416 0
vn 0.7555562779273752 0.44472329089057516 -0.48099470415378565
vn 0.2627108246006034 0.6550341492635674 -0.7084583868769041
vn 0.7555562779273752 0.44472329089057516 -0.48099470415378565
vn 0.6965611777602206 0 -0.7174974046205981
vn 0.34062563031859905 0.2004935453025624 -0.918573088143816
vn 0.7555562779273752 -0.44472329089057516 0.48099470415378565
vn 0.2627108246006034 -0.6550341492635674 0.7084583868769041
vn 0.544360535035156 -0.8388513622187416 0
vn 0.7555562779273752 -0.44472329089057516 0.48099470415378565
vn 0.34062563031859905 -0.2004935453025624 0.918573088143816
vn 0.2627108246006034 -0.6550341492635674 0.7084583868769041
vn 0.6965611777602206 0 0.7174974046205981
vn 0.34062563031859905 -0.2004935453025624 0.918573088143816
vn 0.7555562779273752 -0.44472329089057516 0.48099470415378565
vn 0.34062563031859905 -0.2004935453025624 0.918573088143816
vn 0 -0.3330054733743747 0.9429248934579618
vn 0.2627108246006034 -0.6550341492635674 0.7084583868769041
vn 0.2627108246006034 -0.6550341492635674 0.7084583868769041
vn 0 -1 0
vn 0.544360535035156 -0.8388513622187416 0
vn 0.2627108246006034 -0.6550341492635674 0.7084583868769041
vn -0.2627108246006034 -0.6550341492635674 0.7084583868769041
vn 0 -1 0
vn 0 -0.3330054733743747 0.9429248934579618
vn -0.2627108246006034 -0.6550341492635674 0.7084583868769041
vn 0.2627108246006034 -0.6550341492635674 0.7084583868769041
vn -0.2627108246006034 -0.6550341492635674 0.7084583868769041
vn -0.544360535035156 -0.8388513622187416 0
vn 0 -1 0
vn 0 -1 0
vn 0.2627108246006034 -0.6550341492635674 -0.7084583868769041
vn 0.544360535035156 -0.8388513622187416 0
vn 0 -1 0
vn -0.2627108246006034 -0.6550341492635674 -0.7084583868769041
vn 0.2627108246006034 -0.6550341492635674 -0.7084583868769041
vn -0.544360535035156 -0.8388513622187416 0
vn -0.2627108246006034 -0.6550341492635674 -0.7084583868769041
vn 0 -1 0
vn -0.2627108246006034 -0.6550341492635674 -0.7084583868769041
vn 0 -0.3330054733743747 -0.9429248934579618
vn 0.2627108246006034 -0.6550341492635674 -0.7084583868769041
vn 0.2627108246006034 -0.6550341492635674 -0.7084583868769041
vn 0.7555562779273752 -0.44472329089057516 -0.48099470415378565
vn 0.544360535035156 -0.8388513622187416 0
vn 0.2627108246006034 -0.6550341492635674 -0.7084583868769041
vn 0.34062563031859905 -0.2004935453025624 -0.918573088143816
vn 0.7555562779273752 -0.44472329089057516 -0.48099470415378565
vn 0 -0.3330054733743747 -0.9429248934579618
vn 0.34062563031859905 -0.2004935453025624 -0.918573088143816
vn 0.2627108246006034 -0.6550341492635674 -0.7084583868769041
vn 0.34062563031859905 -0.2004935453025624 -0.918573088143816
vn 0.6965611777602206 0 -0.7174974046205981
vn 0.7555562779273752 -0.44472329089057516 -0.48099470415378565
vn 0.7555562779273752 -0.44472329089057516 -0.48099470415378565
vn 0.7555562779273752 -0.44472329089057516 0.48099470415378565
vn 0.544360535035156 -0.8388513622187416 0
vn 0.7555562779273752 -0.44472329089057516 -0.48099470415378565
vn 1 0 0
vn 0.7555562779273752 -0.44472329089057516 0.48099470415378565
vn 0.6965611777602206 0 -0.7174974046205981
vn 1 0 0
vn 0.7555562779273752 -0.44472329089057516 -0.48099470415378565
vn 1 0 0
vn 0.6965611777602206 0 0.7174974046205981
vn 0.7555562779273752 -0.44472329089057516 0.48099470415378565
vn 0.34062563031859905 -0.2004935453025624 0.918573088143816
vn 0 0 1
vn 0 -0.3330054733743747 0.9429248934579618
vn 0.34062563031859905 -0.2004935453025624 0.918573088143816
vn 0.34062563031859905 0.2004935453025624 0.918573088143816
vn 0 0 1
vn 0.6965611777602206 0 0.7174974046205981
vn 0.34062563031859905 0.2004935453025624 0.918573088143816
vn 0.34062563031859905 -0.2004935453025624 0.918573088143816
vn 0.34062563031859905 0.2004935453025624 0.918573088143816
vn 0 0.3330054733743747 0.9429248934579618
vn 0 0 1
vn -0.2627108246006034 -0.6550341492635674 0.7084583868769041
vn -0.7555562779273752 -0.44472329089057516 0.48099470415378565
vn -0.544360535035156 -0.8388513622187416 0
vn -0.2627108246006034 -0.6550341492635674 0.7084583868769041
vn -0.34062563031859905 -0.2004935453025624 0.918573088143816
vn -0.7555562779273752 -0.44472329089057516 0.48099470415378565
vn 0 -0.3330054733743747 0.9429248934579618
vn -0.34062563031859905 -0.2004935453025624 0.918573088143816
vn -0.2627108246006034 -0.6550341492635674 0.7084583868769041
vn -0.34062563031859905 -0.2004935453025624 0.918573088143816
vn -0.6965611777602206 0 0.7174974046205981
vn -0.7555562779273752 -0.44472329089057516 0.48099470415378565
vn -0.2627108246006034 -0.6550341492635674 -0.7084583868769041
vn -0.34062563031859905 -0.2004935453025624 -0.918573088143816
vn 0 -0.3330054733743747 -0.9429248934579618
vn -0.2627108246006034 -0.6550341492635674 -0.7084583868769041
vn -0.7555562779273752 -0.44472329089057516 -0.48099470415378565
vn -0.34062563031859905 -0.2004935453025624 -0.918573088143816
vn -0.544360535035156 -0.8388513622187416 0
vn -0.7555562779273752 -0.44472329089057516 -0.48099470415378565
vn -0.2627108246006034 -0.6550341492635674 -0.7084583868769041
vn -0.7555562779273752 -0.44472329089057516 -0.48099470415378565
vn -0.6965611777602206 0 -0.7174974046205981
vn -0.34062563031859905 -0.2004935453025624 -0.918573088143816
vn 0.34062563031859905 -0.2004935453025624 -0.918573088143816
vn 0.34062563031859905 0.2004935453025624 -0.918573088143816
vn 0.6965611777602206 0 -0.7174974046205981
vn 0.34062563031859905 -0.2004935453025624 -0.918573088143816
vn 0 0 -1
vn 0.34062563031859905 0.2004935453025624 -0.918573088143816
vn 0 -0.3330054733743747 -0.9429248934579618
vn 0 0 -1
vn 0.34062563031859905 -0.2004935453025624 -0.918573088143816
vn 0 0 -1
vn 0 0.3330054733743747 -0.9429248934579618
vn 0.34062563031859905 0.2004935453025624 -0.918573088143816
vn 1 0 0
vn 0.7555562779273752 0.44472329089057516 0.48099470415378565
vn 0.6965611777602206 0 0.7174974046205981
vn 1 0 0
vn 0.7555562779273752 0.44472329089057516 -0.48099470415378565
vn 0.7555562779273752 0.44472329089057516 0.48099470415378565
vn 0.6965611777602206 0 -0.7174974046205981
vn 0.7555562779273752 0.44472329089057516 -0.48099470415378565
vn 1 0 0
vn 0.7555562779273752 0.44472329089057516 -0.48099470415378565
vn 0.544360535035156 0.8388513622187416 0
vn 0.7555562779273752 0.44472329089057516 0.48099470415378565
f 1589/1589/1589 1590/1590/1590 1591/1591/1591
f 1592/1592/1592 1593/1593/1593 1594/1594/1594
f 1595/1595/1595 1596/1596/1596 1597/1597/1597
f 1598/1598/1598 1599/1599/1599 1600/1600/1600
f 1601/1601/1601 1602/1602/1602 1603/1603/1603
f 1604/1604/1604 1605/1605/1605 1606/1606/1606
f 1607/1607/1607 1608/1608/1608 1609/1609/1609
f 1610/1610/1610 1611/1611/1611 1612/1612/1612
f 1613/1613/1613 1614/1614/1614 1615/1615/1615
f 1616/1616/1616 1617/1617/1617 1618/1618/1618
f 1619/1619/1619 1620/1620/1620 1621/1621/1621
f 1622/1622/1622 1623/1623/1623 1624/1624/1624
f 1625/1625/1625 1626/1626/1626 1627/1627/1627
f 1628/1628/1628 1629/1629/1629 1630/1630/1630
f 1631/1631/1631 1632/1632/1632 1633/1633/1633
f 1634/1634/1634 1635/1635/1635 1636/1636/1636
f 1637/1637/1637 1638/1638/1638 1639/1639/1639
f 1640/1640/1640 1641/1641/1641 1642/1642/1642
f 1643/1643/1643 1644/1644/1644 1645/1645/1645
f 1646/1646/1646 1647/1647/1647 1648/1648/1648
f 1649/1649/1649 1650/1650/1650 1651/1651/1651
f 1652/1652/1652 1653/1653/1653 1654/1654/1654
f 1655/1655/1655 1656/1656/1656 1657/1657/1657
f 1658/1658/1658 1659/1659/1659 1660/1660/1660
f 1661/1661/1661 1662/1662/1662 1663/1663/1663
f 1664/1664/1664 1665/1665/1665 1666/1666/1666
f 1667/1667/1667 1668/1668/1668 1669/1669/1669
f 1670/1670/1670 1671/1671/1671 1672/1672/1672
f 1673/1673/1673 1674/1674/1674 1675/1675/1675
f 1676/1676/1676 1677/1677/1677 1678/1678/1678
f 1679/1679/1679 1680/1680/1680 1681/1681/1681
f 1682/1682/1682 1683/1683/1683 1684/1684/1684
f 1685/1685/1685 1686/1686/1686 1687/1687/1687
f 1688/1688/1688 1689/1689/1689 1690/1690/1690
f 1691/1691/1691 1692/1692/1692 1693/1693/1693
f 1694/1694/1694 1695/1695/1695 1696/1696/1696
f 1697/1697/1697 1698/1698/1698 1699/1699/1699
f 1700/1700/1700 1701/1701/1701 1702/1702/1702
f 1703/1703/1703 1704/1704/1704 1705/1705/1705
f 1706/1706/1706 1707/1707/1707 1708/1708/1708
f 1709/1709/1709 1710/1710/1710 1711/1711/1711
f 1712/1712/1712 1713/1713/1713 1714/1714/1714
f 1715/1715/1715 1716/1716/1716 1717/1717/1717
f 1718/1718/1718 1719/1719/1719 1720/1720/1720
f 1721/1721/1721 1722/1722/1722 1723/1723/1723
f 1724/1724/1724 1725/1725/1725 1726/1726/1726
f 1727/1727/1727 1728/1728/1728 1729/1729/1729
f 1730/1730/1730 1731/1731/1731 1732/1732/1732
f 1733/1733/1733 1734/1734/1734 1735/1735/1735
f 1736/1736/1736 1737/1737/1737 1738/1738/1738
f 1739/1739/1739 1740/1740/1740 1741/1741/1741
f 1742/1742/1742 1743/1743/1743 1744/1744/1744
f 1745/1745/1745 1746/1746/1746 1747/1747/1747
f 1748/1748/1748 1749/1749/1749 1750/1750/1750
f 1751/1751/1751 1752/1752/1752 1753/1753/1753
f 1754/1754/1754 1755/1755/1755 1756/1756/1756
f 1757/1757/1757 1758/1758/1758 1759/1759/1759
f 1760/1760/1760 1761/1761/1761 1762/1762/1762
f 1763/1763/1763 1764/1764/1764 1765/1765/1765
f 1766/1766/1766 1767/1767/1767 1768/1768/1768
f 1769/1769/1769 1770/1770/1770 1771/1771/1771
f 1772/1772/1772 1773/1773/1773 1774/1774/1774
f 1775/1775/1775 1776/1776/1776 1777/1777/1777
f 1778/1778/1778 1779/1779/1779 1780/1780/1780
f 1781/1781/1781 1782/1782/1782 1783/1783/1783
f 1784/1784/1784 1785/1785/1785 1786/1786/1786
f 1787/1787/1787 1788/1788/1788 1789/1789/1789
f 1790/1790/1790 1791/1791/1791 1792/1792/1792
f 1793/1793/1793 1794/1794/1794 1795/1795/1795
f 1796/1796/1796 1797/1797/1797 1798/1798/1798
f 1799/1799/1799 1800/1800/1800 1801/1801/1801
f 1802/1802/1802 1803/1803/1803 1804/1804/1804
f 1805/1805/1805 1806/1806/1806 1807/1807/1807
f 1808/1808/1808 1809/1809/1809 1810/1810/1810
f 1811/1811/1811 1812/1812/1812 1813/1813/1813
f 1814/1814/1814 1815/1815/1815 1816/1816/1816
f 1817/1817/1817 1818/1818/1818 1819/1819/1819
f 1820/1820/1820 1821/1821/1821 1822/1822/1822
f 1823/1823/1823 1824/1824/1824 1825/1825/1825
f 1826/1826/1826 1827/1827/1827 1828/1828/1828
o eye_lens
usemtl black
v 0.04864745408296586 1.4987500031292438 0.37708204030990605
v 0.1236474496126175 1.5474201732128858 0.4000000023841858
v 0.09114033550024034 1.5539774958789347 0.34
v 0.04864745408296586 1.4987500031292438 0.37708204030990605
v 0.09499999701976777 1.4686701779067515 0.43708203673362733
v 0.1236474496126175 1.5474201732128858 0.4000000023841858
v 0.04240238487720491 1.42 0.40308773159980776
v 0.09499999701976777 1.4686701779067515 0.43708203673362733
v 0.04864745408296586 1.4987500031292438 0.37708204030990605
v 0.09499999701976777 1.4686701779067515 0.43708203673362733
v 0.17 1.5028026477247476 0.4420780920982361
v 0.1236474496126175 1.5474201732128858 0.4000000023841858
v 0.1236474496126175 1.5474201732128858 0.4000000023841858
v 0.17 1.5775000062584876 0.34
v 0.09114033550024034 1.5539774958789347 0.34
v 0.1236474496126175 1.5474201732128858 0.4000000023841858
v 0.21635255038738252 1.5474201732128858 0.4000000023841858
v 0.17 1.5775000062584876 0.34
v 0.17 1.5028026477247476 0.4420780920982361
v 0.21635255038738252 1.5474201732128858 0.4000000023841858
v 0.1236474496126175 1.5474201732128858 0.4000000023841858
v 0.21635255038738252 1.5474201732128858 0.4000000023841858
v 0.2488596644997597 1.5539774958789347 0.34
v 0.17 1.5775000062584876 0.34
v 0.17 1.5775000062584876 0.34
v 0.1236474496126175 1.5474201732128858 0.27999999761581423
v 0.09114033550024034 1.5539774958789347 0.34
v 0.17 1.5775000062584876 0.34
v 0.21635255038738252 1.5474201732128858 0.27999999761581423
v 0.1236474496126175 1.5474201732128858 0.27999999761581423
v 0.2488596644997597 1.5539774958789347 0.34
v 0.21635255038738252 1.5474201732128858 0.27999999761581423
v 0.17 1.5775000062584876 0.34
v 0.21635255038738252 1.5474201732128858 0.27999999761581423
v 0.17 1.5028026477247476 0.23792190790176393
v 0.1236474496126175 1.5474201732128858 0.27999999761581423
v 0.1236474496126175 1.5474201732128858 0.27999999761581423
v 0.04864745408296586 1.4987500031292438 0.302917959690094
v 0.09114033550024034 1.5539774958789347 0.34
v 0.1236474496126175 1.5474201732128858 0.27999999761581423
v 0.09499999701976777 1.4686701779067515 0.24291796326637272
v 0.04864745408296586 1.4987500031292438 0.302917959690094
v 0.17 1.5028026477247476 0.23792190790176393
v 0.09499999701976777 1.4686701779067515 0.24291796326637272
v 0.1236474496126175 1.5474201732128858 0.27999999761581423
v 0.09499999701976777 1.4686701779067515 0.24291796326637272
v 0.04240238487720491 1.42 0.2769122684001923
v 0.04864745408296586 1.4987500031292438 0.302917959690094
v 0.04864745408296586 1.4987500031292438 0.302917959690094
v 0.04864745408296586 1.4987500031292438 0.37708204030990605
v 0.09114033550024034 1.5539774958789347 0.34
v 0.04864745408296586 1.4987500031292438 0.302917959690094
v 0.019999994039535535 1.42 0.34
v 0.04864745408296586 1.4987500031292438 0.37708204030990605
v 0.04240238487720491 1.42 0.2769122684001923
v 0.019999994039535535 1.42 0.34
v 0.04864745408296586 1.4987500031292438 0.302917959690094
v 0.019999994039535535 1.42 0.34
v 0.04240238487720491 1.42 0.40308773159980776
v 0.04864745408296586 1.4987500031292438 0.37708204030990605
v 0.21635255038738252 1.5474201732128858 0.4000000023841858
v 0.2913525459170342 1.4987500031292438 0.37708204030990605
v 0.2488596644997597 1.5539774958789347 0.34
v 0.21635255038738252 1.5474201732128858 0.4000000023841858
v 0.24500000298023225 1.4686701779067515 0.43708203673362733
v 0.2913525459170342 1.4987500031292438 0.37708204030990605
v 0.17 1.5028026477247476 0.4420780920982361
v 0.24500000298023225 1.4686701779067515 0.43708203673362733
v 0.21635255038738252 1.5474201732128858 0.4000000023841858
v 0.24500000298023225 1.4686701779067515 0.43708203673362733
v 0.29759761512279514 1.42 0.40308773159980776
v 0.2913525459170342 1.4987500031292438 0.37708204030990605
v 0.09499999701976777 1.4686701779067515 0.43708203673362733
v 0.17 1.42 0.4600000047683716
v 0.17 1.5028026477247476 0.4420780920982361
v 0.09499999701976777 1.4686701779067515 0.43708203673362733
v 0.09499999701976777 1.3713298220932484 0.43708203673362733
v 0.17 1.42 0.4600000047683716
v 0.04240238487720491 1.42 0.40308773159980776
v 0.09499999701976777 1.3713298220932484 0.43708203673362733
v 0.09499999701976777 1.4686701779067515 0.43708203673362733
v 0.09499999701976777 1.3713298220932484 0.43708203673362733
v 0.17 1.3371973522752523 0.4420780920982361
v 0.17 1.42 0.4600000047683716
v 0.019999994039535535 1.42 0.34
v 0.04864745408296586 1.341249996870756 0.37708204030990605
v 0.04240238487720491 1.42 0.40308773159980776
v 0.019999994039535535 1.42 0.34
v 0.04864745408296586 1.341249996870756 0.302917959690094
v 0.04864745408296586 1.341249996870756 0.37708204030990605
v 0.04240238487720491 1.42 0.2769122684001923
v 0.04864745408296586 1.341249996870756 0.302917959690094
v 0.019999994039535535 1.42 0.34
v 0.04864745408296586 1.341249996870756 0.302917959690094
v 0.09114033550024034 1.2860225041210651 0.34
v 0.04864745408296586 1.341249996870756 0.37708204030990605
v 0.09499999701976777 1.4686701779067515 0.24291796326637272
v 0.09499999701976777 1.3713298220932484 0.24291796326637272
v 0.04240238487720491 1.42 0.2769122684001923
v 0.09499999701976777 1.4686701779067515 0.24291796326637272
v 0.17 1.42 0.21999999523162844
v 0.09499999701976777 1.3713298220932484 0.24291796326637272
v 0.17 1.5028026477247476 0.23792190790176393
v 0.17 1.42 0.21999999523162844
v 0.09499999701976777 1.4686701779067515 0.24291796326637272
v 0.17 1.42 0.21999999523162844
v 0.17 1.3371973522752523 0.23792190790176393
v 0.09499999701976777 1.3713298220932484 0.24291796326637272
v 0.21635255038738252 1.5474201732128858 0.27999999761581423
v 0.24500000298023225 1.4686701779067515 0.24291796326637272
v 0.17 1.5028026477247476 0.23792190790176393
v 0.21635255038738252 1.5474201732128858 0.27999999761581423
v 0.2913525459170342 1.4987500031292438 0.302917959690094
v 0.24500000298023225 1.4686701779067515 0.24291796326637272
v 0.2488596644997597 1.5539774958789347 0.34
v 0.2913525459170342 1.4987500031292438 0.302917959690094
v 0.21635255038738252 1.5474201732128858 0.27999999761581423
v 0.2913525459170342 1.4987500031292438 0.302917959690094
v 0.29759761512279514 1.42 0.2769122684001923
v 0.24500000298023225 1.4686701779067515 0.24291796326637272
v 0.2913525459170342 1.341249996870756 0.37708204030990605
v 0.21635255038738252 1.292579826787114 0.4000000023841858
v 0.2488596644997597 1.2860225041210651 0.34
v 0.2913525459170342 1.341249996870756 0.37708204030990605
v 0.24500000298023225 1.3713298220932484 0.43708203673362733
v 0.21635255038738252 1.292579826787114 0.4000000023841858
v 0.29759761512279514 1.42 0.40308773159980776
v 0.24500000298023225 1.3713298220932484 0.43708203673362733
v 0.2913525459170342 1.341249996870756 0.37708204030990605
v 0.24500000298023225 1.3713298220932484 0.43708203673362733
v 0.17 1.3371973522752523 0.4420780920982361
v 0.21635255038738252 1.292579826787114 0.4000000023841858
v 0.21635255038738252 1.292579826787114 0.4000000023841858
v 0.17 1.2624999937415122 0.34
v 0.2488596644997597 1.2860225041210651 0.34
v 0.21635255038738252 1.292579826787114 0.4000000023841858
v 0.1236474496126175 1.292579826787114 0.4000000023841858
v 0.17 1.2624999937415122 0.34
v 0.17 1.3371973522752523 0.4420780920982361
v 0.1236474496126175 1.292579826787114 0.4000000023841858
v 0.21635255038738252 1.292579826787114 0.4000000023841858
v 0.1236474496126175 1.292579826787114 0.4000000023841858
v 0.09114033550024034 1.2860225041210651 0.34
v 0.17 1.2624999937415122 0.34
v 0.17 1.2624999937415122 0.34
v 0.21635255038738252 1.292579826787114 0.27999999761581423
v 0.2488596644997597 1.2860225041210651 0.34
v 0.17 1.2624999937415122 0.34
v 0.1236474496126175 1.292579826787114 0.27999999761581423
v 0.21635255038738252 1.292579826787114 0.27999999761581423
v 0.09114033550024034 1.2860225041210651 0.34
v 0.1236474496126175 1.292579826787114 0.27999999761581423
v 0.17 1.2624999937415122 0.34
v 0.1236474496126175 1.292579826787114 0.27999999761581423
v 0.17 1.3371973522752523 0.23792190790176393
v 0.21635255038738252 1.292579826787114 0.27999999761581423
v 0.21635255038738252 1.292579826787114 0.27999999761581423
v 0.2913525459170342 1.341249996870756 0.302917959690094
v 0.2488596644997597 1.2860225041210651 0.34
v 0.21635255038738252 1.292579826787114 0.27999999761581423
v 0.24500000298023225 1.3713298220932484 0.24291796326637272
v 0.2913525459170342 1.341249996870756 0.302917959690094
v 0.17 1.3371973522752523 0.23792190790176393
v 0.24500000298023225 1.3713298220932484 0.24291796326637272
v 0.21635255038738252 1.292579826787114 0.27999999761581423
v 0.24500000298023225 1.3713298220932484 0.24291796326637272
v 0.29759761512279514 1.42 0.2769122684001923
v 0.2913525459170342 1.341249996870756 0.302917959690094
v 0.2913525459170342 1.341249996870756 0.302917959690094
v 0.2913525459170342 1.341249996870756 0.37708204030990605
v 0.2488596644997597 1.2860225041210651 0.34
v 0.2913525459170342 1.341249996870756 0.302917959690094
v 0.3200000059604645 1.42 0.34
v 0.2913525459170342 1.341249996870756 0.37708204030990605
v 0.29759761512279514 1.42 0.2769122684001923
v 0.3200000059604645 1.42 0.34
v 0.2913525459170342 1.341249996870756 0.302917959690094
v 0.3200000059604645 1.42 0.34
v 0.29759761512279514 1.42 0.40308773159980776
v 0.2913525459170342 1.341249996870756 0.37708204030990605
v 0.24500000298023225 1.3713298220932484 0.43708203673362733
v 0.17 1.42 0.4600000047683716
v 0.17 1.3371973522752523 0.4420780920982361
v 0.24500000298023225 1.3713298220932484 0.43708203673362733
v 0.24500000298023225 1.4686701779067515 0.43708203673362733
v 0.17 1.42 0.4600000047683716
v 0.29759761512279514 1.42 0.40308773159980776
v 0.24500000298023225 1.4686701779067515 0.43708203673362733
v 0.24500000298023225 1.3713298220932484 0.43708203673362733
v 0.24500000298023225 1.4686701779067515 0.43708203673362733
v 0.17 1.5028026477247476 0.4420780920982361
v 0.17 1.42 0.4600000047683716
v 0.1236474496126175 1.292579826787114 0.4000000023841858
v 0.04864745408296586 1.341249996870756 0.37708204030990605
v 0.09114033550024034 1.2860225041210651 0.34
v 0.1236474496126175 1.292579826787114 0.4000000023841858
v 0.09499999701976777 1.3713298220932484 0.43708203673362733
v 0.04864745408296586 1.341249996870756 0.37708204030990605
v 0.17 1.3371973522752523 0.4420780920982361
v 0.09499999701976777 1.3713298220932484 0.43708203673362733
v 0.1236474496126175 1.292579826787114 0.4000000023841858
v 0.09499999701976777 1.3713298220932484 0.43708203673362733
v 0.04240238487720491 1.42 0.40308773159980776
v 0.04864745408296586 1.341249996870756 0.37708204030990605
v 0.1236474496126175 1.292579826787114 0.27999999761581423
v 0.09499999701976777 1.3713298220932484 0.24291796326637272
v 0.17 1.3371973522752523 0.23792190790176393
v 0.1236474496126175 1.292579826787114 0.27999999761581423
v 0.04864745408296586 1.341249996870756 0.302917959690094
v 0.09499999701976777 1.3713298220932484 0.24291796326637272
v 0.09114033550024034 1.2860225041210651 0.34
v 0.04864745408296586 1.341249996870756 0.302917959690094
v 0.1236474496126175 1.292579826787114 0.27999999761581423
v 0.04864745408296586 1.341249996870756 0.302917959690094
v 0.04240238487720491 1.42 0.2769122684001923
v 0.09499999701976777 1.3713298220932484 0.24291796326637272
v 0.24500000298023225 1.3713298220932484 0.24291796326637272
v 0.24500000298023225 1.4686701779067515 0.24291796326637272
v 0.29759761512279514 1.42 0.2769122684001923
v 0.24500000298023225 1.3713298220932484 0.24291796326637272
v 0.17 1.42 0.21999999523162844
v 0.24500000298023225 1.4686701779067515 0.24291796326637272
v 0.17 1.3371973522752523 0.23792190790176393
v 0.17 1.42 0.21999999523162844
v 0.24500000298023225 1.3713298220932484 0.24291796326637272
v 0.17 1.42 0.21999999523162844
v 0.17 1.5028026477247476 0.23792190790176393
v 0.24500000298023225 1.4686701779067515 0.24291796326637272
v 0.3200000059604645 1.42 0.34
v 0.2913525459170342 1.4987500031292438 0.37708204030990605
v 0.29759761512279514 1.42 0.40308773159980776
v 0.3200000059604645 1.42 0.34
v 0.2913525459170342 1.4987500031292438 0.302917959690094
v 0.2913525459170342 1.4987500031292438 0.37708204030990605
v 0.29759761512279514 1.42 0.2769122684001923
v 0.2913525459170342 1.4987500031292438 0.302917959690094
v 0.3200000059604645 1.42 0.34
v 0.2913525459170342 1.4987500031292438 0.302917959690094
v 0.2488596644997597 1.5539774958789347 0.34
v 0.2913525459170342 1.4987500031292438 0.37708204030990605
vt 0.5580698847770691 0.6666666865348816
vt 0.6618959307670593 0.800000011920929
vt 0.5 0.8237918019294739
vt 0.5580698847770691 0.6666666865348816
vt 0.6618959307670593 0.6000000238418579
vt 0.6618959307670593 0.800000011920929
vt 0.5881040692329407 0.5
vt 0.6618959307670593 0.6000000238418579
vt 0.5580698847770691 0.6666666865348816
vt 0.6618959307670593 0.6000000238418579
vt 0.75 0.6762081980705261
vt 0.6618959307670593 0.800000011920929
vt 0.6618959307670593 0.800000011920929
vt 0.5858913660049438 1
vt 0.5 0.8237918019294739
vt 0.6618959307670593 0.800000011920929
vt 0.8381040692329407 0.800000011920929
vt 0.75 1
vt 0.75 0.6762081980705261
vt 0.8381040692329407 0.800000011920929
vt 0.6618959307670593 0.800000011920929
vt 0.8381040692329407 0.800000011920929
vt 1 0.8237918019294739
vt 0.9141086339950562 1
vt 0.41410863399505615 1
vt 0.33810409903526306 0.800000011920929
vt 0.5 0.8237918019294739
vt 0.25 1
vt 0.16189590096473694 0.800000011920929
vt 0.33810409903526306 0.800000011920929
vt 0 0.8237918019294739
vt 0.16189590096473694 0.800000011920929
vt 0.08589137345552444 1
vt 0.16189590096473694 0.800000011920929
vt 0.25 0.6762081980705261
vt 0.33810409903526306 0.800000011920929
vt 0.33810409903526306 0.800000011920929
vt 0.4419301152229309 0.6666666865348816
vt 0.5 0.8237918019294739
vt 0.33810409903526306 0.800000011920929
vt 0.33810409903526306 0.6000000238418579
vt 0.4419301152229309 0.6666666865348816
vt 0.25 0.6762081980705261
vt 0.33810409903526306 0.6000000238418579
vt 0.33810409903526306 0.800000011920929
vt 0.33810409903526306 0.6000000238418579
vt 0.41189590096473694 0.5
vt 0.4419301152229309 0.6666666865348816
vt 0.4419301152229309 0.6666666865348816
vt 0.5580698847770691 0.6666666865348816
vt 0.5 0.8237918019294739
vt 0.4419301152229309 0.6666666865348816
vt 0.5 0.5
vt 0.5580698847770691 0.6666666865348816
vt 0.41189590096473694 0.5
vt 0.5 0.5
vt 0.4419301152229309 0.6666666865348816
vt 0.5 0.5
vt 0.5881040692329407 0.5
vt 0.5580698847770691 0.6666666865348816
vt 0.8381040692329407 0.800000011920929
vt 0.9419301152229309 0.6666666865348816
vt 1 0.8237918019294739
vt 0.8381040692329407 0.800000011920929
vt 0.8381040692329407 0.6000000238418579
vt 0.9419301152229309 0.6666666865348816
vt 0.75 0.6762081980705261
vt 0.8381040692329407 0.6000000238418579
vt 0.8381040692329407 0.800000011920929
vt 0.8381040692329407 0.6000000238418579
vt 0.9118959307670593 0.5
vt 0.9419301152229309 0.6666666865348816
vt 0.6618959307670593 0.6000000238418579
vt 0.75 0.5
vt 0.75 0.6762081980705261
vt 0.6618959307670593 0.6000000238418579
vt 0.6618959307670593 0.4000000059604645
vt 0.75 0.5
vt 0.5881040692329407 0.5
vt 0.6618959307670593 0.4000000059604645
vt 0.6618959307670593 0.6000000238418579
vt 0.6618959307670593 0.4000000059604645
vt 0.75 0.3237918019294739
vt 0.75 0.5
vt 0.5 0.5
vt 0.5580698847770691 0.3333333432674408
vt 0.5881040692329407 0.5
vt 0.5 0.5
vt 0.4419301152229309 0.3333333432674408
vt 0.5580698847770691 0.3333333432674408
vt 0.41189590096473694 0.5
vt 0.4419301152229309 0.3333333432674408
vt 0.5 0.5
vt 0.4419301152229309 0.3333333432674408
vt 0.5 0.17620819807052612
vt 0.5580698847770691 0.3333333432674408
vt 0.33810409903526306 0.6000000238418579
vt 0.33810409903526306 0.4000000059604645
vt 0.41189590096473694 0.5
vt 0.33810409903526306 0.6000000238418579
vt 0.25 0.5
vt 0.33810409903526306 0.4000000059604645
vt 0.25 0.6762081980705261
vt 0.25 0.5
vt 0.33810409903526306 0.6000000238418579
vt 0.25 0.5
vt 0.25 0.3237918019294739
vt 0.33810409903526306 0.4000000059604645
vt 0.16189590096473694 0.800000011920929
vt 0.16189590096473694 0.6000000238418579
vt 0.25 0.6762081980705261
vt 0.16189590096473694 0.800000011920929
vt 0.05806988105177879 0.6666666865348816
vt 0.16189590096473694 0.6000000238418579
vt 0 0.8237918019294739
vt 0.05806988105177879 0.6666666865348816
vt 0.16189590096473694 0.800000011920929
vt 0.05806988105177879 0.6666666865348816
vt 0.08810409903526306 0.5
vt 0.16189590096473694 0.6000000238418579
vt 0.9419301152229309 0.3333333432674408
vt 0.8381040692329407 0.20000000298023224
vt 1 0.17620819807052612
vt 0.9419301152229309 0.3333333432674408
vt 0.8381040692329407 0.4000000059604645
vt 0.8381040692329407 0.20000000298023224
vt 0.9118959307670593 0.5
vt 0.8381040692329407 0.4000000059604645
vt 0.9419301152229309 0.3333333432674408
vt 0.8381040692329407 0.4000000059604645
vt 0.75 0.3237918019294739
vt 0.8381040692329407 0.20000000298023224
vt 0.8381040692329407 0.20000000298023224
vt 0.9141086339950562 0
vt 1 0.17620819807052612
vt 0.8381040692329407 0.20000000298023224
vt 0.6618959307670593 0.20000000298023224
vt 0.75 0
vt 0.75 0.3237918019294739
vt 0.6618959307670593 0.20000000298023224
vt 0.8381040692329407 0.20000000298023224
vt 0.6618959307670593 0.20000000298023224
vt 0.5 0.17620819807052612
vt 0.5858913660049438 0
vt 0.08589137345552444 0
vt 0.16189590096473694 0.20000000298023224
vt 0 0.17620819807052612
vt 0.25 0
vt 0.33810409903526306 0.20000000298023224
vt 0.16189590096473694 0.20000000298023224
vt 0.5 0.17620819807052612
vt 0.33810409903526306 0.20000000298023224
vt 0.41410863399505615 0
vt 0.33810409903526306 0.20000000298023224
vt 0.25 0.3237918019294739
vt 0.16189590096473694 0.20000000298023224
vt 0.16189590096473694 0.20000000298023224
vt 0.05806988105177879 0.3333333432674408
vt 0 0.17620819807052612
vt 0.16189590096473694 0.20000000298023224
vt 0.16189590096473694 0.4000000059604645
vt 0.05806988105177879 0.3333333432674408
vt 0.25 0.3237918019294739
vt 0.16189590096473694 0.4000000059604645
vt 0.16189590096473694 0.20000000298023224
vt 0.16189590096473694 0.4000000059604645
vt 0.08810409903526306 0.5
vt 0.05806988105177879 0.3333333432674408
vt 1.0580698251724243 0.3333333432674408
vt 0.9419301152229309 0.3333333432674408
vt 1 0.17620819807052612
vt 1.0580698251724243 0.3333333432674408
vt 1 0.5
vt 0.9419301152229309 0.3333333432674408
vt 0.08810409903526306 0.5
vt 0 0.5
vt 0.05806988105177879 0.3333333432674408
vt 1 0.5
vt 0.9118959307670593 0.5
vt 0.9419301152229309 0.3333333432674408
vt 0.8381040692329407 0.4000000059604645
vt 0.75 0.5
vt 0.75 0.3237918019294739
vt 0.8381040692329407 0.4000000059604645
vt 0.8381040692329407 0.6000000238418579
vt 0.75 0.5
vt 0.9118959307670593 0.5
vt 0.8381040692329407 0.6000000238418579
vt 0.8381040692329407 0.4000000059604645
vt 0.8381040692329407 0.6000000238418579
vt 0.75 0.6762081980705261
vt 0.75 0.5
vt 0.6618959307670593 0.20000000298023224
vt 0.5580698847770691 0.3333333432674408
vt 0.5 0.17620819807052612
vt 0.6618959307670593 0.20000000298023224
vt 0.6618959307670593 0.4000000059604645
vt 0.5580698847770691 0.3333333432674408
vt 0.75 0.3237918019294739
vt 0.6618959307670593 0.4000000059604645
vt 0.6618959307670593 0.20000000298023224
vt 0.6618959307670593 0.4000000059604645
vt 0.5881040692329407 0.5
vt 0.5580698847770691 0.3333333432674408
vt 0.33810409903526306 0.20000000298023224
vt 0.33810409903526306 0.4000000059604645
vt 0.25 0.3237918019294739
vt 0.33810409903526306 0.20000000298023224
vt 0.4419301152229309 0.3333333432674408
vt 0.33810409903526306 0.4000000059604645
vt 0.5 0.17620819807052612
vt 0.4419301152229309 0.3333333432674408
vt 0.33810409903526306 0.20000000298023224
vt 0.4419301152229309 0.3333333432674408
vt 0.41189590096473694 0.5
vt 0.33810409903526306 0.4000000059604645
vt 0.16189590096473694 0.4000000059604645
vt 0.16189590096473694 0.6000000238418579
vt 0.08810409903526306 0.5
vt 0.16189590096473694 0.4000000059604645
vt 0.25 0.5
vt 0.16189590096473694 0.6000000238418579
vt 0.25 0.3237918019294739
vt 0.25 0.5
vt 0.16189590096473694 0.4000000059604645
vt 0.25 0.5
vt 0.25 0.6762081980705261
vt 0.16189590096473694 0.6000000238418579
vt 1 0.5
vt 0.9419301152229309 0.6666666865348816
vt 0.9118959307670593 0.5
vt 1 0.5
vt 1.0580698251724243 0.6666666865348816
vt 0.9419301152229309 0.6666666865348816
vt 0.08810409903526306 0.5
vt 0.05806988105177879 0.6666666865348816
vt 0 0.5
vt 1.0580698251724243 0.6666666865348816
vt 1 0.8237918019294739
vt 0.9419301152229309 0.6666666865348816
vn -0.7969658014344737 0.4690970934864655 0.38051731659210625
vn -0.2973827254947972 0.7414838764116843 0.6014691809218392
vn -0.5443606053036631 0.8388513166189999 0
vn -0.7969658014344737 0.4690970934864655 0.38051731659210625
vn -0.4288595011208143 0.252428338219813 0.8673865703145224
vn -0.2973827254947972 0.7414838764116843 0.6014691809218392
vn -0.7913557209032239 0 0.6113559707680453
vn -0.4288595011208143 0.252428338219813 0.8673865703145224
vn -0.7969658014344737 0.4690970934864655 0.38051731659210625
vn -0.4288595011208143 0.252428338219813 0.8673865703145224
vn 0 0.42601541286627514 0.9047159045802043
vn -0.2973827254947972 0.7414838764116843 0.6014691809218392
vn -0.2973827254947972 0.7414838764116843 0.6014691809218392
vn 0 1 0
vn -0.5443606053036631 0.8388513166189999 0
vn -0.2973827254947972 0.7414838764116843 0.6014691809218392
vn 0.2973827254947972 0.7414838764116843 0.6014691809218392
vn 0 1 0
vn 0 0.42601541286627514 0.9047159045802043
vn 0.2973827254947972 0.7414838764116843 0.6014691809218392
vn -0.2973827254947972 0.7414838764116843 0.6014691809218392
vn 0.2973827254947972 0.7414838764116843 0.6014691809218392
vn 0.5443606053036631 0.8388513166189999 0
vn 0 1 0
vn 0 1 0
vn -0.2973827254947972 0.7414838764116843 -0.6014691809218392
vn -0.5443606053036631 0.8388513166189999 0
vn 0 1 0
vn 0.2973827254947972 0.7414838764116843 -0.6014691809218392
vn -0.2973827254947972 0.7414838764116843 -0.6014691809218392
vn 0.5443606053036631 0.8388513166189999 0
vn 0.2973827254947972 0.7414838764116843 -0.6014691809218392
vn 0 1 0
vn 0.2973827254947972 0.7414838764116843 -0.6014691809218392
vn 0 0.42601541286627514 -0.9047159045802043
vn -0.2973827254947972 0.7414838764116843 -0.6014691809218392
vn -0.2973827254947972 0.7414838764116843 -0.6014691809218392
vn -0.7969658014344737 0.4690970934864655 -0.38051731659210625
vn -0.5443606053036631 0.8388513166189999 0
vn -0.2973827254947972 0.7414838764116843 -0.6014691809218392
vn -0.4288595011208143 0.252428338219813 -0.8673865703145224
vn -0.7969658014344737 0.4690970934864655 -0.38051731659210625
vn 0 0.42601541286627514 -0.9047159045802043
vn -0.4288595011208143 0.252428338219813 -0.8673865703145224
vn -0.2973827254947972 0.7414838764116843 -0.6014691809218392
vn -0.4288595011208143 0.252428338219813 -0.8673865703145224
vn -0.7913557209032239 0 -0.6113559707680453
vn -0.7969658014344737 0.4690970934864655 -0.38051731659210625
vn -0.7969658014344737 0.4690970934864655 -0.38051731659210625
vn -0.7969658014344737 0.4690970934864655 0.38051731659210625
vn -0.5443606053036631 0.8388513166189999 0
vn -0.7969658014344737 0.4690970934864655 -0.38051731659210625
vn -1 0 0
vn -0.7969658014344737 0.4690970934864655 0.38051731659210625
vn -0.7913557209032239 0 -0.6113559707680453
vn -1 0 0
vn -0.7969658014344737 0.4690970934864655 -0.38051731659210625
vn -1 0 0
vn -0.7913557209032239 0 0.6113559707680453
vn -0.7969658014344737 0.4690970934864655 0.38051731659210625
vn 0.2973827254947972 0.7414838764116843 0.6014691809218392
vn 0.7969658014344737 0.4690970934864655 0.38051731659210625
vn 0.5443606053036631 0.8388513166189999 0
vn 0.2973827254947972 0.7414838764116843 0.6014691809218392
vn 0.4288595011208143 0.252428338219813 0.8673865703145224
vn 0.7969658014344737 0.4690970934864655 0.38051731659210625
vn 0 0.42601541286627514 0.9047159045802043
vn 0.4288595011208143 0.252428338219813 0.8673865703145224
vn 0.2973827254947972 0.7414838764116843 0.6014691809218392
vn 0.4288595011208143 0.252428338219813 0.8673865703145224
vn 0.7913557209032239 0 0.6113559707680453
vn 0.7969658014344737 0.4690970934864655 0.38051731659210625
vn -0.4288595011208143 0.252428338219813 0.8673865703145224
vn 0 0 1
vn 0 0.42601541286627514 0.9047159045802043
vn -0.4288595011208143 0.252428338219813 0.8673865703145224
vn -0.4288595011208143 -0.252428338219813 0.8673865703145224
vn 0 0 1
vn -0.7913557209032239 0 0.6113559707680453
vn -0.4288595011208143 -0.252428338219813 0.8673865703145224
vn -0.4288595011208143 0.252428338219813 0.8673865703145224
vn -0.4288595011208143 -0.252428338219813 0.8673865703145224
vn 0 -0.42601541286627514 0.9047159045802043
vn 0 0 1
vn -1 0 0
vn -0.7969658014344737 -0.4690970934864655 0.38051731659210625
vn -0.7913557209032239 0 0.6113559707680453
vn -1 0 0
vn -0.7969658014344737 -0.4690970934864655 -0.38051731659210625
vn -0.7969658014344737 -0.4690970934864655 0.38051731659210625
vn -0.7913557209032239 0 -0.6113559707680453
vn -0.7969658014344737 -0.4690970934864655 -0.38051731659210625
vn -1 0 0
vn -0.7969658014344737 -0.4690970934864655 -0.38051731659210625
vn -0.5443606053036631 -0.8388513166189999 0
vn -0.7969658014344737 -0.4690970934864655 0.38051731659210625
vn -0.4288595011208143 0.252428338219813 -0.8673865703145224
vn -0.4288595011208143 -0.252428338219813 -0.8673865703145224
vn -0.7913557209032239 0 -0.6113559707680453
vn -0.4288595011208143 0.252428338219813 -0.8673865703145224
vn 0 0 -1
vn -0.4288595011208143 -0.252428338219813 -0.8673865703145224
vn 0 0.42601541286627514 -0.9047159045802043
vn 0 0 -1
vn -0.4288595011208143 0.252428338219813 -0.8673865703145224
vn 0 0 -1
vn 0 -0.42601541286627514 -0.9047159045802043
vn -0.4288595011208143 -0.252428338219813 -0.8673865703145224
vn 0.2973827254947972 0.7414838764116843 -0.6014691809218392
vn 0.4288595011208143 0.252428338219813 -0.8673865703145224
vn 0 0.42601541286627514 -0.9047159045802043
vn 0.2973827254947972 0.7414838764116843 -0.6014691809218392
vn 0.7969658014344737 0.4690970934864655 -0.38051731659210625
vn 0.4288595011208143 0.252428338219813 -0.8673865703145224
vn 0.5443606053036631 0.8388513166189999 0
vn 0.7969658014344737 0.4690970934864655 -0.38051731659210625
vn 0.2973827254947972 0.7414838764116843 -0.6014691809218392
vn 0.7969658014344737 0.4690970934864655 -0.38051731659210625
vn 0.7913557209032239 0 -0.6113559707680453
vn 0.4288595011208143 0.252428338219813 -0.8673865703145224
vn 0.7969658014344737 -0.4690970934864655 0.38051731659210625
vn 0.2973827254947972 -0.7414838764116843 0.6014691809218392
vn 0.5443606053036631 -0.8388513166189999 0
vn 0.7969658014344737 -0.4690970934864655 0.38051731659210625
vn 0.4288595011208143 -0.252428338219813 0.8673865703145224
vn 0.2973827254947972 -0.7414838764116843 0.6014691809218392
vn 0.7913557209032239 0 0.6113559707680453
vn 0.4288595011208143 -0.252428338219813 0.8673865703145224
vn 0.7969658014344737 -0.4690970934864655 0.38051731659210625
vn 0.4288595011208143 -0.252428338219813 0.8673865703145224
vn 0 -0.42601541286627514 0.9047159045802043
vn 0.2973827254947972 -0.7414838764116843 0.6014691809218392
vn 0.2973827254947972 -0.7414838764116843 0.6014691809218392
vn 0 -1 0
vn 0.5443606053036631 -0.8388513166189999 0
vn 0.2973827254947972 -0.7414838764116843 0.6014691809218392
vn -0.2973827254947972 -0.7414838764116843 0.6014691809218392
vn 0 -1 0
vn 0 -0.42601541286627514 0.9047159045802043
vn -0.2973827254947972 -0.7414838764116843 0.6014691809218392
vn 0.2973827254947972 -0.7414838764116843 0.6014691809218392
vn -0.2973827254947972 -0.7414838764116843 0.6014691809218392
vn -0.5443606053036631 -0.8388513166189999 0
vn 0 -1 0
vn 0 -1 0
vn 0.2973827254947972 -0.7414838764116843 -0.6014691809218392
vn 0.5443606053036631 -0.8388513166189999 0
vn 0 -1 0
vn -0.2973827254947972 -0.7414838764116843 -0.6014691809218392
vn 0.2973827254947972 -0.7414838764116843 -0.6014691809218392
vn -0.5443606053036631 -0.8388513166189999 0
vn -0.2973827254947972 -0.7414838764116843 -0.6014691809218392
vn 0 -1 0
vn -0.2973827254947972 -0.7414838764116843 -0.6014691809218392
vn 0 -0.42601541286627514 -0.9047159045802043
vn 0.2973827254947972 -0.7414838764116843 -0.6014691809218392
vn 0.2973827254947972 -0.7414838764116843 -0.6014691809218392
vn 0.7969658014344737 -0.4690970934864655 -0.38051731659210625
vn 0.5443606053036631 -0.8388513166189999 0
vn 0.2973827254947972 -0.7414838764116843 -0.6014691809218392
vn 0.4288595011208143 -0.252428338219813 -0.8673865703145224
vn 0.7969658014344737 -0.4690970934864655 -0.38051731659210625
vn 0 -0.42601541286627514 -0.9047159045802043
vn 0.4288595011208143 -0.252428338219813 -0.8673865703145224
vn 0.2973827254947972 -0.7414838764116843 -0.6014691809218392
vn 0.4288595011208143 -0.252428338219813 -0.8673865703145224
vn 0.7913557209032239 0 -0.6113559707680453
vn 0.7969658014344737 -0.4690970934864655 -0.38051731659210625
vn 0.7969658014344737 -0.4690970934864655 -0.38051731659210625
vn 0.7969658014344737 -0.4690970934864655 0.38051731659210625
vn 0.5443606053036631 -0.8388513166189999 0
vn 0.7969658014344737 -0.4690970934864655 -0.38051731659210625
vn 1 0 0
vn 0.7969658014344737 -0.4690970934864655 0.38051731659210625
vn 0.7913557209032239 0 -0.6113559707680453
vn 1 0 0
vn 0.7969658014344737 -0.4690970934864655 -0.38051731659210625
vn 1 0 0
vn 0.7913557209032239 0 0.6113559707680453
vn 0.7969658014344737 -0.4690970934864655 0.38051731659210625
vn 0.4288595011208143 -0.252428338219813 0.8673865703145224
vn 0 0 1
vn 0 -0.42601541286627514 0.9047159045802043
vn 0.4288595011208143 -0.252428338219813 0.8673865703145224
vn 0.4288595011208143 0.252428338219813 0.8673865703145224
vn 0 0 1
vn 0.7913557209032239 0 0.6113559707680453
vn 0.4288595011208143 0.252428338219813 0.8673865703145224
vn 0.4288595011208143 -0.252428338219813 0.8673865703145224
vn 0.4288595011208143 0.252428338219813 0.8673865703145224
vn 0 0.42601541286627514 0.9047159045802043
vn 0 0 1
vn -0.2973827254947972 -0.7414838764116843 0.6014691809218392
vn -0.7969658014344737 -0.4690970934864655 0.38051731659210625
vn -0.5443606053036631 -0.8388513166189999 0
vn -0.2973827254947972 -0.7414838764116843 0.6014691809218392
vn -0.4288595011208143 -0.252428338219813 0.8673865703145224
vn -0.7969658014344737 -0.4690970934864655 0.38051731659210625
vn 0 -0.42601541286627514 0.9047159045802043
vn -0.4288595011208143 -0.252428338219813 0.8673865703145224
vn -0.2973827254947972 -0.7414838764116843 0.6014691809218392
vn -0.4288595011208143 -0.252428338219813 0.8673865703145224
vn -0.7913557209032239 0 0.6113559707680453
vn -0.7969658014344737 -0.4690970934864655 0.38051731659210625
vn -0.2973827254947972 -0.7414838764116843 -0.6014691809218392
vn -0.4288595011208143 -0.252428338219813 -0.8673865703145224
vn 0 -0.42601541286627514 -0.9047159045802043
vn -0.2973827254947972 -0.7414838764116843 -0.6014691809218392
vn -0.7969658014344737 -0.4690970934864655 -0.38051731659210625
vn -0.4288595011208143 -0.252428338219813 -0.8673865703145224
vn -0.5443606053036631 -0.8388513166189999 0
vn -0.7969658014344737 -0.4690970934864655 -0.38051731659210625
vn -0.2973827254947972 -0.7414838764116843 -0.6014691809218392
vn -0.7969658014344737 -0.4690970934864655 -0.38051731659210625
vn -0.7913557209032239 0 -0.6113559707680453
vn -0.4288595011208143 -0.252428338219813 -0.8673865703145224
vn 0.4288595011208143 -0.252428338219813 -0.8673865703145224
vn 0.4288595011208143 0.252428338219813 -0.8673865703145224
vn 0.7913557209032239 0 -0.6113559707680453
vn 0.4288595011208143 -0.252428338219813 -0.8673865703145224
vn 0 0 -1
vn 0.4288595011208143 0.252428338219813 -0.8673865703145224
vn 0 -0.42601541286627514 -0.9047159045802043
vn 0 0 -1
vn 0.4288595011208143 -0.252428338219813 -0.8673865703145224
vn 0 0 -1
vn 0 0.42601541286627514 -0.9047159045802043
vn 0.4288595011208143 0.252428338219813 -0.8673865703145224
vn 1 0 0
vn 0.7969658014344737 0.4690970934864655 0.38051731659210625
vn 0.7913557209032239 0 0.6113559707680453
vn 1 0 0
vn 0.7969658014344737 0.4690970934864655 -0.38051731659210625
vn 0.7969658014344737 0.4690970934864655 0.38051731659210625
vn 0.7913557209032239 0 -0.6113559707680453
vn 0.7969658014344737 0.4690970934864655 -0.38051731659210625
vn 1 0 0
vn 0.7969658014344737 0.4690970934864655 -0.38051731659210625
vn 0.5443606053036631 0.8388513166189999 0
vn 0.7969658014344737 0.4690970934864655 0.38051731659210625
f 1829/1829/1829 1830/1830/1830 1831/1831/1831
f 1832/1832/1832 1833/1833/1833 1834/1834/1834
f 1835/1835/1835 1836/1836/1836 1837/1837/1837
f 1838/1838/1838 1839/1839/1839 1840/1840/1840
f 1841/1841/1841 1842/1842/1842 1843/1843/1843
f 1844/1844/1844 1845/1845/1845 1846/1846/1846
f 1847/1847/1847 1848/1848/1848 1849/1849/1849
f 1850/1850/1850 1851/1851/1851 1852/1852/1852
f 1853/1853/1853 1854/1854/1854 1855/1855/1855
f 1856/1856/1856 1857/1857/1857 1858/1858/1858
f 1859/1859/1859 1860/1860/1860 1861/1861/1861
f 1862/1862/1862 1863/1863/1863 1864/1864/1864
f 1865/1865/1865 1866/1866/1866 1867/1867/1867
f 1868/1868/1868 1869/1869/1869 1870/1870/1870
f 1871/1871/1871 1872/1872/1872 1873/1873/1873
f 1874/1874/1874 1875/1875/1875 1876/1876/1876
f 1877/1877/1877 1878/1878/1878 1879/1879/1879
f 1880/1880/1880 1881/1881/1881 1882/1882/1882
f 1883/1883/1883 1884/1884/1884 1885/1885/1885
f 1886/1886/1886 1887/1887/1887 1888/1888/1888
f 1889/1889/1889 1890/1890/1890 1891/1891/1891
f 1892/1892/1892 1893/1893/1893 1894/1894/1894
f 1895/1895/1895 1896/1896/1896 1897/1897/1897
f 1898/1898/1898 1899/1899/1899 1900/1900/1900
f 1901/1901/1901 1902/1902/1902 1903/1903/1903
f 1904/1904/1904 1905/1905/1905 1906/1906/1906
f 1907/1907/1907 1908/1908/1908 1909/1909/1909
f 1910/1910/1910 1911/1911/1911 1912/1912/1912
f 1913/1913/1913 1914/1914/1914 1915/1915/1915
f 1916/1916/1916 1917/1917/1917 1918/1918/1918
f 1919/1919/1919 1920/1920/1920 1921/1921/1921
f 1922/1922/1922 1923/1923/1923 1924/1924/1924
f 1925/1925/1925 1926/1926/1926 1927/1927/1927
f 1928/1928/1928 1929/1929/1929 1930/1930/1930
f 1931/1931/1931 1932/1932/1932 1933/1933/1933
f 1934/1934/1934 1935/1935/1935 1936/1936/1936
f 1937/1937/1937 1938/1938/1938 1939/1939/1939
f 1940/1940/1940 1941/1941/1941 1942/1942/1942
f 1943/1943/1943 1944/1944/1944 1945/1945/1945
f 1946/1946/1946 1947/1947/1947 1948/1948/1948
f 1949/1949/1949 1950/1950/1950 1951/1951/1951
f 1952/1952/1952 1953/1953/1953 1954/1954/1954
f 1955/1955/1955 1956/1956/1956 1957/1957/1957
f 1958/1958/1958 1959/1959/1959 1960/1960/1960
f 1961/1961/1961 1962/1962/1962 1963/1963/1963
f 1964/1964/1964 1965/1965/1965 1966/1966/1966
f 1967/1967/1967 1968/1968/1968 1969/1969/1969
f 1970/1970/1970 1971/1971/1971 1972/1972/1972
f 1973/1973/1973 1974/1974/1974 1975/1975/1975
f 1976/1976/1976 1977/1977/1977 1978/1978/1978
f 1979/1979/1979 1980/1980/1980 1981/1981/1981
f 1982/1982/1982 1983/1983/1983 1984/1984/1984
f 1985/1985/1985 1986/1986/1986 1987/1987/1987
f 1988/1988/1988 1989/1989/1989 1990/1990/1990
f 1991/1991/1991 1992/1992/1992 1993/1993/1993
f 1994/1994/1994 1995/1995/1995 1996/1996/1996
f 1997/1997/1997 1998/1998/1998 1999/1999/1999
f 2000/2000/2000 2001/2001/2001 2002/2002/2002
f 2003/2003/2003 2004/2004/2004 2005/2005/2005
f 2006/2006/2006 2007/2007/2007 2008/2008/2008
f 2009/2009/2009 2010/2010/2010 2011/2011/2011
f 2012/2012/2012 2013/2013/2013 2014/2014/2014
f 2015/2015/2015 2016/2016/2016 2017/2017/2017
f 2018/2018/2018 2019/2019/2019 2020/2020/2020
f 2021/2021/2021 2022/2022/2022 2023/2023/2023
f 2024/2024/2024 2025/2025/2025 2026/2026/2026
f 2027/2027/2027 2028/2028/2028 2029/2029/2029
f 2030/2030/2030 2031/2031/2031 2032/2032/2032
f 2033/2033/2033 2034/2034/2034 2035/2035/2035
f 2036/2036/2036 2037/2037/2037 2038/2038/2038
f 2039/2039/2039 2040/2040/2040 2041/2041/2041
f 2042/2042/2042 2043/2043/2043 2044/2044/2044
f 2045/2045/2045 2046/2046/2046 2047/2047/2047
f 2048/2048/2048 2049/2049/2049 2050/2050/2050
f 2051/2051/2051 2052/2052/2052 2053/2053/2053
f 2054/2054/2054 2055/2055/2055 2056/2056/2056
f 2057/2057/2057 2058/2058/2058 2059/2059/2059
f 2060/2060/2060 2061/2061/2061 2062/2062/2062
f 2063/2063/2063 2064/2064/2064 2065/2065/2065
f 2066/2066/2066 2067/2067/2067 2068/2068/2068
o eye_glow
usemtl amber
v 0.10123355507850648 1.4646250004693866 0.4357598666846752
v 0.14373355552554132 1.4922047671675682 0.4455000002682209
v 0.1253128555417061 1.4959205877780914 0.42
v 0.10123355507850648 1.4646250004693866 0.4357598666846752
v 0.12749999955296518 1.4475797666981816 0.4612598669528961
v 0.14373355552554132 1.4922047671675682 0.4455000002682209
v 0.0976946783065796 1.42 0.44681228667497636
v 0.12749999955296518 1.4475797666981816 0.4612598669528961
v 0.10123355507850648 1.4646250004693866 0.4357598666846752
v 0.12749999955296518 1.4475797666981816 0.4612598669528961
v 0.17 1.4669215016812085 0.46338319301605224
v 0.14373355552554132 1.4922047671675682 0.4455000002682209
v 0.14373355552554132 1.4922047671675682 0.4455000002682209
v 0.17 1.509250000938773 0.42
v 0.1253128555417061 1.4959205877780914 0.42
v 0.14373355552554132 1.4922047671675682 0.4455000002682209
v 0.1962664444744587 1.4922047671675682 0.4455000002682209
v 0.17 1.509250000938773 0.42
v 0.17 1.4669215016812085 0.46338319301605224
v 0.1962664444744587 1.4922047671675682 0.4455000002682209
v 0.14373355552554132 1.4922047671675682 0.4455000002682209
v 0.1962664444744587 1.4922047671675682 0.4455000002682209
v 0.21468714445829393 1.4959205877780914 0.42
v 0.17 1.509250000938773 0.42
v 0.17 1.509250000938773 0.42
v 0.14373355552554132 1.4922047671675682 0.39449999973177907
v 0.1253128555417061 1.4959205877780914 0.42
v 0.17 1.509250000938773 0.42
v 0.1962664444744587 1.4922047671675682 0.39449999973177907
v 0.14373355552554132 1.4922047671675682 0.39449999973177907
v 0.21468714445829393 1.4959205877780914 0.42
v 0.1962664444744587 1.4922047671675682 0.39449999973177907
v 0.17 1.509250000938773 0.42
v 0.1962664444744587 1.4922047671675682 0.39449999973177907
v 0.17 1.4669215016812085 0.3766168069839477
v 0.14373355552554132 1.4922047671675682 0.39449999973177907
v 0.14373355552554132 1.4922047671675682 0.39449999973177907
v 0.10123355507850648 1.4646250004693866 0.40424013331532477
v 0.1253128555417061 1.4959205877780914 0.42
v 0.14373355552554132 1.4922047671675682 0.39449999973177907
v 0.12749999955296518 1.4475797666981816 0.37874013304710386
v 0.10123355507850648 1.4646250004693866 0.40424013331532477
v 0.17 1.4669215016812085 0.3766168069839477
v 0.12749999955296518 1.4475797666981816 0.37874013304710386
v 0.14373355552554132 1.4922047671675682 0.39449999973177907
v 0.12749999955296518 1.4475797666981816 0.37874013304710386
v 0.0976946783065796 1.42 0.3931877133250236
v 0.10123355507850648 1.4646250004693866 0.40424013331532477
v 0.10123355507850648 1.4646250004693866 0.40424013331532477
v 0.10123355507850648 1.4646250004693866 0.4357598666846752
v 0.1253128555417061 1.4959205877780914 0.42
v 0.10123355507850648 1.4646250004693866 0.40424013331532477
v 0.08499999910593034 1.42 0.42
v 0.10123355507850648 1.4646250004693866 0.4357598666846752
v 0.0976946783065796 1.42 0.3931877133250236
v 0.08499999910593034 1.42 0.42
v 0.10123355507850648 1.4646250004693866 0.40424013331532477
v 0.08499999910593034 1.42 0.42
v 0.0976946783065796 1.42 0.44681228667497636
v 0.10123355507850648 1.4646250004693866 0.4357598666846752
v 0.1962664444744587 1.4922047671675682 0.4455000002682209
v 0.23876644492149354 1.4646250004693866 0.4357598666846752
v 0.21468714445829393 1.4959205877780914 0.42
v 0.1962664444744587 1.4922047671675682 0.4455000002682209
v 0.21250000044703485 1.4475797666981816 0.4612598669528961
v 0.23876644492149354 1.4646250004693866 0.4357598666846752
v 0.17 1.4669215016812085 0.46338319301605224
v 0.21250000044703485 1.4475797666981816 0.4612598669528961
v 0.1962664444744587 1.4922047671675682 0.4455000002682209
v 0.21250000044703485 1.4475797666981816 0.4612598669528961
v 0.24230532169342042 1.42 0.44681228667497636
v 0.23876644492149354 1.4646250004693866 0.4357598666846752
v 0.12749999955296518 1.4475797666981816 0.4612598669528961
v 0.17 1.42 0.4710000005364418
v 0.17 1.4669215016812085 0.46338319301605224
v 0.12749999955296518 1.4475797666981816 0.4612598669528961
v 0.12749999955296518 1.3924202333018183 0.4612598669528961
v 0.17 1.42 0.4710000005364418
v 0.0976946783065796 1.42 0.44681228667497636
v 0.12749999955296518 1.3924202333018183 0.4612598669528961
v 0.12749999955296518 1.4475797666981816 0.4612598669528961
v 0.12749999955296518 1.3924202333018183 0.4612598669528961
v 0.17 1.3730784983187914 0.46338319301605224
v 0.17 1.42 0.4710000005364418
v 0.08499999910593034 1.42 0.42
v 0.10123355507850648 1.3753749995306133 0.4357598666846752
v 0.0976946783065796 1.42 0.44681228667497636
v 0.08499999910593034 1.42 0.42
v 0.10123355507850648 1.3753749995306133 0.40424013331532477
v 0.10123355507850648 1.3753749995306133 0.4357598666846752
v 0.0976946783065796 1.42 0.3931877133250236
v 0.10123355507850648 1.3753749995306133 0.40424013331532477
v 0.08499999910593034 1.42 0.42
v 0.10123355507850648 1.3753749995306133 0.40424013331532477
v 0.1253128555417061 1.3440794122219084 0.42
v 0.10123355507850648 1.3753749995306133 0.4357598666846752
v 0.12749999955296518 1.4475797666981816 0.37874013304710386
v 0.12749999955296518 1.3924202333018183 0.37874013304710386
v 0.0976946783065796 1.42 0.3931877133250236
v 0.12749999955296518 1.4475797666981816 0.37874013304710386
v 0.17 1.42 0.36899999946355816
v 0.12749999955296518 1.3924202333018183 0.37874013304710386
v 0.17 1.4669215016812085 0.3766168069839477
v 0.17 1.42 0.36899999946355816
v 0.12749999955296518 1.4475797666981816 0.37874013304710386
v 0.17 1.42 0.36899999946355816
v 0.17 1.3730784983187914 0.3766168069839477
v 0.12749999955296518 1.3924202333018183 0.37874013304710386
v 0.1962664444744587 1.4922047671675682 0.39449999973177907
v 0.21250000044703485 1.4475797666981816 0.37874013304710386
v 0.17 1.4669215016812085 0.3766168069839477
v 0.1962664444744587 1.4922047671675682 0.39449999973177907
v 0.23876644492149354 1.4646250004693866 0.40424013331532477
v 0.21250000044703485 1.4475797666981816 0.37874013304710386
v 0.21468714445829393 1.4959205877780914 0.42
v 0.23876644492149354 1.4646250004693866 0.40424013331532477
v 0.1962664444744587 1.4922047671675682 0.39449999973177907
v 0.23876644492149354 1.4646250004693866 0.40424013331532477
v 0.24230532169342042 1.42 0.3931877133250236
v 0.21250000044703485 1.4475797666981816 0.37874013304710386
v 0.23876644492149354 1.3753749995306133 0.4357598666846752
v 0.1962664444744587 1.3477952328324316 0.4455000002682209
v 0.21468714445829393 1.3440794122219084 0.42
v 0.23876644492149354 1.3753749995306133 0.4357598666846752
v 0.21250000044703485 1.3924202333018183 0.4612598669528961
v 0.1962664444744587 1.3477952328324316 0.4455000002682209
v 0.24230532169342042 1.42 0.44681228667497636
v 0.21250000044703485 1.3924202333018183 0.4612598669528961
v 0.23876644492149354 1.3753749995306133 0.4357598666846752
v 0.21250000044703485 1.3924202333018183 0.4612598669528961
v 0.17 1.3730784983187914 0.46338319301605224
v 0.1962664444744587 1.3477952328324316 0.4455000002682209
v 0.1962664444744587 1.3477952328324316 0.4455000002682209
v 0.17 1.3307499990612268 0.42
v 0.21468714445829393 1.3440794122219084 0.42
v 0.1962664444744587 1.3477952328324316 0.4455000002682209
v 0.14373355552554132 1.3477952328324316 0.4455000002682209
v 0.17 1.3307499990612268 0.42
v 0.17 1.3730784983187914 0.46338319301605224
v 0.14373355552554132 1.3477952328324316 0.4455000002682209
v 0.1962664444744587 1.3477952328324316 0.4455000002682209
v 0.14373355552554132 1.3477952328324316 0.4455000002682209
v 0.1253128555417061 1.3440794122219084 0.42
v 0.17 1.3307499990612268 0.42
v 0.17 1.3307499990612268 0.42
v 0.1962664444744587 1.3477952328324316 0.39449999973177907
v 0.21468714445829393 1.3440794122219084 0.42
v 0.17 1.3307499990612268 0.42
v 0.14373355552554132 1.3477952328324316 0.39449999973177907
v 0.1962664444744587 1.3477952328324316 0.39449999973177907
v 0.1253128555417061 1.3440794122219084 0.42
v 0.14373355552554132 1.3477952328324316 0.39449999973177907
v 0.17 1.3307499990612268 0.42
v 0.14373355552554132 1.3477952328324316 0.39449999973177907
v 0.17 1.3730784983187914 0.3766168069839477
v 0.1962664444744587 1.3477952328324316 0.39449999973177907
v 0.1962664444744587 1.3477952328324316 0.39449999973177907
v 0.23876644492149354 1.3753749995306133 0.40424013331532477
v 0.21468714445829393 1.3440794122219084 0.42
v 0.1962664444744587 1.3477952328324316 0.39449999973177907
v 0.21250000044703485 1.3924202333018183 0.37874013304710386
v 0.23876644492149354 1.3753749995306133 0.40424013331532477
v 0.17 1.3730784983187914 0.3766168069839477
v 0.21250000044703485 1.3924202333018183 0.37874013304710386
v 0.1962664444744587 1.3477952328324316 0.39449999973177907
v 0.21250000044703485 1.3924202333018183 0.37874013304710386
v 0.24230532169342042 1.42 0.3931877133250236
v 0.23876644492149354 1.3753749995306133 0.40424013331532477
v 0.23876644492149354 1.3753749995306133 0.40424013331532477
v 0.23876644492149354 1.3753749995306133 0.4357598666846752
v 0.21468714445829393 1.3440794122219084 0.42
v 0.23876644492149354 1.3753749995306133 0.40424013331532477
v 0.2550000008940697 1.42 0.42
v 0.23876644492149354 1.3753749995306133 0.4357598666846752
v 0.24230532169342042 1.42 0.3931877133250236
v 0.2550000008940697 1.42 0.42
v 0.23876644492149354 1.3753749995306133 0.40424013331532477
v 0.2550000008940697 1.42 0.42
v 0.24230532169342042 1.42 0.44681228667497636
v 0.23876644492149354 1.3753749995306133 0.4357598666846752
v 0.21250000044703485 1.3924202333018183 0.4612598669528961
v 0.17 1.42 0.4710000005364418
v 0.17 1.3730784983187914 0.46338319301605224
v 0.21250000044703485 1.3924202333018183 0.4612598669528961
v 0.21250000044703485 1.4475797666981816 0.4612598669528961
v 0.17 1.42 0.4710000005364418
v 0.24230532169342042 1.42 0.44681228667497636
v 0.21250000044703485 1.4475797666981816 0.4612598669528961
v 0.21250000044703485 1.3924202333018183 0.4612598669528961
v 0.21250000044703485 1.4475797666981816 0.4612598669528961
v 0.17 1.4669215016812085 0.46338319301605224
v 0.17 1.42 0.4710000005364418
v 0.14373355552554132 1.3477952328324316 0.4455000002682209
v 0.10123355507850648 1.3753749995306133 0.4357598666846752
v 0.1253128555417061 1.3440794122219084 0.42
v 0.14373355552554132 1.3477952328324316 0.4455000002682209
v 0.12749999955296518 1.3924202333018183 0.4612598669528961
v 0.10123355507850648 1.3753749995306133 0.4357598666846752
v 0.17 1.3730784983187914 0.46338319301605224
v 0.12749999955296518 1.3924202333018183 0.4612598669528961
v 0.14373355552554132 1.3477952328324316 0.4455000002682209
v 0.12749999955296518 1.3924202333018183 0.4612598669528961
v 0.0976946783065796 1.42 0.44681228667497636
v 0.10123355507850648 1.3753749995306133 0.4357598666846752
v 0.14373355552554132 1.3477952328324316 0.39449999973177907
v 0.12749999955296518 1.3924202333018183 0.37874013304710386
v 0.17 1.3730784983187914 0.3766168069839477
v 0.14373355552554132 1.3477952328324316 0.39449999973177907
v 0.10123355507850648 1.3753749995306133 0.40424013331532477
v 0.12749999955296518 1.3924202333018183 0.37874013304710386
v 0.1253128555417061 1.3440794122219084 0.42
v 0.10123355507850648 1.3753749995306133 0.40424013331532477
v 0.14373355552554132 1.3477952328324316 0.39449999973177907
v 0.10123355507850648 1.3753749995306133 0.40424013331532477
v 0.0976946783065796 1.42 0.3931877133250236
v 0.12749999955296518 1.3924202333018183 0.37874013304710386
v 0.21250000044703485 1.3924202333018183 0.37874013304710386
v 0.21250000044703485 1.4475797666981816 0.37874013304710386
v 0.24230532169342042 1.42 0.3931877133250236
v 0.21250000044703485 1.3924202333018183 0.37874013304710386
v 0.17 1.42 0.36899999946355816
v 0.21250000044703485 1.4475797666981816 0.37874013304710386
v 0.17 1.3730784983187914 0.3766168069839477
v 0.17 1.42 0.36899999946355816
v 0.21250000044703485 1.3924202333018183 0.37874013304710386
v 0.17 1.42 0.36899999946355816
v 0.17 1.4669215016812085 0.3766168069839477
v 0.21250000044703485 1.4475797666981816 0.37874013304710386
v 0.2550000008940697 1.42 0.42
v 0.23876644492149354 1.4646250004693866 0.4357598666846752
v 0.24230532169342042 1.42 0.44681228667497636
v 0.2550000008940697 1.42 0.42
v 0.23876644492149354 1.4646250004693866 0.40424013331532477
v 0.23876644492149354 1.4646250004693866 0.4357598666846752
v 0.24230532169342042 1.42 0.3931877133250236
v 0.23876644492149354 1.4646250004693866 0.40424013331532477
v 0.2550000008940697 1.42 0.42
v 0.23876644492149354 1.4646250004693866 0.40424013331532477
v 0.21468714445829393 1.4959205877780914 0.42
v 0.23876644492149354 1.4646250004693866 0.4357598666846752
vt 0.5580698847770691 0.6666666865348816
vt 0.6618959307670593 0.800000011920929
vt 0.5 0.8237918019294739
vt 0.5580698847770691 0.6666666865348816
vt 0.6618959307670593 0.6000000238418579
vt 0.6618959307670593 0.800000011920929
vt 0.5881040692329407 0.5
vt 0.6618959307670593 0.6000000238418579
vt 0.5580698847770691 0.6666666865348816
vt 0.6618959307670593 0.6000000238418579
vt 0.75 0.6762081980705261
vt 0.6618959307670593 0.800000011920929
vt 0.6618959307670593 0.800000011920929
vt 0.5858913660049438 1
vt 0.5 0.8237918019294739
vt 0.6618959307670593 0.800000011920929
vt 0.8381040692329407 0.800000011920929
vt 0.75 1
vt 0.75 0.6762081980705261
vt 0.8381040692329407 0.800000011920929
vt 0.6618959307670593 0.800000011920929
vt 0.8381040692329407 0.800000011920929
vt 1 0.8237918019294739
vt 0.9141086339950562 1
vt 0.41410863399505615 1
vt 0.33810409903526306 0.800000011920929
vt 0.5 0.8237918019294739
vt 0.25 1
vt 0.16189590096473694 0.800000011920929
vt 0.33810409903526306 0.800000011920929
vt 0 0.8237918019294739
vt 0.16189590096473694 0.800000011920929
vt 0.08589137345552444 1
vt 0.16189590096473694 0.800000011920929
vt 0.25 0.6762081980705261
vt 0.33810409903526306 0.800000011920929
vt 0.33810409903526306 0.800000011920929
vt 0.4419301152229309 0.6666666865348816
vt 0.5 0.8237918019294739
vt 0.33810409903526306 0.800000011920929
vt 0.33810409903526306 0.6000000238418579
vt 0.4419301152229309 0.6666666865348816
vt 0.25 0.6762081980705261
vt 0.33810409903526306 0.6000000238418579
vt 0.33810409903526306 0.800000011920929
vt 0.33810409903526306 0.6000000238418579
vt 0.41189590096473694 0.5
vt 0.4419301152229309 0.6666666865348816
vt 0.4419301152229309 0.6666666865348816
vt 0.5580698847770691 0.6666666865348816
vt 0.5 0.8237918019294739
vt 0.4419301152229309 0.6666666865348816
vt 0.5 0.5
vt 0.5580698847770691 0.6666666865348816
vt 0.41189590096473694 0.5
vt 0.5 0.5
vt 0.4419301152229309 0.6666666865348816
vt 0.5 0.5
vt 0.5881040692329407 0.5
vt 0.5580698847770691 0.6666666865348816
vt 0.8381040692329407 0.800000011920929
vt 0.9419301152229309 0.6666666865348816
vt 1 0.8237918019294739
vt 0.8381040692329407 0.800000011920929
vt 0.8381040692329407 0.6000000238418579
vt 0.9419301152229309 0.6666666865348816
vt 0.75 0.6762081980705261
vt 0.8381040692329407 0.6000000238418579
vt 0.8381040692329407 0.800000011920929
vt 0.8381040692329407 0.6000000238418579
vt 0.9118959307670593 0.5
vt 0.9419301152229309 0.6666666865348816
vt 0.6618959307670593 0.6000000238418579
vt 0.75 0.5
vt 0.75 0.6762081980705261
vt 0.6618959307670593 0.6000000238418579
vt 0.6618959307670593 0.4000000059604645
vt 0.75 0.5
vt 0.5881040692329407 0.5
vt 0.6618959307670593 0.4000000059604645
vt 0.6618959307670593 0.6000000238418579
vt 0.6618959307670593 0.4000000059604645
vt 0.75 0.3237918019294739
vt 0.75 0.5
vt 0.5 0.5
vt 0.5580698847770691 0.3333333432674408
vt 0.5881040692329407 0.5
vt 0.5 0.5
vt 0.4419301152229309 0.3333333432674408
vt 0.5580698847770691 0.3333333432674408
vt 0.41189590096473694 0.5
vt 0.4419301152229309 0.3333333432674408
vt 0.5 0.5
vt 0.4419301152229309 0.3333333432674408
vt 0.5 0.17620819807052612
vt 0.5580698847770691 0.3333333432674408
vt 0.33810409903526306 0.6000000238418579
vt 0.33810409903526306 0.4000000059604645
vt 0.41189590096473694 0.5
vt 0.33810409903526306 0.6000000238418579
vt 0.25 0.5
vt 0.33810409903526306 0.4000000059604645
vt 0.25 0.6762081980705261
vt 0.25 0.5
vt 0.33810409903526306 0.6000000238418579
vt 0.25 0.5
vt 0.25 0.3237918019294739
vt 0.33810409903526306 0.4000000059604645
vt 0.16189590096473694 0.800000011920929
vt 0.16189590096473694 0.6000000238418579
vt 0.25 0.6762081980705261
vt 0.16189590096473694 0.800000011920929
vt 0.05806988105177879 0.6666666865348816
vt 0.16189590096473694 0.6000000238418579
vt 0 0.8237918019294739
vt 0.05806988105177879 0.6666666865348816
vt 0.16189590096473694 0.800000011920929
vt 0.05806988105177879 0.6666666865348816
vt 0.08810409903526306 0.5
vt 0.16189590096473694 0.6000000238418579
vt 0.9419301152229309 0.3333333432674408
vt 0.8381040692329407 0.20000000298023224
vt 1 0.17620819807052612
vt 0.9419301152229309 0.3333333432674408
vt 0.8381040692329407 0.4000000059604645
vt 0.8381040692329407 0.20000000298023224
vt 0.9118959307670593 0.5
vt 0.8381040692329407 0.4000000059604645
vt 0.9419301152229309 0.3333333432674408
vt 0.8381040692329407 0.4000000059604645
vt 0.75 0.3237918019294739
vt 0.8381040692329407 0.20000000298023224
vt 0.8381040692329407 0.20000000298023224
vt 0.9141086339950562 0
vt 1 0.17620819807052612
vt 0.8381040692329407 0.20000000298023224
vt 0.6618959307670593 0.20000000298023224
vt 0.75 0
vt 0.75 0.3237918019294739
vt 0.6618959307670593 0.20000000298023224
vt 0.8381040692329407 0.20000000298023224
vt 0.6618959307670593 0.20000000298023224
vt 0.5 0.17620819807052612
vt 0.5858913660049438 0
vt 0.08589137345552444 0
vt 0.16189590096473694 0.20000000298023224
vt 0 0.17620819807052612
vt 0.25 0
vt 0.33810409903526306 0.20000000298023224
vt 0.16189590096473694 0.20000000298023224
vt 0.5 0.17620819807052612
vt 0.33810409903526306 0.20000000298023224
vt 0.41410863399505615 0
vt 0.33810409903526306 0.20000000298023224
vt 0.25 0.3237918019294739
vt 0.16189590096473694 0.20000000298023224
vt 0.16189590096473694 0.20000000298023224
vt 0.05806988105177879 0.3333333432674408
vt 0 0.17620819807052612
vt 0.16189590096473694 0.20000000298023224
vt 0.16189590096473694 0.4000000059604645
vt 0.05806988105177879 0.3333333432674408
vt 0.25 0.3237918019294739
vt 0.16189590096473694 0.4000000059604645
vt 0.16189590096473694 0.20000000298023224
vt 0.16189590096473694 0.4000000059604645
vt 0.08810409903526306 0.5
vt 0.05806988105177879 0.3333333432674408
vt 1.0580698251724243 0.3333333432674408
vt 0.9419301152229309 0.3333333432674408
vt 1 0.17620819807052612
vt 1.0580698251724243 0.3333333432674408
vt 1 0.5
vt 0.9419301152229309 0.3333333432674408
vt 0.08810409903526306 0.5
vt 0 0.5
vt 0.05806988105177879 0.3333333432674408
vt 1 0.5
vt 0.9118959307670593 0.5
vt 0.9419301152229309 0.3333333432674408
vt 0.8381040692329407 0.4000000059604645
vt 0.75 0.5
vt 0.75 0.3237918019294739
vt 0.8381040692329407 0.4000000059604645
vt 0.8381040692329407 0.6000000238418579
vt 0.75 0.5
vt 0.9118959307670593 0.5
vt 0.8381040692329407 0.6000000238418579
vt 0.8381040692329407 0.4000000059604645
vt 0.8381040692329407 0.6000000238418579
vt 0.75 0.6762081980705261
vt 0.75 0.5
vt 0.6618959307670593 0.20000000298023224
vt 0.5580698847770691 0.3333333432674408
vt 0.5 0.17620819807052612
vt 0.6618959307670593 0.20000000298023224
vt 0.6618959307670593 0.4000000059604645
vt 0.5580698847770691 0.3333333432674408
vt 0.75 0.3237918019294739
vt 0.6618959307670593 0.4000000059604645
vt 0.6618959307670593 0.20000000298023224
vt 0.6618959307670593 0.4000000059604645
vt 0.5881040692329407 0.5
vt 0.5580698847770691 0.3333333432674408
vt 0.33810409903526306 0.20000000298023224
vt 0.33810409903526306 0.4000000059604645
vt 0.25 0.3237918019294739
vt 0.33810409903526306 0.20000000298023224
vt 0.4419301152229309 0.3333333432674408
vt 0.33810409903526306 0.4000000059604645
vt 0.5 0.17620819807052612
vt 0.4419301152229309 0.3333333432674408
vt 0.33810409903526306 0.20000000298023224
vt 0.4419301152229309 0.3333333432674408
vt 0.41189590096473694 0.5
vt 0.33810409903526306 0.4000000059604645
vt 0.16189590096473694 0.4000000059604645
vt 0.16189590096473694 0.6000000238418579
vt 0.08810409903526306 0.5
vt 0.16189590096473694 0.4000000059604645
vt 0.25 0.5
vt 0.16189590096473694 0.6000000238418579
vt 0.25 0.3237918019294739
vt 0.25 0.5
vt 0.16189590096473694 0.4000000059604645
vt 0.25 0.5
vt 0.25 0.6762081980705261
vt 0.16189590096473694 0.6000000238418579
vt 1 0.5
vt 0.9419301152229309 0.6666666865348816
vt 0.9118959307670593 0.5
vt 1 0.5
vt 1.0580698251724243 0.6666666865348816
vt 0.9419301152229309 0.6666666865348816
vt 0.08810409903526306 0.5
vt 0.05806988105177879 0.6666666865348816
vt 0 0.5
vt 1.0580698251724243 0.6666666865348816
vt 1 0.8237918019294739
vt 0.9419301152229309 0.6666666865348816
vn -0.7555562779273752 0.44472329089057516 0.48099470415378565
vn -0.2627108246006034 0.6550341492635674 0.7084583868769041
vn -0.544360535035156 0.8388513622187416 0
vn -0.7555562779273752 0.44472329089057516 0.48099470415378565
vn -0.34062563031859905 0.2004935453025624 0.918573088143816
vn -0.2627108246006034 0.6550341492635674 0.7084583868769041
vn -0.6965611777602206 0 0.7174974046205981
vn -0.34062563031859905 0.2004935453025624 0.918573088143816
vn -0.7555562779273752 0.44472329089057516 0.48099470415378565
vn -0.34062563031859905 0.2004935453025624 0.918573088143816
vn 0 0.3330054733743747 0.9429248934579618
vn -0.2627108246006034 0.6550341492635674 0.7084583868769041
vn -0.2627108246006034 0.6550341492635674 0.7084583868769041
vn 0 1 0
vn -0.544360535035156 0.8388513622187416 0
vn -0.2627108246006034 0.6550341492635674 0.7084583868769041
vn 0.2627108246006034 0.6550341492635674 0.7084583868769041
vn 0 1 0
vn 0 0.3330054733743747 0.9429248934579618
vn 0.2627108246006034 0.6550341492635674 0.7084583868769041
vn -0.2627108246006034 0.6550341492635674 0.7084583868769041
vn 0.2627108246006034 0.6550341492635674 0.7084583868769041
vn 0.544360535035156 0.8388513622187416 0
vn 0 1 0
vn 0 1 0
vn -0.2627108246006034 0.6550341492635674 -0.7084583868769041
vn -0.544360535035156 0.8388513622187416 0
vn 0 1 0
vn 0.2627108246006034 0.6550341492635674 -0.7084583868769041
vn -0.2627108246006034 0.6550341492635674 -0.7084583868769041
vn 0.544360535035156 0.8388513622187416 0
vn 0.2627108246006034 0.6550341492635674 -0.7084583868769041
vn 0 1 0
vn 0.2627108246006034 0.6550341492635674 -0.7084583868769041
vn 0 0.3330054733743747 -0.9429248934579618
vn -0.2627108246006034 0.6550341492635674 -0.7084583868769041
vn -0.2627108246006034 0.6550341492635674 -0.7084583868769041
vn -0.7555562779273752 0.44472329089057516 -0.48099470415378565
vn -0.544360535035156 0.8388513622187416 0
vn -0.2627108246006034 0.6550341492635674 -0.7084583868769041
vn -0.34062563031859905 0.2004935453025624 -0.918573088143816
vn -0.7555562779273752 0.44472329089057516 -0.48099470415378565
vn 0 0.3330054733743747 -0.9429248934579618
vn -0.34062563031859905 0.2004935453025624 -0.918573088143816
vn -0.2627108246006034 0.6550341492635674 -0.7084583868769041
vn -0.34062563031859905 0.2004935453025624 -0.918573088143816
vn -0.6965611777602206 0 -0.7174974046205981
vn -0.7555562779273752 0.44472329089057516 -0.48099470415378565
vn -0.7555562779273752 0.44472329089057516 -0.48099470415378565
vn -0.7555562779273752 0.44472329089057516 0.48099470415378565
vn -0.544360535035156 0.8388513622187416 0
vn -0.7555562779273752 0.44472329089057516 -0.48099470415378565
vn -1 0 0
vn -0.7555562779273752 0.44472329089057516 0.48099470415378565
vn -0.6965611777602206 0 -0.7174974046205981
vn -1 0 0
vn -0.7555562779273752 0.44472329089057516 -0.48099470415378565
vn -1 0 0
vn -0.6965611777602206 0 0.7174974046205981
vn -0.7555562779273752 0.44472329089057516 0.48099470415378565
vn 0.2627108246006034 0.6550341492635674 0.7084583868769041
vn 0.7555562779273752 0.44472329089057516 0.48099470415378565
vn 0.544360535035156 0.8388513622187416 0
vn 0.2627108246006034 0.6550341492635674 0.7084583868769041
vn 0.34062563031859905 0.2004935453025624 0.918573088143816
vn 0.7555562779273752 0.44472329089057516 0.48099470415378565
vn 0 0.3330054733743747 0.9429248934579618
vn 0.34062563031859905 0.2004935453025624 0.918573088143816
vn 0.2627108246006034 0.6550341492635674 0.7084583868769041
vn 0.34062563031859905 0.2004935453025624 0.918573088143816
vn 0.6965611777602206 0 0.7174974046205981
vn 0.7555562779273752 0.44472329089057516 0.48099470415378565
vn -0.34062563031859905 0.2004935453025624 0.918573088143816
vn 0 0 1
vn 0 0.3330054733743747 0.9429248934579618
vn -0.34062563031859905 0.2004935453025624 0.918573088143816
vn -0.34062563031859905 -0.2004935453025624 0.918573088143816
vn 0 0 1
vn -0.6965611777602206 0 0.7174974046205981
vn -0.34062563031859905 -0.2004935453025624 0.918573088143816
vn -0.34062563031859905 0.2004935453025624 0.918573088143816
vn -0.34062563031859905 -0.2004935453025624 0.918573088143816
vn 0 -0.3330054733743747 0.9429248934579618
vn 0 0 1
vn -1 0 0
vn -0.7555562779273752 -0.44472329089057516 0.48099470415378565
vn -0.6965611777602206 0 0.7174974046205981
vn -1 0 0
vn -0.7555562779273752 -0.44472329089057516 -0.48099470415378565
vn -0.7555562779273752 -0.44472329089057516 0.48099470415378565
vn -0.6965611777602206 0 -0.7174974046205981
vn -0.7555562779273752 -0.44472329089057516 -0.48099470415378565
vn -1 0 0
vn -0.7555562779273752 -0.44472329089057516 -0.48099470415378565
vn -0.544360535035156 -0.8388513622187416 0
vn -0.7555562779273752 -0.44472329089057516 0.48099470415378565
vn -0.34062563031859905 0.2004935453025624 -0.918573088143816
vn -0.34062563031859905 -0.2004935453025624 -0.918573088143816
vn -0.6965611777602206 0 -0.7174974046205981
vn -0.34062563031859905 0.2004935453025624 -0.918573088143816
vn 0 0 -1
vn -0.34062563031859905 -0.2004935453025624 -0.918573088143816
vn 0 0.3330054733743747 -0.9429248934579618
vn 0 0 -1
vn -0.34062563031859905 0.2004935453025624 -0.918573088143816
vn 0 0 -1
vn 0 -0.3330054733743747 -0.9429248934579618
vn -0.34062563031859905 -0.2004935453025624 -0.918573088143816
vn 0.2627108246006034 0.6550341492635674 -0.7084583868769041
vn 0.34062563031859905 0.2004935453025624 -0.918573088143816
vn 0 0.3330054733743747 -0.9429248934579618
vn 0.2627108246006034 0.6550341492635674 -0.7084583868769041
vn 0.7555562779273752 0.44472329089057516 -0.48099470415378565
vn 0.34062563031859905 0.2004935453025624 -0.918573088143816
vn 0.544360535035156 0.8388513622187416 0
vn 0.7555562779273752 0.44472329089057516 -0.48099470415378565
vn 0.2627108246006034 0.6550341492635674 -0.7084583868769041
vn 0.7555562779273752 0.44472329089057516 -0.48099470415378565
vn 0.6965611777602206 0 -0.7174974046205981
vn 0.34062563031859905 0.2004935453025624 -0.918573088143816
vn 0.7555562779273752 -0.44472329089057516 0.48099470415378565
vn 0.2627108246006034 -0.6550341492635674 0.7084583868769041
vn 0.544360535035156 -0.8388513622187416 0
vn 0.7555562779273752 -0.44472329089057516 0.48099470415378565
vn 0.34062563031859905 -0.2004935453025624 0.918573088143816
vn 0.2627108246006034 -0.6550341492635674 0.7084583868769041
vn 0.6965611777602206 0 0.7174974046205981
vn 0.34062563031859905 -0.2004935453025624 0.918573088143816
vn 0.7555562779273752 -0.44472329089057516 0.48099470415378565
vn 0.34062563031859905 -0.2004935453025624 0.918573088143816
vn 0 -0.3330054733743747 0.9429248934579618
vn 0.2627108246006034 -0.6550341492635674 0.7084583868769041
vn 0.2627108246006034 -0.6550341492635674 0.7084583868769041
vn 0 -1 0
vn 0.544360535035156 -0.8388513622187416 0
vn 0.2627108246006034 -0.6550341492635674 0.7084583868769041
vn -0.2627108246006034 -0.6550341492635674 0.7084583868769041
vn 0 -1 0
vn 0 -0.3330054733743747 0.9429248934579618
vn -0.2627108246006034 -0.6550341492635674 0.7084583868769041
vn 0.2627108246006034 -0.6550341492635674 0.7084583868769041
vn -0.2627108246006034 -0.6550341492635674 0.7084583868769041
vn -0.544360535035156 -0.8388513622187416 0
vn 0 -1 0
vn 0 -1 0
vn 0.2627108246006034 -0.6550341492635674 -0.7084583868769041
vn 0.544360535035156 -0.8388513622187416 0
vn 0 -1 0
vn -0.2627108246006034 -0.6550341492635674 -0.7084583868769041
vn 0.2627108246006034 -0.6550341492635674 -0.7084583868769041
vn -0.544360535035156 -0.8388513622187416 0
vn -0.2627108246006034 -0.6550341492635674 -0.7084583868769041
vn 0 -1 0
vn -0.2627108246006034 -0.6550341492635674 -0.7084583868769041
vn 0 -0.3330054733743747 -0.9429248934579618
vn 0.2627108246006034 -0.6550341492635674 -0.7084583868769041
vn 0.2627108246006034 -0.6550341492635674 -0.7084583868769041
vn 0.7555562779273752 -0.44472329089057516 -0.48099470415378565
vn 0.544360535035156 -0.8388513622187416 0
vn 0.2627108246006034 -0.6550341492635674 -0.7084583868769041
vn 0.34062563031859905 -0.2004935453025624 -0.918573088143816
vn 0.7555562779273752 -0.44472329089057516 -0.48099470415378565
vn 0 -0.3330054733743747 -0.9429248934579618
vn 0.34062563031859905 -0.2004935453025624 -0.918573088143816
vn 0.2627108246006034 -0.6550341492635674 -0.7084583868769041
vn 0.34062563031859905 -0.2004935453025624 -0.918573088143816
vn 0.6965611777602206 0 -0.7174974046205981
vn 0.7555562779273752 -0.44472329089057516 -0.48099470415378565
vn 0.7555562779273752 -0.44472329089057516 -0.48099470415378565
vn 0.7555562779273752 -0.44472329089057516 0.48099470415378565
vn 0.544360535035156 -0.8388513622187416 0
vn 0.7555562779273752 -0.44472329089057516 -0.48099470415378565
vn 1 0 0
vn 0.7555562779273752 -0.44472329089057516 0.48099470415378565
vn 0.6965611777602206 0 -0.7174974046205981
vn 1 0 0
vn 0.7555562779273752 -0.44472329089057516 -0.48099470415378565
vn 1 0 0
vn 0.6965611777602206 0 0.7174974046205981
vn 0.7555562779273752 -0.44472329089057516 0.48099470415378565
vn 0.34062563031859905 -0.2004935453025624 0.918573088143816
vn 0 0 1
vn 0 -0.3330054733743747 0.9429248934579618
vn 0.34062563031859905 -0.2004935453025624 0.918573088143816
vn 0.34062563031859905 0.2004935453025624 0.918573088143816
vn 0 0 1
vn 0.6965611777602206 0 0.7174974046205981
vn 0.34062563031859905 0.2004935453025624 0.918573088143816
vn 0.34062563031859905 -0.2004935453025624 0.918573088143816
vn 0.34062563031859905 0.2004935453025624 0.918573088143816
vn 0 0.3330054733743747 0.9429248934579618
vn 0 0 1
vn -0.2627108246006034 -0.6550341492635674 0.7084583868769041
vn -0.7555562779273752 -0.44472329089057516 0.48099470415378565
vn -0.544360535035156 -0.8388513622187416 0
vn -0.2627108246006034 -0.6550341492635674 0.7084583868769041
vn -0.34062563031859905 -0.2004935453025624 0.918573088143816
vn -0.7555562779273752 -0.44472329089057516 0.48099470415378565
vn 0 -0.3330054733743747 0.9429248934579618
vn -0.34062563031859905 -0.2004935453025624 0.918573088143816
vn -0.2627108246006034 -0.6550341492635674 0.7084583868769041
vn -0.34062563031859905 -0.2004935453025624 0.918573088143816
vn -0.6965611777602206 0 0.7174974046205981
vn -0.7555562779273752 -0.44472329089057516 0.48099470415378565
vn -0.2627108246006034 -0.6550341492635674 -0.7084583868769041
vn -0.34062563031859905 -0.2004935453025624 -0.918573088143816
vn 0 -0.3330054733743747 -0.9429248934579618
vn -0.2627108246006034 -0.6550341492635674 -0.7084583868769041
vn -0.7555562779273752 -0.44472329089057516 -0.48099470415378565
vn -0.34062563031859905 -0.2004935453025624 -0.918573088143816
vn -0.544360535035156 -0.8388513622187416 0
vn -0.7555562779273752 -0.44472329089057516 -0.48099470415378565
vn -0.2627108246006034 -0.6550341492635674 -0.7084583868769041
vn -0.7555562779273752 -0.44472329089057516 -0.48099470415378565
vn -0.6965611777602206 0 -0.7174974046205981
vn -0.34062563031859905 -0.2004935453025624 -0.918573088143816
vn 0.34062563031859905 -0.2004935453025624 -0.918573088143816
vn 0.34062563031859905 0.2004935453025624 -0.918573088143816
vn 0.6965611777602206 0 -0.7174974046205981
vn 0.34062563031859905 -0.2004935453025624 -0.918573088143816
vn 0 0 -1
vn 0.34062563031859905 0.2004935453025624 -0.918573088143816
vn 0 -0.3330054733743747 -0.9429248934579618
vn 0 0 -1
vn 0.34062563031859905 -0.2004935453025624 -0.918573088143816
vn 0 0 -1
vn 0 0.3330054733743747 -0.9429248934579618
vn 0.34062563031859905 0.2004935453025624 -0.918573088143816
vn 1 0 0
vn 0.7555562779273752 0.44472329089057516 0.48099470415378565
vn 0.6965611777602206 0 0.7174974046205981
vn 1 0 0
vn 0.7555562779273752 0.44472329089057516 -0.48099470415378565
vn 0.7555562779273752 0.44472329089057516 0.48099470415378565
vn 0.6965611777602206 0 -0.7174974046205981
vn 0.7555562779273752 0.44472329089057516 -0.48099470415378565
vn 1 0 0
vn 0.7555562779273752 0.44472329089057516 -0.48099470415378565
vn 0.544360535035156 0.8388513622187416 0
vn 0.7555562779273752 0.44472329089057516 0.48099470415378565
f 2069/2069/2069 2070/2070/2070 2071/2071/2071
f 2072/2072/2072 2073/2073/2073 2074/2074/2074
f 2075/2075/2075 2076/2076/2076 2077/2077/2077
f 2078/2078/2078 2079/2079/2079 2080/2080/2080
f 2081/2081/2081 2082/2082/2082 2083/2083/2083
f 2084/2084/2084 2085/2085/2085 2086/2086/2086
f 2087/2087/2087 2088/2088/2088 2089/2089/2089
f 2090/2090/2090 2091/2091/2091 2092/2092/2092
f 2093/2093/2093 2094/2094/2094 2095/2095/2095
f 2096/2096/2096 2097/2097/2097 2098/2098/2098
f 2099/2099/2099 2100/2100/2100 2101/2101/2101
f 2102/2102/2102 2103/2103/2103 2104/2104/2104
f 2105/2105/2105 2106/2106/2106 2107/2107/2107
f 2108/2108/2108 2109/2109/2109 2110/2110/2110
f 2111/2111/2111 2112/2112/2112 2113/2113/2113
f 2114/2114/2114 2115/2115/2115 2116/2116/2116
f 2117/2117/2117 2118/2118/2118 2119/2119/2119
f 2120/2120/2120 2121/2121/2121 2122/2122/2122
f 2123/2123/2123 2124/2124/2124 2125/2125/2125
f 2126/2126/2126 2127/2127/2127 2128/2128/2128
f 2129/2129/2129 2130/2130/2130 2131/2131/2131
f 2132/2132/2132 2133/2133/2133 2134/2134/2134
f 2135/2135/2135 2136/2136/2136 2137/2137/2137
f 2138/2138/2138 2139/2139/2139 2140/2140/2140
f 2141/2141/2141 2142/2142/2142 2143/2143/2143
f 2144/2144/2144 2145/2145/2145 2146/2146/2146
f 2147/2147/2147 2148/2148/2148 2149/2149/2149
f 2150/2150/2150 2151/2151/2151 2152/2152/2152
f 2153/2153/2153 2154/2154/2154 2155/2155/2155
f 2156/2156/2156 2157/2157/2157 2158/2158/2158
f 2159/2159/2159 2160/2160/2160 2161/2161/2161
f 2162/2162/2162 2163/2163/2163 2164/2164/2164
f 2165/2165/2165 2166/2166/2166 2167/2167/2167
f 2168/2168/2168 2169/2169/2169 2170/2170/2170
f 2171/2171/2171 2172/2172/2172 2173/2173/2173
f 2174/2174/2174 2175/2175/2175 2176/2176/2176
f 2177/2177/2177 2178/2178/2178 2179/2179/2179
f 2180/2180/2180 2181/2181/2181 2182/2182/2182
f 2183/2183/2183 2184/2184/2184 2185/2185/2185
f 2186/2186/2186 2187/2187/2187 2188/2188/2188
f 2189/2189/2189 2190/2190/2190 2191/2191/2191
f 2192/2192/2192 2193/2193/2193 2194/2194/2194
f 2195/2195/2195 2196/2196/2196 2197/2197/2197
f 2198/2198/2198 2199/2199/2199 2200/2200/2200
f 2201/2201/2201 2202/2202/2202 2203/2203/2203
f 2204/2204/2204 2205/2205/2205 2206/2206/2206
f 2207/2207/2207 2208/2208/2208 2209/2209/2209
f 2210/2210/2210 2211/2211/2211 2212/2212/2212
f 2213/2213/2213 2214/2214/2214 2215/2215/2215
f 2216/2216/2216 2217/2217/2217 2218/2218/2218
f 2219/2219/2219 2220/2220/2220 2221/2221/2221
f 2222/2222/2222 2223/2223/2223 2224/2224/2224
f 2225/2225/2225 2226/2226/2226 2227/2227/2227
f 2228/2228/2228 2229/2229/2229 2230/2230/2230
f 2231/2231/2231 2232/2232/2232 2233/2233/2233
f 2234/2234/2234 2235/2235/2235 2236/2236/2236
f 2237/2237/2237 2238/2238/2238 2239/2239/2239
f 2240/2240/2240 2241/2241/2241 2242/2242/2242
f 2243/2243/2243 2244/2244/2244 2245/2245/2245
f 2246/2246/2246 2247/2247/2247 2248/2248/2248
f 2249/2249/2249 2250/2250/2250 2251/2251/2251
f 2252/2252/2252 2253/2253/2253 2254/2254/2254
f 2255/2255/2255 2256/2256/2256 2257/2257/2257
f 2258/2258/2258 2259/2259/2259 2260/2260/2260
f 2261/2261/2261 2262/2262/2262 2263/2263/2263
f 2264/2264/2264 2265/2265/2265 2266/2266/2266
f 2267/2267/2267 2268/2268/2268 2269/2269/2269
f 2270/2270/2270 2271/2271/2271 2272/2272/2272
f 2273/2273/2273 2274/2274/2274 2275/2275/2275
f 2276/2276/2276 2277/2277/2277 2278/2278/2278
f 2279/2279/2279 2280/2280/2280 2281/2281/2281
f 2282/2282/2282 2283/2283/2283 2284/2284/2284
f 2285/2285/2285 2286/2286/2286 2287/2287/2287
f 2288/2288/2288 2289/2289/2289 2290/2290/2290
f 2291/2291/2291 2292/2292/2292 2293/2293/2293
f 2294/2294/2294 2295/2295/2295 2296/2296/2296
f 2297/2297/2297 2298/2298/2298 2299/2299/2299
f 2300/2300/2300 2301/2301/2301 2302/2302/2302
f 2303/2303/2303 2304/2304/2304 2305/2305/2305
f 2306/2306/2306 2307/2307/2307 2308/2308/2308
o ear_block
usemtl black
v -0.3298738449080297 1.4609237528740504 0.049999999403953554
v -0.3298738449080297 1.4609237528740504 -0.16999999940395355
v -0.3537141640705644 1.3433157661618447 0.049999999403953554
v -0.3537141640705644 1.3433157661618447 -0.16999999940395355
v -0.5062858359294357 1.4966842338381552 -0.16999999940395355
v -0.5062858359294357 1.4966842338381552 0.049999999403953554
v -0.5301261550919703 1.3790762471259495 -0.16999999940395355
v -0.5301261550919703 1.3790762471259495 0.049999999403953554
v -0.5062858359294357 1.4966842338381552 -0.16999999940395355
v -0.3298738449080297 1.4609237528740504 -0.16999999940395355
v -0.5062858359294357 1.4966842338381552 0.049999999403953554
v -0.3298738449080297 1.4609237528740504 0.049999999403953554
v -0.5301261550919703 1.3790762471259495 0.049999999403953554
v -0.3537141640705644 1.3433157661618447 0.049999999403953554
v -0.5301261550919703 1.3790762471259495 -0.16999999940395355
v -0.3537141640705644 1.3433157661618447 -0.16999999940395355
v -0.5062858359294357 1.4966842338381552 0.049999999403953554
v -0.3298738449080297 1.4609237528740504 0.049999999403953554
v -0.5301261550919703 1.3790762471259495 0.049999999403953554
v -0.3537141640705644 1.3433157661618447 0.049999999403953554
v -0.3298738449080297 1.4609237528740504 -0.16999999940395355
v -0.5062858359294357 1.4966842338381552 -0.16999999940395355
v -0.3537141640705644 1.3433157661618447 -0.16999999940395355
v -0.5301261550919703 1.3790762471259495 -0.16999999940395355
vt 0 1
vt 1 1
vt 0 0
vt 1 0
vt 0 1
vt 1 1
vt 0 0
vt 1 0
vt 0 1
vt 1 1
vt 0 0
vt 1 0
vt 0 1
vt 1 1
vt 0 0
vt 1 0
vt 0 1
vt 1 1
vt 0 0
vt 1 0
vt 0 1
vt 1 1
vt 0 0
vt 1 0
vn 0.9800665778412416 -0.19866933079506124 0
vn 0.9800665778412416 -0.19866933079506124 0
vn 0.9800665778412416 -0.19866933079506124 0
vn 0.9800665778412416 -0.19866933079506124 0
vn -0.9800665778412416 0.19866933079506124 0
vn -0.9800665778412416 0.19866933079506124 0
vn -0.9800665778412416 0.19866933079506124 0
vn -0.9800665778412416 0.19866933079506124 0
vn 0.19866933079506124 0.9800665778412416 0
vn 0.19866933079506124 0.9800665778412416 0
vn 0.19866933079506124 0.9800665778412416 0
vn 0.19866933079506124 0.9800665778412416 0
vn -0.19866933079506124 -0.9800665778412416 0
vn -0.19866933079506124 -0.9800665778412416 0
vn -0.19866933079506124 -0.9800665778412416 0
vn -0.19866933079506124 -0.9800665778412416 0
vn 0 0 1
vn 0 0 1
vn 0 0 1
vn 0 0 1
vn 0 0 -1
vn 0 0 -1
vn 0 0 -1
vn 0 0 -1
f 2309/2309/2309 2311/2311/2311 2310/2310/2310
f 2311/2311/2311 2312/2312/2312 2310/2310/2310
f 2313/2313/2313 2315/2315/2315 2314/2314/2314
f 2315/2315/2315 2316/2316/2316 2314/2314/2314
f 2317/2317/2317 2319/2319/2319 2318/2318/2318
f 2319/2319/2319 2320/2320/2320 2318/2318/2318
f 2321/2321/2321 2323/2323/2323 2322/2322/2322
f 2323/2323/2323 2324/2324/2324 2322/2322/2322
f 2325/2325/2325 2327/2327/2327 2326/2326/2326
f 2327/2327/2327 2328/2328/2328 2326/2326/2326
f 2329/2329/2329 2331/2331/2331 2330/2330/2330
f 2331/2331/2331 2332/2332/2332 2330/2330/2330
o ear_block
usemtl black
v 0.5062858359294357 1.4966842338381552 0.049999999403953554
v 0.5062858359294357 1.4966842338381552 -0.16999999940395355
v 0.5301261550919703 1.3790762471259495 0.049999999403953554
v 0.5301261550919703 1.3790762471259495 -0.16999999940395355
v 0.3298738449080297 1.4609237528740504 -0.16999999940395355
v 0.3298738449080297 1.4609237528740504 0.049999999403953554
v 0.3537141640705644 1.3433157661618447 -0.16999999940395355
v 0.3537141640705644 1.3433157661618447 0.049999999403953554
v 0.3298738449080297 1.4609237528740504 -0.16999999940395355
v 0.5062858359294357 1.4966842338381552 -0.16999999940395355
v 0.3298738449080297 1.4609237528740504 0.049999999403953554
v 0.5062858359294357 1.4966842338381552 0.049999999403953554
v 0.3537141640705644 1.3433157661618447 0.049999999403953554
v 0.5301261550919703 1.3790762471259495 0.049999999403953554
v 0.3537141640705644 1.3433157661618447 -0.16999999940395355
v 0.5301261550919703 1.3790762471259495 -0.16999999940395355
v 0.3298738449080297 1.4609237528740504 0.049999999403953554
v 0.5062858359294357 1.4966842338381552 0.049999999403953554
v 0.3537141640705644 1.3433157661618447 0.049999999403953554
v 0.5301261550919703 1.3790762471259495 0.049999999403953554
v 0.5062858359294357 1.4966842338381552 -0.16999999940395355
v 0.3298738449080297 1.4609237528740504 -0.16999999940395355
v 0.5301261550919703 1.3790762471259495 -0.16999999940395355
v 0.3537141640705644 1.3433157661618447 -0.16999999940395355
vt 0 1
vt 1 1
vt 0 0
vt 1 0
vt 0 1
vt 1 1
vt 0 0
vt 1 0
vt 0 1
vt 1 1
vt 0 0
vt 1 0
vt 0 1
vt 1 1
vt 0 0
vt 1 0
vt 0 1
vt 1 1
vt 0 0
vt 1 0
vt 0 1
vt 1 1
vt 0 0
vt 1 0
vn 0.9800665778412416 0.19866933079506124 0
vn 0.9800665778412416 0.19866933079506124 0
vn 0.9800665778412416 0.19866933079506124 0
vn 0.9800665778412416 0.19866933079506124 0
vn -0.9800665778412416 -0.19866933079506124 0
vn -0.9800665778412416 -0.19866933079506124 0
vn -0.9800665778412416 -0.19866933079506124 0
vn -0.9800665778412416 -0.19866933079506124 0
vn -0.19866933079506124 0.9800665778412416 0
vn -0.19866933079506124 0.9800665778412416 0
vn -0.19866933079506124 0.9800665778412416 0
vn -0.19866933079506124 0.9800665778412416 0
vn 0.19866933079506124 -0.9800665778412416 0
vn 0.19866933079506124 -0.9800665778412416 0
vn 0.19866933079506124 -0.9800665778412416 0
vn 0.19866933079506124 -0.9800665778412416 0
vn 0 0 1
vn 0 0 1
vn 0 0 1
vn 0 0 1
vn 0 0 -1
vn 0 0 -1
vn 0 0 -1
vn 0 0 -1
f 2333/2333/2333 2335/2335/2335 2334/2334/2334
f 2335/2335/2335 2336/2336/2336 2334/2334/2334
f 2337/2337/2337 2339/2339/2339 2338/2338/2338
f 2339/2339/2339 2340/2340/2340 2338/2338/2338
f 2341/2341/2341 2343/2343/2343 2342/2342/2342
f 2343/2343/2343 2344/2344/2344 2342/2342/2342
f 2345/2345/2345 2347/2347/2347 2346/2346/2346
f 2347/2347/2347 2348/2348/2348 2346/2346/2346
f 2349/2349/2349 2351/2351/2351 2350/2350/2350
f 2351/2351/2351 2352/2352/2352 2350/2350/2350
f 2353/2353/2353 2355/2355/2355 2354/2354/2354
f 2355/2355/2355 2356/2356/2356 2354/2354/2354
o cap_band
usemtl navyD
v 0 1.680000000745058 0.4399999976158142
v 0.25862550735473633 1.680000000745058 0.3559674918651581
v 0.41846486926078796 1.680000000745058 0.13596747815608978
v 0.41846486926078796 1.680000000745058 -0.13596747815608978
v 0.25862550735473633 1.680000000745058 -0.3559674918651581
v 5.3884457543280445e-17 1.680000000745058 -0.4399999976158142
v -0.25862550735473633 1.680000000745058 -0.3559674918651581
v -0.41846486926078796 1.680000000745058 -0.13596747815608978
v -0.41846486926078796 1.680000000745058 0.13596747815608978
v -0.25862550735473633 1.680000000745058 0.3559674918651581
v -1.0776891508656089e-16 1.680000000745058 0.4399999976158142
v 0 1.5799999992549418 0.44999998807907104
v 0.2645033597946167 1.5799999992549418 0.36405766010284424
v 0.42797544598579407 1.5799999992549418 0.13905765116214752
v 0.42797544598579407 1.5799999992549418 -0.13905765116214752
v 0.2645033597946167 1.5799999992549418 -0.36405766010284424
v 5.5109105057610103e-17 1.5799999992549418 -0.44999998807907104
v -0.2645033597946167 1.5799999992549418 -0.36405766010284424
v -0.42797544598579407 1.5799999992549418 -0.13905765116214752
v -0.42797544598579407 1.5799999992549418 0.13905765116214752
v -0.2645033597946167 1.5799999992549418 0.36405766010284424
v -1.1021821011522021e-16 1.5799999992549418 0.44999998807907104
v 0 1.680000000745058 0
v 0 1.680000000745058 0
v 0 1.680000000745058 0
v 0 1.680000000745058 0
v 0 1.680000000745058 0
v 0 1.680000000745058 0
v 0 1.680000000745058 0
v 0 1.680000000745058 0
v 0 1.680000000745058 0
v 0 1.680000000745058 0
v 0 1.680000000745058 0.4399999976158142
v 0.25862550735473633 1.680000000745058 0.3559674918651581
v 0.41846486926078796 1.680000000745058 0.13596747815608978
v 0.41846486926078796 1.680000000745058 -0.13596747815608978
v 0.25862550735473633 1.680000000745058 -0.3559674918651581
v 5.3884457543280445e-17 1.680000000745058 -0.4399999976158142
v -0.25862550735473633 1.680000000745058 -0.3559674918651581
v -0.41846486926078796 1.680000000745058 -0.13596747815608978
v -0.41846486926078796 1.680000000745058 0.13596747815608978
v -0.25862550735473633 1.680000000745058 0.3559674918651581
v -1.0776891508656089e-16 1.680000000745058 0.4399999976158142
v 0 1.5799999992549418 0
v 0 1.5799999992549418 0
v 0 1.5799999992549418 0
v 0 1.5799999992549418 0
v 0 1.5799999992549418 0
v 0 1.5799999992549418 0
v 0 1.5799999992549418 0
v 0 1.5799999992549418 0
v 0 1.5799999992549418 0
v 0 1.5799999992549418 0
v 0 1.5799999992549418 0.44999998807907104
v 0.2645033597946167 1.5799999992549418 0.36405766010284424
v 0.42797544598579407 1.5799999992549418 0.13905765116214752
v 0.42797544598579407 1.5799999992549418 -0.13905765116214752
v 0.2645033597946167 1.5799999992549418 -0.36405766010284424
v 5.5109105057610103e-17 1.5799999992549418 -0.44999998807907104
v -0.2645033597946167 1.5799999992549418 -0.36405766010284424
v -0.42797544598579407 1.5799999992549418 -0.13905765116214752
v -0.42797544598579407 1.5799999992549418 0.13905765116214752
v -0.2645033597946167 1.5799999992549418 0.36405766010284424
v -1.1021821011522021e-16 1.5799999992549418 0.44999998807907104
vt 0 1
vt 0.10000000149011612 1
vt 0.20000000298023224 1
vt 0.30000001192092896 1
vt 0.4000000059604645 1
vt 0.5 1
vt 0.6000000238418579 1
vt 0.699999988079071 1
vt 0.800000011920929 1
vt 0.8999999761581421 1
vt 1 1
vt 0 0
vt 0.10000000149011612 0
vt 0.20000000298023224 0
vt 0.30000001192092896 0
vt 0.4000000059604645 0
vt 0.5 0
vt 0.6000000238418579 0
vt 0.699999988079071 0
vt 0.800000011920929 0
vt 0.8999999761581421 0
vt 1 0
vt 0.5 0.5
vt 0.5 0.5
vt 0.5 0.5
vt 0.5 0.5
vt 0.5 0.5
vt 0.5 0.5
vt 0.5 0.5
vt 0.5 0.5
vt 0.5 0.5
vt 0.5 0.5
vt 1 0.5
vt 0.9045084714889526 0.7938926219940186
vt 0.6545084714889526 0.9755282402038574
vt 0.345491498708725 0.9755282402038574
vt 0.09549150615930557 0.7938926219940186
vt 0 0.5
vt 0.09549150615930557 0.20610737800598145
vt 0.345491498708725 0.024471741169691086
vt 0.6545084714889526 0.024471741169691086
vt 0.9045084714889526 0.20610737800598145
vt 1 0.5
vt 0.5 0.5
vt 0.5 0.5
vt 0.5 0.5
vt 0.5 0.5
vt 0.5 0.5
vt 0.5 0.5
vt 0.5 0.5
vt 0.5 0.5
vt 0.5 0.5
vt 0.5 0.5
vt 1 0.5
vt 0.9045084714889526 0.20610737800598145
vt 0.6545084714889526 0.024471741169691086
vt 0.345491498708725 0.024471741169691086
vt 0.09549150615930557 0.20610737800598145
vt 0 0.5
vt 0.09549150615930557 0.7938926219940186
vt 0.345491498708725 0.9755282402038574
vt 0.6545084714889526 0.9755282402038574
vt 0.9045084714889526 0.7938926219940186
vt 1 0.5
vn 0 0.09950371754563643 0.9950371903575255
vn 0.5848682011318606 0.09950371975570833 0.8050019857488295
vn 0.9463366053135059 0.09950371603561549 0.30748339782631073
vn 0.9463366053135059 0.09950371603561549 -0.30748339782631073
vn 0.5848682011318606 0.09950371975570833 -0.8050019857488295
vn 1.218569117049792e-16 0.09950371754563643 -0.9950371903575255
vn -0.5848682011318606 0.09950371975570833 -0.8050019857488295
vn -0.9463366053135059 0.09950371603561549 -0.30748339782631073
vn -0.9463366053135059 0.09950371603561549 0.30748339782631073
vn -0.5848682011318606 0.09950371975570833 0.8050019857488295
vn -2.437138234099584e-16 0.09950371754563643 0.9950371903575255
vn 0 0.09950371754563643 0.9950371903575255
vn 0.5848682011318606 0.09950371975570833 0.8050019857488295
vn 0.9463366053135059 0.09950371603561549 0.30748339782631073
vn 0.9463366053135059 0.09950371603561549 -0.30748339782631073
vn 0.5848682011318606 0.09950371975570833 -0.8050019857488295
vn 1.218569117049792e-16 0.09950371754563643 -0.9950371903575255
vn -0.5848682011318606 0.09950371975570833 -0.8050019857488295
vn -0.9463366053135059 0.09950371603561549 -0.30748339782631073
vn -0.9463366053135059 0.09950371603561549 0.30748339782631073
vn -0.5848682011318606 0.09950371975570833 0.8050019857488295
vn -2.437138234099584e-16 0.09950371754563643 0.9950371903575255
vn 0 1 0
vn 0 1 0
vn 0 1 0
vn 0 1 0
vn 0 1 0
vn 0 1 0
vn 0 1 0
vn 0 1 0
vn 0 1 0
vn 0 1 0
vn 0 1 0
vn 0 1 0
vn 0 1 0
vn 0 1 0
vn 0 1 0
vn 0 1 0
vn 0 1 0
vn 0 1 0
vn 0 1 0
vn 0 1 0
vn 0 1 0
vn 0 -1 0
vn 0 -1 0
vn 0 -1 0
vn 0 -1 0
vn 0 -1 0
vn 0 -1 0
vn 0 -1 0
vn 0 -1 0
vn 0 -1 0
vn 0 -1 0
vn 0 -1 0
vn 0 -1 0
vn 0 -1 0
vn 0 -1 0
vn 0 -1 0
vn 0 -1 0
vn 0 -1 0
vn 0 -1 0
vn 0 -1 0
vn 0 -1 0
vn 0 -1 0
f 2357/2357/2357 2368/2368/2368 2358/2358/2358
f 2368/2368/2368 2369/2369/2369 2358/2358/2358
f 2358/2358/2358 2369/2369/2369 2359/2359/2359
f 2369/2369/2369 2370/2370/2370 2359/2359/2359
f 2359/2359/2359 2370/2370/2370 2360/2360/2360
f 2370/2370/2370 2371/2371/2371 2360/2360/2360
f 2360/2360/2360 2371/2371/2371 2361/2361/2361
f 2371/2371/2371 2372/2372/2372 2361/2361/2361
f 2361/2361/2361 2372/2372/2372 2362/2362/2362
f 2372/2372/2372 2373/2373/2373 2362/2362/2362
f 2362/2362/2362 2373/2373/2373 2363/2363/2363
f 2373/2373/2373 2374/2374/2374 2363/2363/2363
f 2363/2363/2363 2374/2374/2374 2364/2364/2364
f 2374/2374/2374 2375/2375/2375 2364/2364/2364
f 2364/2364/2364 2375/2375/2375 2365/2365/2365
f 2375/2375/2375 2376/2376/2376 2365/2365/2365
f 2365/2365/2365 2376/2376/2376 2366/2366/2366
f 2376/2376/2376 2377/2377/2377 2366/2366/2366
f 2366/2366/2366 2377/2377/2377 2367/2367/2367
f 2377/2377/2377 2378/2378/2378 2367/2367/2367
f 2389/2389/2389 2390/2390/2390 2379/2379/2379
f 2390/2390/2390 2391/2391/2391 2380/2380/2380
f 2391/2391/2391 2392/2392/2392 2381/2381/2381
f 2392/2392/2392 2393/2393/2393 2382/2382/2382
f 2393/2393/2393 2394/2394/2394 2383/2383/2383
f 2394/2394/2394 2395/2395/2395 2384/2384/2384
f 2395/2395/2395 2396/2396/2396 2385/2385/2385
f 2396/2396/2396 2397/2397/2397 2386/2386/2386
f 2397/2397/2397 2398/2398/2398 2387/2387/2387
f 2398/2398/2398 2399/2399/2399 2388/2388/2388
f 2411/2411/2411 2410/2410/2410 2400/2400/2400
f 2412/2412/2412 2411/2411/2411 2401/2401/2401
f 2413/2413/2413 2412/2412/2412 2402/2402/2402
f 2414/2414/2414 2413/2413/2413 2403/2403/2403
f 2415/2415/2415 2414/2414/2414 2404/2404/2404
f 2416/2416/2416 2415/2415/2415 2405/2405/2405
f 2417/2417/2417 2416/2416/2416 2406/2406/2406
f 2418/2418/2418 2417/2417/2417 2407/2407/2407
f 2419/2419/2419 2418/2418/2418 2408/2408/2408
f 2420/2420/2420 2419/2419/2419 2409/2409/2409
o cap_crown
usemtl black
v -0.33784549474716186 1.822000002861023 0.11792088344693184
v -0.1290454950928688 1.8664984464645387 0.1908000075817108
v -0.2195453059673309 1.8724937200546266 0
v -0.33784549474716186 1.822000002861023 0.11792088344693184
v -0.20880000829696654 1.794498446583748 0.30872088313102725
v -0.1290454950928688 1.8664984464645387 0.1908000075817108
v -0.3552317881584167 1.75 0.20061898648738863
v -0.20880000829696654 1.794498446583748 0.30872088313102725
v -0.33784549474716186 1.822000002861023 0.11792088344693184
v -0.20880000829696654 1.794498446583748 0.30872088313102725
v 0 1.8257052779197693 0.32460835814476013
v -0.1290454950928688 1.8664984464645387 0.1908000075817108
v -0.1290454950928688 1.8664984464645387 0.1908000075817108
v 0 1.8940000057220459 0
v -0.2195453059673309 1.8724937200546266 0
v -0.1290454950928688 1.8664984464645387 0.1908000075817108
v 0.1290454950928688 1.8664984464645387 0.1908000075817108
v 0 1.8940000057220459 0
v 0 1.8257052779197693 0.32460835814476013
v 0.1290454950928688 1.8664984464645387 0.1908000075817108
v -0.1290454950928688 1.8664984464645387 0.1908000075817108
v 0.1290454950928688 1.8664984464645387 0.1908000075817108
v 0.2195453059673309 1.8724937200546266 0
v 0 1.8940000057220459 0
v 0 1.8940000057220459 0
v -0.1290454950928688 1.8664984464645387 -0.1908000075817108
v -0.2195453059673309 1.8724937200546266 0
v 0 1.8940000057220459 0
v 0.1290454950928688 1.8664984464645387 -0.1908000075817108
v -0.1290454950928688 1.8664984464645387 -0.1908000075817108
v 0.2195453059673309 1.8724937200546266 0
v 0.1290454950928688 1.8664984464645387 -0.1908000075817108
v 0 1.8940000057220459 0
v 0.1290454950928688 1.8664984464645387 -0.1908000075817108
v 0 1.8257052779197693 -0.32460835814476013
v -0.1290454950928688 1.8664984464645387 -0.1908000075817108
v -0.1290454950928688 1.8664984464645387 -0.1908000075817108
v -0.33784549474716186 1.822000002861023 -0.11792088344693184
v -0.2195453059673309 1.8724937200546266 0
v -0.1290454950928688 1.8664984464645387 -0.1908000075817108
v -0.20880000829696654 1.794498446583748 -0.30872088313102725
v -0.33784549474716186 1.822000002861023 -0.11792088344693184
v 0 1.8257052779197693 -0.32460835814476013
v -0.20880000829696654 1.794498446583748 -0.30872088313102725
v -0.1290454950928688 1.8664984464645387 -0.1908000075817108
v -0.20880000829696654 1.794498446583748 -0.30872088313102725
v -0.3552317881584167 1.75 -0.20061898648738863
v -0.33784549474716186 1.822000002861023 -0.11792088344693184
v -0.33784549474716186 1.822000002861023 -0.11792088344693184
v -0.33784549474716186 1.822000002861023 0.11792088344693184
v -0.2195453059673309 1.8724937200546266 0
v -0.33784549474716186 1.822000002861023 -0.11792088344693184
v -0.4176000165939331 1.75 0
v -0.33784549474716186 1.822000002861023 0.11792088344693184
v -0.3552317881584167 1.75 -0.20061898648738863
v -0.4176000165939331 1.75 0
v -0.33784549474716186 1.822000002861023 -0.11792088344693184
v -0.4176000165939331 1.75 0
v -0.3552317881584167 1.75 0.20061898648738863
v -0.33784549474716186 1.822000002861023 0.11792088344693184
v 0.1290454950928688 1.8664984464645387 0.1908000075817108
v 0.33784549474716186 1.822000002861023 0.11792088344693184
v 0.2195453059673309 1.8724937200546266 0
v 0.1290454950928688 1.8664984464645387 0.1908000075817108
v 0.20880000829696654 1.794498446583748 0.30872088313102725
v 0.33784549474716186 1.822000002861023 0.11792088344693184
v 0 1.8257052779197693 0.32460835814476013
v 0.20880000829696654 1.794498446583748 0.30872088313102725
v 0.1290454950928688 1.8664984464645387 0.1908000075817108
v 0.20880000829696654 1.794498446583748 0.30872088313102725
v 0.3552317881584167 1.75 0.20061898648738863
v 0.33784549474716186 1.822000002861023 0.11792088344693184
v -0.20880000829696654 1.794498446583748 0.30872088313102725
v 0 1.75 0.3816000151634216
v 0 1.8257052779197693 0.32460835814476013
v -0.20880000829696654 1.794498446583748 0.30872088313102725
v -0.20880000829696654 1.705501553416252 0.30872088313102725
v 0 1.75 0.3816000151634216
v -0.3552317881584167 1.75 0.20061898648738863
v -0.20880000829696654 1.705501553416252 0.30872088313102725
v -0.20880000829696654 1.794498446583748 0.30872088313102725
v -0.20880000829696654 1.705501553416252 0.30872088313102725
v 0 1.6742947220802307 0.32460835814476013
v 0 1.75 0.3816000151634216
v -0.4176000165939331 1.75 0
v -0.33784549474716186 1.677999997138977 0.11792088344693184
v -0.3552317881584167 1.75 0.20061898648738863
v -0.4176000165939331 1.75 0
v -0.33784549474716186 1.677999997138977 -0.11792088344693184
v -0.33784549474716186 1.677999997138977 0.11792088344693184
v -0.3552317881584167 1.75 -0.20061898648738863
v -0.33784549474716186 1.677999997138977 -0.11792088344693184
v -0.4176000165939331 1.75 0
v -0.33784549474716186 1.677999997138977 -0.11792088344693184
v -0.2195453059673309 1.6275062799453734 0
v -0.33784549474716186 1.677999997138977 0.11792088344693184
v -0.20880000829696654 1.794498446583748 -0.30872088313102725
v -0.20880000829696654 1.705501553416252 -0.30872088313102725
v -0.3552317881584167 1.75 -0.20061898648738863
v -0.20880000829696654 1.794498446583748 -0.30872088313102725
v 0 1.75 -0.3816000151634216
v -0.20880000829696654 1.705501553416252 -0.30872088313102725
v 0 1.8257052779197693 -0.32460835814476013
v 0 1.75 -0.3816000151634216
v -0.20880000829696654 1.794498446583748 -0.30872088313102725
v 0 1.75 -0.3816000151634216
v 0 1.6742947220802307 -0.32460835814476013
v -0.20880000829696654 1.705501553416252 -0.30872088313102725
v 0.1290454950928688 1.8664984464645387 -0.1908000075817108
v 0.20880000829696654 1.794498446583748 -0.30872088313102725
v 0 1.8257052779197693 -0.32460835814476013
v 0.1290454950928688 1.8664984464645387 -0.1908000075817108
v 0.33784549474716186 1.822000002861023 -0.11792088344693184
v 0.20880000829696654 1.794498446583748 -0.30872088313102725
v 0.2195453059673309 1.8724937200546266 0
v 0.33784549474716186 1.822000002861023 -0.11792088344693184
v 0.1290454950928688 1.8664984464645387 -0.1908000075817108
v 0.33784549474716186 1.822000002861023 -0.11792088344693184
v 0.3552317881584167 1.75 -0.20061898648738863
v 0.20880000829696654 1.794498446583748 -0.30872088313102725
v 0.33784549474716186 1.677999997138977 0.11792088344693184
v 0.1290454950928688 1.6335015535354613 0.1908000075817108
v 0.2195453059673309 1.6275062799453734 0
v 0.33784549474716186 1.677999997138977 0.11792088344693184
v 0.20880000829696654 1.705501553416252 0.30872088313102725
v 0.1290454950928688 1.6335015535354613 0.1908000075817108
v 0.3552317881584167 1.75 0.20061898648738863
v 0.20880000829696654 1.705501553416252 0.30872088313102725
v 0.33784549474716186 1.677999997138977 0.11792088344693184
v 0.20880000829696654 1.705501553416252 0.30872088313102725
v 0 1.6742947220802307 0.32460835814476013
v 0.1290454950928688 1.6335015535354613 0.1908000075817108
v 0.1290454950928688 1.6335015535354613 0.1908000075817108
v 0 1.6059999942779541 0
v 0.2195453059673309 1.6275062799453734 0
v 0.1290454950928688 1.6335015535354613 0.1908000075817108
v -0.1290454950928688 1.6335015535354613 0.1908000075817108
v 0 1.6059999942779541 0
v 0 1.6742947220802307 0.32460835814476013
v -0.1290454950928688 1.6335015535354613 0.1908000075817108
v 0.1290454950928688 1.6335015535354613 0.1908000075817108
v -0.1290454950928688 1.6335015535354613 0.1908000075817108
v -0.2195453059673309 1.6275062799453734 0
v 0 1.6059999942779541 0
v 0 1.6059999942779541 0
v 0.1290454950928688 1.6335015535354613 -0.1908000075817108
v 0.2195453059673309 1.6275062799453734 0
v 0 1.6059999942779541 0
v -0.1290454950928688 1.6335015535354613 -0.1908000075817108
v 0.1290454950928688 1.6335015535354613 -0.1908000075817108
v -0.2195453059673309 1.6275062799453734 0
v -0.1290454950928688 1.6335015535354613 -0.1908000075817108
v 0 1.6059999942779541 0
v -0.1290454950928688 1.6335015535354613 -0.1908000075817108
v 0 1.6742947220802307 -0.32460835814476013
v 0.1290454950928688 1.6335015535354613 -0.1908000075817108
v 0.1290454950928688 1.6335015535354613 -0.1908000075817108
v 0.33784549474716186 1.677999997138977 -0.11792088344693184
v 0.2195453059673309 1.6275062799453734 0
v 0.1290454950928688 1.6335015535354613 -0.1908000075817108
v 0.20880000829696654 1.705501553416252 -0.30872088313102725
v 0.33784549474716186 1.677999997138977 -0.11792088344693184
v 0 1.6742947220802307 -0.32460835814476013
v 0.20880000829696654 1.705501553416252 -0.30872088313102725
v 0.1290454950928688 1.6335015535354613 -0.1908000075817108
v 0.20880000829696654 1.705501553416252 -0.30872088313102725
v 0.3552317881584167 1.75 -0.20061898648738863
v 0.33784549474716186 1.677999997138977 -0.11792088344693184
v 0.33784549474716186 1.677999997138977 -0.11792088344693184
v 0.33784549474716186 1.677999997138977 0.11792088344693184
v 0.2195453059673309 1.6275062799453734 0
v 0.33784549474716186 1.677999997138977 -0.11792088344693184
v 0.4176000165939331 1.75 0
v 0.33784549474716186 1.677999997138977 0.11792088344693184
v 0.3552317881584167 1.75 -0.20061898648738863
v 0.4176000165939331 1.75 0
v 0.33784549474716186 1.677999997138977 -0.11792088344693184
v 0.4176000165939331 1.75 0
v 0.3552317881584167 1.75 0.20061898648738863
v 0.33784549474716186 1.677999997138977 0.11792088344693184
v 0.20880000829696654 1.705501553416252 0.30872088313102725
v 0 1.75 0.3816000151634216
v 0 1.6742947220802307 0.32460835814476013
v 0.20880000829696654 1.705501553416252 0.30872088313102725
v 0.20880000829696654 1.794498446583748 0.30872088313102725
v 0 1.75 0.3816000151634216
v 0.3552317881584167 1.75 0.20061898648738863
v 0.20880000829696654 1.794498446583748 0.30872088313102725
v 0.20880000829696654 1.705501553416252 0.30872088313102725
v 0.20880000829696654 1.794498446583748 0.30872088313102725
v 0 1.8257052779197693 0.32460835814476013
v 0 1.75 0.3816000151634216
v -0.1290454950928688 1.6335015535354613 0.1908000075817108
v -0.33784549474716186 1.677999997138977 0.11792088344693184
v -0.2195453059673309 1.6275062799453734 0
v -0.1290454950928688 1.6335015535354613 0.1908000075817108
v -0.20880000829696654 1.705501553416252 0.30872088313102725
v -0.33784549474716186 1.677999997138977 0.11792088344693184
v 0 1.6742947220802307 0.32460835814476013
v -0.20880000829696654 1.705501553416252 0.30872088313102725
v -0.1290454950928688 1.6335015535354613 0.1908000075817108
v -0.20880000829696654 1.705501553416252 0.30872088313102725
v -0.3552317881584167 1.75 0.20061898648738863
v -0.33784549474716186 1.677999997138977 0.11792088344693184
v -0.1290454950928688 1.6335015535354613 -0.1908000075817108
v -0.20880000829696654 1.705501553416252 -0.30872088313102725
v 0 1.6742947220802307 -0.32460835814476013
v -0.1290454950928688 1.6335015535354613 -0.1908000075817108
v -0.33784549474716186 1.677999997138977 -0.11792088344693184
v -0.20880000829696654 1.705501553416252 -0.30872088313102725
v -0.2195453059673309 1.6275062799453734 0
v -0.33784549474716186 1.677999997138977 -0.11792088344693184
v -0.1290454950928688 1.6335015535354613 -0.1908000075817108
v -0.33784549474716186 1.677999997138977 -0.11792088344693184
v -0.3552317881584167 1.75 -0.20061898648738863
v -0.20880000829696654 1.705501553416252 -0.30872088313102725
v 0.20880000829696654 1.705501553416252 -0.30872088313102725
v 0.20880000829696654 1.794498446583748 -0.30872088313102725
v 0.3552317881584167 1.75 -0.20061898648738863
v 0.20880000829696654 1.705501553416252 -0.30872088313102725
v 0 1.75 -0.3816000151634216
v 0.20880000829696654 1.794498446583748 -0.30872088313102725
v 0 1.6742947220802307 -0.32460835814476013
v 0 1.75 -0.3816000151634216
v 0.20880000829696654 1.705501553416252 -0.30872088313102725
v 0 1.75 -0.3816000151634216
v 0 1.8257052779197693 -0.32460835814476013
v 0.20880000829696654 1.794498446583748 -0.30872088313102725
v 0.4176000165939331 1.75 0
v 0.33784549474716186 1.822000002861023 0.11792088344693184
v 0.3552317881584167 1.75 0.20061898648738863
v 0.4176000165939331 1.75 0
v 0.33784549474716186 1.822000002861023 -0.11792088344693184
v 0.33784549474716186 1.822000002861023 0.11792088344693184
v 0.3552317881584167 1.75 -0.20061898648738863
v 0.33784549474716186 1.822000002861023 -0.11792088344693184
v 0.4176000165939331 1.75 0
v 0.33784549474716186 1.822000002861023 -0.11792088344693184
v 0.2195453059673309 1.8724937200546266 0
v 0.33784549474716186 1.822000002861023 0.11792088344693184
vt 0.5580698847770691 0.6666666865348816
vt 0.6618959307670593 0.800000011920929
vt 0.5 0.8237918019294739
vt 0.5580698847770691 0.6666666865348816
vt 0.6618959307670593 0.6000000238418579
vt 0.6618959307670593 0.800000011920929
vt 0.5881040692329407 0.5
vt 0.6618959307670593 0.6000000238418579
vt 0.5580698847770691 0.6666666865348816
vt 0.6618959307670593 0.6000000238418579
vt 0.75 0.6762081980705261
vt 0.6618959307670593 0.800000011920929
vt 0.6618959307670593 0.800000011920929
vt 0.5858913660049438 1
vt 0.5 0.8237918019294739
vt 0.6618959307670593 0.800000011920929
vt 0.8381040692329407 0.800000011920929
vt 0.75 1
vt 0.75 0.6762081980705261
vt 0.8381040692329407 0.800000011920929
vt 0.6618959307670593 0.800000011920929
vt 0.8381040692329407 0.800000011920929
vt 1 0.8237918019294739
vt 0.9141086339950562 1
vt 0.41410863399505615 1
vt 0.33810409903526306 0.800000011920929
vt 0.5 0.8237918019294739
vt 0.25 1
vt 0.16189590096473694 0.800000011920929
vt 0.33810409903526306 0.800000011920929
vt 0 0.8237918019294739
vt 0.16189590096473694 0.800000011920929
vt 0.08589137345552444 1
vt 0.16189590096473694 0.800000011920929
vt 0.25 0.6762081980705261
vt 0.33810409903526306 0.800000011920929
vt 0.33810409903526306 0.800000011920929
vt 0.4419301152229309 0.6666666865348816
vt 0.5 0.8237918019294739
vt 0.33810409903526306 0.800000011920929
vt 0.33810409903526306 0.6000000238418579
vt 0.4419301152229309 0.6666666865348816
vt 0.25 0.6762081980705261
vt 0.33810409903526306 0.6000000238418579
vt 0.33810409903526306 0.800000011920929
vt 0.33810409903526306 0.6000000238418579
vt 0.41189590096473694 0.5
vt 0.4419301152229309 0.6666666865348816
vt 0.4419301152229309 0.6666666865348816
vt 0.5580698847770691 0.6666666865348816
vt 0.5 0.8237918019294739
vt 0.4419301152229309 0.6666666865348816
vt 0.5 0.5
vt 0.5580698847770691 0.6666666865348816
vt 0.41189590096473694 0.5
vt 0.5 0.5
vt 0.4419301152229309 0.6666666865348816
vt 0.5 0.5
vt 0.5881040692329407 0.5
vt 0.5580698847770691 0.6666666865348816
vt 0.8381040692329407 0.800000011920929
vt 0.9419301152229309 0.6666666865348816
vt 1 0.8237918019294739
vt 0.8381040692329407 0.800000011920929
vt 0.8381040692329407 0.6000000238418579
vt 0.9419301152229309 0.6666666865348816
vt 0.75 0.6762081980705261
vt 0.8381040692329407 0.6000000238418579
vt 0.8381040692329407 0.800000011920929
vt 0.8381040692329407 0.6000000238418579
vt 0.9118959307670593 0.5
vt 0.9419301152229309 0.6666666865348816
vt 0.6618959307670593 0.6000000238418579
vt 0.75 0.5
vt 0.75 0.6762081980705261
vt 0.6618959307670593 0.6000000238418579
vt 0.6618959307670593 0.4000000059604645
vt 0.75 0.5
vt 0.5881040692329407 0.5
vt 0.6618959307670593 0.4000000059604645
vt 0.6618959307670593 0.6000000238418579
vt 0.6618959307670593 0.4000000059604645
vt 0.75 0.3237918019294739
vt 0.75 0.5
vt 0.5 0.5
vt 0.5580698847770691 0.3333333432674408
vt 0.5881040692329407 0.5
vt 0.5 0.5
vt 0.4419301152229309 0.3333333432674408
vt 0.5580698847770691 0.3333333432674408
vt 0.41189590096473694 0.5
vt 0.4419301152229309 0.3333333432674408
vt 0.5 0.5
vt 0.4419301152229309 0.3333333432674408
vt 0.5 0.17620819807052612
vt 0.5580698847770691 0.3333333432674408
vt 0.33810409903526306 0.6000000238418579
vt 0.33810409903526306 0.4000000059604645
vt 0.41189590096473694 0.5
vt 0.33810409903526306 0.6000000238418579
vt 0.25 0.5
vt 0.33810409903526306 0.4000000059604645
vt 0.25 0.6762081980705261
vt 0.25 0.5
vt 0.33810409903526306 0.6000000238418579
vt 0.25 0.5
vt 0.25 0.3237918019294739
vt 0.33810409903526306 0.4000000059604645
vt 0.16189590096473694 0.800000011920929
vt 0.16189590096473694 0.6000000238418579
vt 0.25 0.6762081980705261
vt 0.16189590096473694 0.800000011920929
vt 0.05806988105177879 0.6666666865348816
vt 0.16189590096473694 0.6000000238418579
vt 0 0.8237918019294739
vt 0.05806988105177879 0.6666666865348816
vt 0.16189590096473694 0.800000011920929
vt 0.05806988105177879 0.6666666865348816
vt 0.08810409903526306 0.5
vt 0.16189590096473694 0.6000000238418579
vt 0.9419301152229309 0.3333333432674408
vt 0.8381040692329407 0.20000000298023224
vt 1 0.17620819807052612
vt 0.9419301152229309 0.3333333432674408
vt 0.8381040692329407 0.4000000059604645
vt 0.8381040692329407 0.20000000298023224
vt 0.9118959307670593 0.5
vt 0.8381040692329407 0.4000000059604645
vt 0.9419301152229309 0.3333333432674408
vt 0.8381040692329407 0.4000000059604645
vt 0.75 0.3237918019294739
vt 0.8381040692329407 0.20000000298023224
vt 0.8381040692329407 0.20000000298023224
vt 0.9141086339950562 0
vt 1 0.17620819807052612
vt 0.8381040692329407 0.20000000298023224
vt 0.6618959307670593 0.20000000298023224
vt 0.75 0
vt 0.75 0.3237918019294739
vt 0.6618959307670593 0.20000000298023224
vt 0.8381040692329407 0.20000000298023224
vt 0.6618959307670593 0.20000000298023224
vt 0.5 0.17620819807052612
vt 0.5858913660049438 0
vt 0.08589137345552444 0
vt 0.16189590096473694 0.20000000298023224
vt 0 0.17620819807052612
vt 0.25 0
vt 0.33810409903526306 0.20000000298023224
vt 0.16189590096473694 0.20000000298023224
vt 0.5 0.17620819807052612
vt 0.33810409903526306 0.20000000298023224
vt 0.41410863399505615 0
vt 0.33810409903526306 0.20000000298023224
vt 0.25 0.3237918019294739
vt 0.16189590096473694 0.20000000298023224
vt 0.16189590096473694 0.20000000298023224
vt 0.05806988105177879 0.3333333432674408
vt 0 0.17620819807052612
vt 0.16189590096473694 0.20000000298023224
vt 0.16189590096473694 0.4000000059604645
vt 0.05806988105177879 0.3333333432674408
vt 0.25 0.3237918019294739
vt 0.16189590096473694 0.4000000059604645
vt 0.16189590096473694 0.20000000298023224
vt 0.16189590096473694 0.4000000059604645
vt 0.08810409903526306 0.5
vt 0.05806988105177879 0.3333333432674408
vt 1.0580698251724243 0.3333333432674408
vt 0.9419301152229309 0.3333333432674408
vt 1 0.17620819807052612
vt 1.0580698251724243 0.3333333432674408
vt 1 0.5
vt 0.9419301152229309 0.3333333432674408
vt 0.08810409903526306 0.5
vt 0 0.5
vt 0.05806988105177879 0.3333333432674408
vt 1 0.5
vt 0.9118959307670593 0.5
vt 0.9419301152229309 0.3333333432674408
vt 0.8381040692329407 0.4000000059604645
vt 0.75 0.5
vt 0.75 0.3237918019294739
vt 0.8381040692329407 0.4000000059604645
vt 0.8381040692329407 0.6000000238418579
vt 0.75 0.5
vt 0.9118959307670593 0.5
vt 0.8381040692329407 0.6000000238418579
vt 0.8381040692329407 0.4000000059604645
vt 0.8381040692329407 0.6000000238418579
vt 0.75 0.6762081980705261
vt 0.75 0.5
vt 0.6618959307670593 0.20000000298023224
vt 0.5580698847770691 0.3333333432674408
vt 0.5 0.17620819807052612
vt 0.6618959307670593 0.20000000298023224
vt 0.6618959307670593 0.4000000059604645
vt 0.5580698847770691 0.3333333432674408
vt 0.75 0.3237918019294739
vt 0.6618959307670593 0.4000000059604645
vt 0.6618959307670593 0.20000000298023224
vt 0.6618959307670593 0.4000000059604645
vt 0.5881040692329407 0.5
vt 0.5580698847770691 0.3333333432674408
vt 0.33810409903526306 0.20000000298023224
vt 0.33810409903526306 0.4000000059604645
vt 0.25 0.3237918019294739
vt 0.33810409903526306 0.20000000298023224
vt 0.4419301152229309 0.3333333432674408
vt 0.33810409903526306 0.4000000059604645
vt 0.5 0.17620819807052612
vt 0.4419301152229309 0.3333333432674408
vt 0.33810409903526306 0.20000000298023224
vt 0.4419301152229309 0.3333333432674408
vt 0.41189590096473694 0.5
vt 0.33810409903526306 0.4000000059604645
vt 0.16189590096473694 0.4000000059604645
vt 0.16189590096473694 0.6000000238418579
vt 0.08810409903526306 0.5
vt 0.16189590096473694 0.4000000059604645
vt 0.25 0.5
vt 0.16189590096473694 0.6000000238418579
vt 0.25 0.3237918019294739
vt 0.25 0.5
vt 0.16189590096473694 0.4000000059604645
vt 0.25 0.5
vt 0.25 0.6762081980705261
vt 0.16189590096473694 0.6000000238418579
vt 1 0.5
vt 0.9419301152229309 0.6666666865348816
vt 0.9118959307670593 0.5
vt 1 0.5
vt 1.0580698251724243 0.6666666865348816
vt 0.9419301152229309 0.6666666865348816
vt 0.08810409903526306 0.5
vt 0.05806988105177879 0.6666666865348816
vt 0 0.5
vt 1.0580698251724243 0.6666666865348816
vt 1 0.8237918019294739
vt 0.9419301152229309 0.6666666865348816
vn -0.477433935386515 0.8557041497280625 0.19956764637465318
vn -0.1272278032004017 0.9659514521123481 0.22527955578535216
vn -0.20843436358036213 0.9780363572377304 0
vn -0.477433935386515 0.8557041497280625 0.19956764637465318
vn -0.36891485233633137 0.6612055788875115 0.6532296794954234
vn -0.1272278032004017 0.9659514521123481 0.22527955578535216
vn -0.8283339884650351 0 0.5602345968909871
vn -0.36891485233633137 0.6612055788875115 0.6532296794954234
vn -0.477433935386515 0.8557041497280625 0.19956764637465318
vn -0.36891485233633137 0.6612055788875115 0.6532296794954234
vn 0 0.8534838700698956 0.5211192603718594
vn -0.1272278032004017 0.9659514521123481 0.22527955578535216
vn -0.1272278032004017 0.9659514521123481 0.22527955578535216
vn 0 1 0
vn -0.20843436358036213 0.9780363572377304 0
vn -0.1272278032004017 0.9659514521123481 0.22527955578535216
vn 0.1272278032004017 0.9659514521123481 0.22527955578535216
vn 0 1 0
vn 0 0.8534838700698956 0.5211192603718594
vn 0.1272278032004017 0.9659514521123481 0.22527955578535216
vn -0.1272278032004017 0.9659514521123481 0.22527955578535216
vn 0.1272278032004017 0.9659514521123481 0.22527955578535216
vn 0.20843436358036213 0.9780363572377304 0
vn 0 1 0
vn 0 1 0
vn -0.1272278032004017 0.9659514521123481 -0.22527955578535216
vn -0.20843436358036213 0.9780363572377304 0
vn 0 1 0
vn 0.1272278032004017 0.9659514521123481 -0.22527955578535216
vn -0.1272278032004017 0.9659514521123481 -0.22527955578535216
vn 0.20843436358036213 0.9780363572377304 0
vn 0.1272278032004017 0.9659514521123481 -0.22527955578535216
vn 0 1 0
vn 0.1272278032004017 0.9659514521123481 -0.22527955578535216
vn 0 0.8534838700698956 -0.5211192603718594
vn -0.1272278032004017 0.9659514521123481 -0.22527955578535216
vn -0.1272278032004017 0.9659514521123481 -0.22527955578535216
vn -0.477433935386515 0.8557041497280625 -0.19956764637465318
vn -0.20843436358036213 0.9780363572377304 0
vn -0.1272278032004017 0.9659514521123481 -0.22527955578535216
vn -0.36891485233633137 0.6612055788875115 -0.6532296794954234
vn -0.477433935386515 0.8557041497280625 -0.19956764637465318
vn 0 0.8534838700698956 -0.5211192603718594
vn -0.36891485233633137 0.6612055788875115 -0.6532296794954234
vn -0.1272278032004017 0.9659514521123481 -0.22527955578535216
vn -0.36891485233633137 0.6612055788875115 -0.6532296794954234
vn -0.8283339884650351 0 -0.5602345968909871
vn -0.477433935386515 0.8557041497280625 -0.19956764637465318
vn -0.477433935386515 0.8557041497280625 -0.19956764637465318
vn -0.477433935386515 0.8557041497280625 0.19956764637465318
vn -0.20843436358036213 0.9780363572377304 0
vn -0.477433935386515 0.8557041497280625 -0.19956764637465318
vn -1 0 0
vn -0.477433935386515 0.8557041497280625 0.19956764637465318
vn -0.8283339884650351 0 -0.5602345968909871
vn -1 0 0
vn -0.477433935386515 0.8557041497280625 -0.19956764637465318
vn -1 0 0
vn -0.8283339884650351 0 0.5602345968909871
vn -0.477433935386515 0.8557041497280625 0.19956764637465318
vn 0.1272278032004017 0.9659514521123481 0.22527955578535216
vn 0.477433935386515 0.8557041497280625 0.19956764637465318
vn 0.20843436358036213 0.9780363572377304 0
vn 0.1272278032004017 0.9659514521123481 0.22527955578535216
vn 0.36891485233633137 0.6612055788875115 0.6532296794954234
vn 0.477433935386515 0.8557041497280625 0.19956764637465318
vn 0 0.8534838700698956 0.5211192603718594
vn 0.36891485233633137 0.6612055788875115 0.6532296794954234
vn 0.1272278032004017 0.9659514521123481 0.22527955578535216
vn 0.36891485233633137 0.6612055788875115 0.6532296794954234
vn 0.8283339884650351 0 0.5602345968909871
vn 0.477433935386515 0.8557041497280625 0.19956764637465318
vn -0.36891485233633137 0.6612055788875115 0.6532296794954234
vn 0 0 1
vn 0 0.8534838700698956 0.5211192603718594
vn -0.36891485233633137 0.6612055788875115 0.6532296794954234
vn -0.36891485233633137 -0.6612055788875115 0.6532296794954234
vn 0 0 1
vn -0.8283339884650351 0 0.5602345968909871
vn -0.36891485233633137 -0.6612055788875115 0.6532296794954234
vn -0.36891485233633137 0.6612055788875115 0.6532296794954234
vn -0.36891485233633137 -0.6612055788875115 0.6532296794954234
vn 0 -0.8534838700698956 0.5211192603718594
vn 0 0 1
vn -1 0 0
vn -0.477433935386515 -0.8557041497280625 0.19956764637465318
vn -0.8283339884650351 0 0.5602345968909871
vn -1 0 0
vn -0.477433935386515 -0.8557041497280625 -0.19956764637465318
vn -0.477433935386515 -0.8557041497280625 0.19956764637465318
vn -0.8283339884650351 0 -0.5602345968909871
vn -0.477433935386515 -0.8557041497280625 -0.19956764637465318
vn -1 0 0
vn -0.477433935386515 -0.8557041497280625 -0.19956764637465318
vn -0.20843436358036213 -0.9780363572377304 0
vn -0.477433935386515 -0.8557041497280625 0.19956764637465318
vn -0.36891485233633137 0.6612055788875115 -0.6532296794954234
vn -0.36891485233633137 -0.6612055788875115 -0.6532296794954234
vn -0.8283339884650351 0 -0.5602345968909871
vn -0.36891485233633137 0.6612055788875115 -0.6532296794954234
vn 0 0 -1
vn -0.36891485233633137 -0.6612055788875115 -0.6532296794954234
vn 0 0.8534838700698956 -0.5211192603718594
vn 0 0 -1
vn -0.36891485233633137 0.6612055788875115 -0.6532296794954234
vn 0 0 -1
vn 0 -0.8534838700698956 -0.5211192603718594
vn -0.36891485233633137 -0.6612055788875115 -0.6532296794954234
vn 0.1272278032004017 0.9659514521123481 -0.22527955578535216
vn 0.36891485233633137 0.6612055788875115 -0.6532296794954234
vn 0 0.8534838700698956 -0.5211192603718594
vn 0.1272278032004017 0.9659514521123481 -0.22527955578535216
vn 0.477433935386515 0.8557041497280625 -0.19956764637465318
vn 0.36891485233633137 0.6612055788875115 -0.6532296794954234
vn 0.20843436358036213 0.9780363572377304 0
vn 0.477433935386515 0.8557041497280625 -0.19956764637465318
vn 0.1272278032004017 0.9659514521123481 -0.22527955578535216
vn 0.477433935386515 0.8557041497280625 -0.19956764637465318
vn 0.8283339884650351 0 -0.5602345968909871
vn 0.36891485233633137 0.6612055788875115 -0.6532296794954234
vn 0.477433935386515 -0.8557041497280625 0.19956764637465318
vn 0.1272278032004017 -0.9659514521123481 0.22527955578535216
vn 0.20843436358036213 -0.9780363572377304 0
vn 0.477433935386515 -0.8557041497280625 0.19956764637465318
vn 0.36891485233633137 -0.6612055788875115 0.6532296794954234
vn 0.1272278032004017 -0.9659514521123481 0.22527955578535216
vn 0.8283339884650351 0 0.5602345968909871
vn 0.36891485233633137 -0.6612055788875115 0.6532296794954234
vn 0.477433935386515 -0.8557041497280625 0.19956764637465318
vn 0.36891485233633137 -0.6612055788875115 0.6532296794954234
vn 0 -0.8534838700698956 0.5211192603718594
vn 0.1272278032004017 -0.9659514521123481 0.22527955578535216
vn 0.1272278032004017 -0.9659514521123481 0.22527955578535216
vn 0 -1 0
vn 0.20843436358036213 -0.9780363572377304 0
vn 0.1272278032004017 -0.9659514521123481 0.22527955578535216
vn -0.1272278032004017 -0.9659514521123481 0.22527955578535216
vn 0 -1 0
vn 0 -0.8534838700698956 0.5211192603718594
vn -0.1272278032004017 -0.9659514521123481 0.22527955578535216
vn 0.1272278032004017 -0.9659514521123481 0.22527955578535216
vn -0.1272278032004017 -0.9659514521123481 0.22527955578535216
vn -0.20843436358036213 -0.9780363572377304 0
vn 0 -1 0
vn 0 -1 0
vn 0.1272278032004017 -0.9659514521123481 -0.22527955578535216
vn 0.20843436358036213 -0.9780363572377304 0
vn 0 -1 0
vn -0.1272278032004017 -0.9659514521123481 -0.22527955578535216
vn 0.1272278032004017 -0.9659514521123481 -0.22527955578535216
vn -0.20843436358036213 -0.9780363572377304 0
vn -0.1272278032004017 -0.9659514521123481 -0.22527955578535216
vn 0 -1 0
vn -0.1272278032004017 -0.9659514521123481 -0.22527955578535216
vn 0 -0.8534838700698956 -0.5211192603718594
vn 0.1272278032004017 -0.9659514521123481 -0.22527955578535216
vn 0.1272278032004017 -0.9659514521123481 -0.22527955578535216
vn 0.477433935386515 -0.8557041497280625 -0.19956764637465318
vn 0.20843436358036213 -0.9780363572377304 0
vn 0.1272278032004017 -0.9659514521123481 -0.22527955578535216
vn 0.36891485233633137 -0.6612055788875115 -0.6532296794954234
vn 0.477433935386515 -0.8557041497280625 -0.19956764637465318
vn 0 -0.8534838700698956 -0.5211192603718594
vn 0.36891485233633137 -0.6612055788875115 -0.6532296794954234
vn 0.1272278032004017 -0.9659514521123481 -0.22527955578535216
vn 0.36891485233633137 -0.6612055788875115 -0.6532296794954234
vn 0.8283339884650351 0 -0.5602345968909871
vn 0.477433935386515 -0.8557041497280625 -0.19956764637465318
vn 0.477433935386515 -0.8557041497280625 -0.19956764637465318
vn 0.477433935386515 -0.8557041497280625 0.19956764637465318
vn 0.20843436358036213 -0.9780363572377304 0
vn 0.477433935386515 -0.8557041497280625 -0.19956764637465318
vn 1 0 0
vn 0.477433935386515 -0.8557041497280625 0.19956764637465318
vn 0.8283339884650351 0 -0.5602345968909871
vn 1 0 0
vn 0.477433935386515 -0.8557041497280625 -0.19956764637465318
vn 1 0 0
vn 0.8283339884650351 0 0.5602345968909871
vn 0.477433935386515 -0.8557041497280625 0.19956764637465318
vn 0.36891485233633137 -0.6612055788875115 0.6532296794954234
vn 0 0 1
vn 0 -0.8534838700698956 0.5211192603718594
vn 0.36891485233633137 -0.6612055788875115 0.6532296794954234
vn 0.36891485233633137 0.6612055788875115 0.6532296794954234
vn 0 0 1
vn 0.8283339884650351 0 0.5602345968909871
vn 0.36891485233633137 0.6612055788875115 0.6532296794954234
vn 0.36891485233633137 -0.6612055788875115 0.6532296794954234
vn 0.36891485233633137 0.6612055788875115 0.6532296794954234
vn 0 0.8534838700698956 0.5211192603718594
vn 0 0 1
vn -0.1272278032004017 -0.9659514521123481 0.22527955578535216
vn -0.477433935386515 -0.8557041497280625 0.19956764637465318
vn -0.20843436358036213 -0.9780363572377304 0
vn -0.1272278032004017 -0.9659514521123481 0.22527955578535216
vn -0.36891485233633137 -0.6612055788875115 0.6532296794954234
vn -0.477433935386515 -0.8557041497280625 0.19956764637465318
vn 0 -0.8534838700698956 0.5211192603718594
vn -0.36891485233633137 -0.6612055788875115 0.6532296794954234
vn -0.1272278032004017 -0.9659514521123481 0.22527955578535216
vn -0.36891485233633137 -0.6612055788875115 0.6532296794954234
vn -0.8283339884650351 0 0.5602345968909871
vn -0.477433935386515 -0.8557041497280625 0.19956764637465318
vn -0.1272278032004017 -0.9659514521123481 -0.22527955578535216
vn -0.36891485233633137 -0.6612055788875115 -0.6532296794954234
vn 0 -0.8534838700698956 -0.5211192603718594
vn -0.1272278032004017 -0.9659514521123481 -0.22527955578535216
vn -0.477433935386515 -0.8557041497280625 -0.19956764637465318
vn -0.36891485233633137 -0.6612055788875115 -0.6532296794954234
vn -0.20843436358036213 -0.9780363572377304 0
vn -0.477433935386515 -0.8557041497280625 -0.19956764637465318
vn -0.1272278032004017 -0.9659514521123481 -0.22527955578535216
vn -0.477433935386515 -0.8557041497280625 -0.19956764637465318
vn -0.8283339884650351 0 -0.5602345968909871
vn -0.36891485233633137 -0.6612055788875115 -0.6532296794954234
vn 0.36891485233633137 -0.6612055788875115 -0.6532296794954234
vn 0.36891485233633137 0.6612055788875115 -0.6532296794954234
vn 0.8283339884650351 0 -0.5602345968909871
vn 0.36891485233633137 -0.6612055788875115 -0.6532296794954234
vn 0 0 -1
vn 0.36891485233633137 0.6612055788875115 -0.6532296794954234
vn 0 -0.8534838700698956 -0.5211192603718594
vn 0 0 -1
vn 0.36891485233633137 -0.6612055788875115 -0.6532296794954234
vn 0 0 -1
vn 0 0.8534838700698956 -0.5211192603718594
vn 0.36891485233633137 0.6612055788875115 -0.6532296794954234
vn 1 0 0
vn 0.477433935386515 0.8557041497280625 0.19956764637465318
vn 0.8283339884650351 0 0.5602345968909871
vn 1 0 0
vn 0.477433935386515 0.8557041497280625 -0.19956764637465318
vn 0.477433935386515 0.8557041497280625 0.19956764637465318
vn 0.8283339884650351 0 -0.5602345968909871
vn 0.477433935386515 0.8557041497280625 -0.19956764637465318
vn 1 0 0
vn 0.477433935386515 0.8557041497280625 -0.19956764637465318
vn 0.20843436358036213 0.9780363572377304 0
vn 0.477433935386515 0.8557041497280625 0.19956764637465318
f 2421/2421/2421 2422/2422/2422 2423/2423/2423
f 2424/2424/2424 2425/2425/2425 2426/2426/2426
f 2427/2427/2427 2428/2428/2428 2429/2429/2429
f 2430/2430/2430 2431/2431/2431 2432/2432/2432
f 2433/2433/2433 2434/2434/2434 2435/2435/2435
f 2436/2436/2436 2437/2437/2437 2438/2438/2438
f 2439/2439/2439 2440/2440/2440 2441/2441/2441
f 2442/2442/2442 2443/2443/2443 2444/2444/2444
f 2445/2445/2445 2446/2446/2446 2447/2447/2447
f 2448/2448/2448 2449/2449/2449 2450/2450/2450
f 2451/2451/2451 2452/2452/2452 2453/2453/2453
f 2454/2454/2454 2455/2455/2455 2456/2456/2456
f 2457/2457/2457 2458/2458/2458 2459/2459/2459
f 2460/2460/2460 2461/2461/2461 2462/2462/2462
f 2463/2463/2463 2464/2464/2464 2465/2465/2465
f 2466/2466/2466 2467/2467/2467 2468/2468/2468
f 2469/2469/2469 2470/2470/2470 2471/2471/2471
f 2472/2472/2472 2473/2473/2473 2474/2474/2474
f 2475/2475/2475 2476/2476/2476 2477/2477/2477
f 2478/2478/2478 2479/2479/2479 2480/2480/2480
f 2481/2481/2481 2482/2482/2482 2483/2483/2483
f 2484/2484/2484 2485/2485/2485 2486/2486/2486
f 2487/2487/2487 2488/2488/2488 2489/2489/2489
f 2490/2490/2490 2491/2491/2491 2492/2492/2492
f 2493/2493/2493 2494/2494/2494 2495/2495/2495
f 2496/2496/2496 2497/2497/2497 2498/2498/2498
f 2499/2499/2499 2500/2500/2500 2501/2501/2501
f 2502/2502/2502 2503/2503/2503 2504/2504/2504
f 2505/2505/2505 2506/2506/2506 2507/2507/2507
f 2508/2508/2508 2509/2509/2509 2510/2510/2510
f 2511/2511/2511 2512/2512/2512 2513/2513/2513
f 2514/2514/2514 2515/2515/2515 2516/2516/2516
f 2517/2517/2517 2518/2518/2518 2519/2519/2519
f 2520/2520/2520 2521/2521/2521 2522/2522/2522
f 2523/2523/2523 2524/2524/2524 2525/2525/2525
f 2526/2526/2526 2527/2527/2527 2528/2528/2528
f 2529/2529/2529 2530/2530/2530 2531/2531/2531
f 2532/2532/2532 2533/2533/2533 2534/2534/2534
f 2535/2535/2535 2536/2536/2536 2537/2537/2537
f 2538/2538/2538 2539/2539/2539 2540/2540/2540
f 2541/2541/2541 2542/2542/2542 2543/2543/2543
f 2544/2544/2544 2545/2545/2545 2546/2546/2546
f 2547/2547/2547 2548/2548/2548 2549/2549/2549
f 2550/2550/2550 2551/2551/2551 2552/2552/2552
f 2553/2553/2553 2554/2554/2554 2555/2555/2555
f 2556/2556/2556 2557/2557/2557 2558/2558/2558
f 2559/2559/2559 2560/2560/2560 2561/2561/2561
f 2562/2562/2562 2563/2563/2563 2564/2564/2564
f 2565/2565/2565 2566/2566/2566 2567/2567/2567
f 2568/2568/2568 2569/2569/2569 2570/2570/2570
f 2571/2571/2571 2572/2572/2572 2573/2573/2573
f 2574/2574/2574 2575/2575/2575 2576/2576/2576
f 2577/2577/2577 2578/2578/2578 2579/2579/2579
f 2580/2580/2580 2581/2581/2581 2582/2582/2582
f 2583/2583/2583 2584/2584/2584 2585/2585/2585
f 2586/2586/2586 2587/2587/2587 2588/2588/2588
f 2589/2589/2589 2590/2590/2590 2591/2591/2591
f 2592/2592/2592 2593/2593/2593 2594/2594/2594
f 2595/2595/2595 2596/2596/2596 2597/2597/2597
f 2598/2598/2598 2599/2599/2599 2600/2600/2600
f 2601/2601/2601 2602/2602/2602 2603/2603/2603
f 2604/2604/2604 2605/2605/2605 2606/2606/2606
f 2607/2607/2607 2608/2608/2608 2609/2609/2609
f 2610/2610/2610 2611/2611/2611 2612/2612/2612
f 2613/2613/2613 2614/2614/2614 2615/2615/2615
f 2616/2616/2616 2617/2617/2617 2618/2618/2618
f 2619/2619/2619 2620/2620/2620 2621/2621/2621
f 2622/2622/2622 2623/2623/2623 2624/2624/2624
f 2625/2625/2625 2626/2626/2626 2627/2627/2627
f 2628/2628/2628 2629/2629/2629 2630/2630/2630
f 2631/2631/2631 2632/2632/2632 2633/2633/2633
f 2634/2634/2634 2635/2635/2635 2636/2636/2636
f 2637/2637/2637 2638/2638/2638 2639/2639/2639
f 2640/2640/2640 2641/2641/2641 2642/2642/2642
f 2643/2643/2643 2644/2644/2644 2645/2645/2645
f 2646/2646/2646 2647/2647/2647 2648/2648/2648
f 2649/2649/2649 2650/2650/2650 2651/2651/2651
f 2652/2652/2652 2653/2653/2653 2654/2654/2654
f 2655/2655/2655 2656/2656/2656 2657/2657/2657
f 2658/2658/2658 2659/2659/2659 2660/2660/2660
o cap_brim
usemtl black
v 0.28999999165534973 1.5907278782207255 0.5315780533293932
v 0.28999999165534973 1.6582754514015432 0.19835541335837992
v 0.28999999165534973 1.541724548598457 0.5216445866416201
v 0.28999999165534973 1.6092721217792747 0.1884219466706067
v -0.28999999165534973 1.6582754514015432 0.19835541335837992
v -0.28999999165534973 1.5907278782207255 0.5315780533293932
v -0.28999999165534973 1.6092721217792747 0.1884219466706067
v -0.28999999165534973 1.541724548598457 0.5216445866416201
v -0.28999999165534973 1.6582754514015432 0.19835541335837992
v 0.28999999165534973 1.6582754514015432 0.19835541335837992
v -0.28999999165534973 1.5907278782207255 0.5315780533293932
v 0.28999999165534973 1.5907278782207255 0.5315780533293932
v -0.28999999165534973 1.541724548598457 0.5216445866416201
v 0.28999999165534973 1.541724548598457 0.5216445866416201
v -0.28999999165534973 1.6092721217792747 0.1884219466706067
v 0.28999999165534973 1.6092721217792747 0.1884219466706067
v -0.28999999165534973 1.5907278782207255 0.5315780533293932
v 0.28999999165534973 1.5907278782207255 0.5315780533293932
v -0.28999999165534973 1.541724548598457 0.5216445866416201
v 0.28999999165534973 1.541724548598457 0.5216445866416201
v 0.28999999165534973 1.6582754514015432 0.19835541335837992
v -0.28999999165534973 1.6582754514015432 0.19835541335837992
v 0.28999999165534973 1.6092721217792747 0.1884219466706067
v -0.28999999165534973 1.6092721217792747 0.1884219466706067
vt 0 1
vt 1 1
vt 0 0
vt 1 0
vt 0 1
vt 1 1
vt 0 0
vt 1 0
vt 0 1
vt 1 1
vt 0 0
vt 1 0
vt 0 1
vt 1 1
vt 0 0
vt 1 0
vt 0 1
vt 1 1
vt 0 0
vt 1 0
vt 0 1
vt 1 1
vt 0 0
vt 1 0
vn 1 0 0
vn 1 0 0
vn 1 0 0
vn 1 0 0
vn -1 0 0
vn -1 0 0
vn -1 0 0
vn -1 0 0
vn 0 0.9800665778412416 0.19866933079506124
vn 0 0.9800665778412416 0.19866933079506124
vn 0 0.9800665778412416 0.19866933079506124
vn 0 0.9800665778412416 0.19866933079506124
vn 0 -0.9800665778412416 -0.19866933079506124
vn 0 -0.9800665778412416 -0.19866933079506124
vn 0 -0.9800665778412416 -0.19866933079506124
vn 0 -0.9800665778412416 -0.19866933079506124
vn 0 -0.19866933079506124 0.9800665778412416
vn 0 -0.19866933079506124 0.9800665778412416
vn 0 -0.19866933079506124 0.9800665778412416
vn 0 -0.19866933079506124 0.9800665778412416
vn 0 0.19866933079506124 -0.9800665778412416
vn 0 0.19866933079506124 -0.9800665778412416
vn 0 0.19866933079506124 -0.9800665778412416
vn 0 0.19866933079506124 -0.9800665778412416
f 2661/2661/2661 2663/2663/2663 2662/2662/2662
f 2663/2663/2663 2664/2664/2664 2662/2662/2662
f 2665/2665/2665 2667/2667/2667 2666/2666/2666
f 2667/2667/2667 2668/2668/2668 2666/2666/2666
f 2669/2669/2669 2671/2671/2671 2670/2670/2670
f 2671/2671/2671 2672/2672/2672 2670/2670/2670
f 2673/2673/2673 2675/2675/2675 2674/2674/2674
f 2675/2675/2675 2676/2676/2676 2674/2674/2674
f 2677/2677/2677 2679/2679/2679 2678/2678/2678
f 2679/2679/2679 2680/2680/2680 2678/2678/2678
f 2681/2681/2681 2683/2683/2683 2682/2682/2682
f 2683/2683/2683 2684/2684/2684 2682/2682/2682
o cap_badge
usemtl brass
v -0.05274035036563873 1.7 0.4130381315946579
v 0 1.7423739276826382 0.4210961401462555
v -0.032595328986644745 1.7685624554753303 0.4
v 0 1.7423739276826382 0.4210961401462555
v 0.032595328986644745 1.7685624554753303 0.4
v -0.032595328986644745 1.7685624554753303 0.4
v 0.032595328986644745 1.7685624554753303 0.4
v 0 1.7423739276826382 0.37890385985374453
v -0.032595328986644745 1.7685624554753303 0.4
v 0 1.7423739276826382 0.37890385985374453
v -0.05274035036563873 1.7 0.38696186840534214
v -0.032595328986644745 1.7685624554753303 0.4
v -0.05274035036563873 1.7 0.38696186840534214
v -0.05274035036563873 1.7 0.4130381315946579
v -0.032595328986644745 1.7685624554753303 0.4
v 0 1.7423739276826382 0.4210961401462555
v 0.05274035036563873 1.7 0.4130381315946579
v 0.032595328986644745 1.7685624554753303 0.4
v -0.05274035036563873 1.7 0.4130381315946579
v 0 1.6576260723173617 0.4210961401462555
v 0 1.7423739276826382 0.4210961401462555
v -0.05274035036563873 1.7 0.38696186840534214
v -0.032595328986644745 1.6314375445246696 0.4
v -0.05274035036563873 1.7 0.4130381315946579
v 0 1.7423739276826382 0.37890385985374453
v 0 1.6576260723173617 0.37890385985374453
v -0.05274035036563873 1.7 0.38696186840534214
v 0.032595328986644745 1.7685624554753303 0.4
v 0.05274035036563873 1.7 0.38696186840534214
v 0 1.7423739276826382 0.37890385985374453
v 0.05274035036563873 1.7 0.4130381315946579
v 0 1.6576260723173617 0.4210961401462555
v 0.032595328986644745 1.6314375445246696 0.4
v 0 1.6576260723173617 0.4210961401462555
v -0.032595328986644745 1.6314375445246696 0.4
v 0.032595328986644745 1.6314375445246696 0.4
v -0.032595328986644745 1.6314375445246696 0.4
v 0 1.6576260723173617 0.37890385985374453
v 0.032595328986644745 1.6314375445246696 0.4
v 0 1.6576260723173617 0.37890385985374453
v 0.05274035036563873 1.7 0.38696186840534214
v 0.032595328986644745 1.6314375445246696 0.4
v 0.05274035036563873 1.7 0.38696186840534214
v 0.05274035036563873 1.7 0.4130381315946579
v 0.032595328986644745 1.6314375445246696 0.4
v 0.05274035036563873 1.7 0.4130381315946579
v 0 1.7423739276826382 0.4210961401462555
v 0 1.6576260723173617 0.4210961401462555
v 0 1.6576260723173617 0.4210961401462555
v -0.05274035036563873 1.7 0.4130381315946579
v -0.032595328986644745 1.6314375445246696 0.4
v -0.032595328986644745 1.6314375445246696 0.4
v -0.05274035036563873 1.7 0.38696186840534214
v 0 1.6576260723173617 0.37890385985374453
v 0 1.6576260723173617 0.37890385985374453
v 0 1.7423739276826382 0.37890385985374453
v 0.05274035036563873 1.7 0.38696186840534214
v 0.05274035036563873 1.7 0.38696186840534214
v 0.032595328986644745 1.7685624554753303 0.4
v 0.05274035036563873 1.7 0.4130381315946579
vt 0.5881040692329407 0.5
vt 0.75 0.6762081980705261
vt 0.5 0.8237918019294739
vt 0.75 0.6762081980705261
vt 1 0.8237918019294739
vt 0.5 0.8237918019294739
vt 0 0.8237918019294739
vt 0.25 0.6762081980705261
vt 0.5 0.8237918019294739
vt 0.25 0.6762081980705261
vt 0.41189590096473694 0.5
vt 0.5 0.8237918019294739
vt 0.41189590096473694 0.5
vt 0.5881040692329407 0.5
vt 0.5 0.8237918019294739
vt 0.75 0.6762081980705261
vt 0.9118959307670593 0.5
vt 1 0.8237918019294739
vt 0.5881040692329407 0.5
vt 0.75 0.3237918019294739
vt 0.75 0.6762081980705261
vt 0.41189590096473694 0.5
vt 0.5 0.17620819807052612
vt 0.5881040692329407 0.5
vt 0.25 0.6762081980705261
vt 0.25 0.3237918019294739
vt 0.41189590096473694 0.5
vt 0 0.8237918019294739
vt 0.08810409903526306 0.5
vt 0.25 0.6762081980705261
vt 0.9118959307670593 0.5
vt 0.75 0.3237918019294739
vt 1 0.17620819807052612
vt 0.75 0.3237918019294739
vt 0.5 0.17620819807052612
vt 1 0.17620819807052612
vt 0.5 0.17620819807052612
vt 0.25 0.3237918019294739
vt 0 0.17620819807052612
vt 0.25 0.3237918019294739
vt 0.08810409903526306 0.5
vt 0 0.17620819807052612
vt 1.0881041288375854 0.5
vt 0.9118959307670593 0.5
vt 1 0.17620819807052612
vt 0.9118959307670593 0.5
vt 0.75 0.6762081980705261
vt 0.75 0.3237918019294739
vt 0.75 0.3237918019294739
vt 0.5881040692329407 0.5
vt 0.5 0.17620819807052612
vt 0.5 0.17620819807052612
vt 0.41189590096473694 0.5
vt 0.25 0.3237918019294739
vt 0.25 0.3237918019294739
vt 0.25 0.6762081980705261
vt 0.08810409903526306 0.5
vt 1.0881041288375854 0.5
vt 1 0.8237918019294739
vt 0.9118959307670593 0.5
vn -0.3571037788198093 0.27469521447677636 0.8927594470495233
vn -0.3571037788198093 0.27469521447677636 0.8927594470495233
vn -0.3571037788198093 0.27469521447677636 0.8927594470495233
vn 0 0.6273264346313456 0.7787564089063566
vn 0 0.6273264346313456 0.7787564089063566
vn 0 0.6273264346313456 0.7787564089063566
vn 0 0.6273264346313456 -0.7787564089063566
vn 0 0.6273264346313456 -0.7787564089063566
vn 0 0.6273264346313456 -0.7787564089063566
vn -0.3571037788198093 0.27469521447677636 -0.8927594470495233
vn -0.3571037788198093 0.27469521447677636 -0.8927594470495233
vn -0.3571037788198093 0.27469521447677636 -0.8927594470495233
vn -0.9594427749147396 0.2819034616032658 0
vn -0.9594427749147396 0.2819034616032658 0
vn -0.9594427749147396 0.2819034616032658 0
vn 0.3571037788198093 0.27469521447677636 0.8927594470495233
vn 0.3571037788198093 0.27469521447677636 0.8927594470495233
vn 0.3571037788198093 0.27469521447677636 0.8927594470495233
vn -0.15103372004107066 0 0.9885286113262253
vn -0.15103372004107066 0 0.9885286113262253
vn -0.15103372004107066 0 0.9885286113262253
vn -0.9594427749147396 -0.2819034616032658 0
vn -0.9594427749147396 -0.2819034616032658 0
vn -0.9594427749147396 -0.2819034616032658 0
vn -0.15103372004107066 0 -0.9885286113262253
vn -0.15103372004107066 0 -0.9885286113262253
vn -0.15103372004107066 0 -0.9885286113262253
vn 0.3571037788198093 0.27469521447677636 -0.8927594470495233
vn 0.3571037788198093 0.27469521447677636 -0.8927594470495233
vn 0.3571037788198093 0.27469521447677636 -0.8927594470495233
vn 0.3571037788198093 -0.27469521447677636 0.8927594470495233
vn 0.3571037788198093 -0.27469521447677636 0.8927594470495233
vn 0.3571037788198093 -0.27469521447677636 0.8927594470495233
vn 0 -0.6273264346313456 0.7787564089063566
vn 0 -0.6273264346313456 0.7787564089063566
vn 0 -0.6273264346313456 0.7787564089063566
vn 0 -0.6273264346313456 -0.7787564089063566
vn 0 -0.6273264346313456 -0.7787564089063566
vn 0 -0.6273264346313456 -0.7787564089063566
vn 0.3571037788198093 -0.27469521447677636 -0.8927594470495233
vn 0.3571037788198093 -0.27469521447677636 -0.8927594470495233
vn 0.3571037788198093 -0.27469521447677636 -0.8927594470495233
vn 0.9594427749147396 -0.2819034616032658 0
vn 0.9594427749147396 -0.2819034616032658 0
vn 0.9594427749147396 -0.2819034616032658 0
vn 0.15103372004107066 0 0.9885286113262253
vn 0.15103372004107066 0 0.9885286113262253
vn 0.15103372004107066 0 0.9885286113262253
vn -0.3571037788198093 -0.27469521447677636 0.8927594470495233
vn -0.3571037788198093 -0.27469521447677636 0.8927594470495233
vn -0.3571037788198093 -0.27469521447677636 0.8927594470495233
vn -0.3571037788198093 -0.27469521447677636 -0.8927594470495233
vn -0.3571037788198093 -0.27469521447677636 -0.8927594470495233
vn -0.3571037788198093 -0.27469521447677636 -0.8927594470495233
vn 0.15103372004107066 0 -0.9885286113262253
vn 0.15103372004107066 0 -0.9885286113262253
vn 0.15103372004107066 0 -0.9885286113262253
vn 0.9594427749147396 0.2819034616032658 0
vn 0.9594427749147396 0.2819034616032658 0
vn 0.9594427749147396 0.2819034616032658 0
f 2685/2685/2685 2686/2686/2686 2687/2687/2687
f 2688/2688/2688 2689/2689/2689 2690/2690/2690
f 2691/2691/2691 2692/2692/2692 2693/2693/2693
f 2694/2694/2694 2695/2695/2695 2696/2696/2696
f 2697/2697/2697 2698/2698/2698 2699/2699/2699
f 2700/2700/2700 2701/2701/2701 2702/2702/2702
f 2703/2703/2703 2704/2704/2704 2705/2705/2705
f 2706/2706/2706 2707/2707/2707 2708/2708/2708
f 2709/2709/2709 2710/2710/2710 2711/2711/2711
f 2712/2712/2712 2713/2713/2713 2714/2714/2714
f 2715/2715/2715 2716/2716/2716 2717/2717/2717
f 2718/2718/2718 2719/2719/2719 2720/2720/2720
f 2721/2721/2721 2722/2722/2722 2723/2723/2723
f 2724/2724/2724 2725/2725/2725 2726/2726/2726
f 2727/2727/2727 2728/2728/2728 2729/2729/2729
f 2730/2730/2730 2731/2731/2731 2732/2732/2732
f 2733/2733/2733 2734/2734/2734 2735/2735/2735
f 2736/2736/2736 2737/2737/2737 2738/2738/2738
f 2739/2739/2739 2740/2740/2740 2741/2741/2741
f 2742/2742/2742 2743/2743/2743 2744/2744/2744
o neck
usemtl steelD
v 0 1.080000001490116 0.10000000149011612
v 0.05877852439880371 1.080000001490116 0.08090169727802277
v 0.09510564804077148 1.080000001490116 0.030901700258255005
v 0.09510564804077148 1.080000001490116 -0.030901700258255005
v 0.05877852439880371 1.080000001490116 -0.08090169727802277
v 1.2246467698671066e-17 1.080000001490116 -0.10000000149011612
v -0.05877852439880371 1.080000001490116 -0.08090169727802277
v -0.09510564804077148 1.080000001490116 -0.030901700258255005
v -0.09510564804077148 1.080000001490116 0.030901700258255005
v -0.05877852439880371 1.080000001490116 0.08090169727802277
v -2.4492935397342132e-17 1.080000001490116 0.10000000149011612
v 0 0.8799999985098839 0.11999999731779099
v 0.07053422927856445 0.8799999985098839 0.09708204120397568
v 0.1141267791390419 0.8799999985098839 0.037082038819789886
v 0.1141267791390419 0.8799999985098839 -0.037082038819789886
v 0.07053422927856445 0.8799999985098839 -0.09708204120397568
v 1.469576190014977e-17 0.8799999985098839 -0.11999999731779099
v -0.07053422927856445 0.8799999985098839 -0.09708204120397568
v -0.1141267791390419 0.8799999985098839 -0.037082038819789886
v -0.1141267791390419 0.8799999985098839 0.037082038819789886
v -0.07053422927856445 0.8799999985098839 0.09708204120397568
v -2.939152380029954e-17 0.8799999985098839 0.11999999731779099
v 0 1.080000001490116 0
v 0 1.080000001490116 0
v 0 1.080000001490116 0
v 0 1.080000001490116 0
v 0 1.080000001490116 0
v 0 1.080000001490116 0
v 0 1.080000001490116 0
v 0 1.080000001490116 0
v 0 1.080000001490116 0
v 0 1.080000001490116 0
v 0 1.080000001490116 0.10000000149011612
v 0.05877852439880371 1.080000001490116 0.08090169727802277
v 0.09510564804077148 1.080000001490116 0.030901700258255005
v 0.09510564804077148 1.080000001490116 -0.030901700258255005
v 0.05877852439880371 1.080000001490116 -0.08090169727802277
v 1.2246467698671066e-17 1.080000001490116 -0.10000000149011612
v -0.05877852439880371 1.080000001490116 -0.08090169727802277
v -0.09510564804077148 1.080000001490116 -0.030901700258255005
v -0.09510564804077148 1.080000001490116 0.030901700258255005
v -0.05877852439880371 1.080000001490116 0.08090169727802277
v -2.4492935397342132e-17 1.080000001490116 0.10000000149011612
v 0 0.8799999985098839 0
v 0 0.8799999985098839 0
v 0 0.8799999985098839 0
v 0 0.8799999985098839 0
v 0 0.8799999985098839 0
v 0 0.8799999985098839 0
v 0 0.8799999985098839 0
v 0 0.8799999985098839 0
v 0 0.8799999985098839 0
v 0 0.8799999985098839 0
v 0 0.8799999985098839 0.11999999731779099
v 0.07053422927856445 0.8799999985098839 0.09708204120397568
v 0.1141267791390419 0.8799999985098839 0.037082038819789886
v 0.1141267791390419 0.8799999985098839 -0.037082038819789886
v 0.07053422927856445 0.8799999985098839 -0.09708204120397568
v 1.469576190014977e-17 0.8799999985098839 -0.11999999731779099
v -0.07053422927856445 0.8799999985098839 -0.09708204120397568
v -0.1141267791390419 0.8799999985098839 -0.037082038819789886
v -0.1141267791390419 0.8799999985098839 0.037082038819789886
v -0.07053422927856445 0.8799999985098839 0.09708204120397568
v -2.939152380029954e-17 0.8799999985098839 0.11999999731779099
vt 0 1
vt 0.10000000149011612 1
vt 0.20000000298023224 1
vt 0.30000001192092896 1
vt 0.4000000059604645 1
vt 0.5 1
vt 0.6000000238418579 1
vt 0.699999988079071 1
vt 0.800000011920929 1
vt 0.8999999761581421 1
vt 1 1
vt 0 0
vt 0.10000000149011612 0
vt 0.20000000298023224 0
vt 0.30000001192092896 0
vt 0.4000000059604645 0
vt 0.5 0
vt 0.6000000238418579 0
vt 0.699999988079071 0
vt 0.800000011920929 0
vt 0.8999999761581421 0
vt 1 0
vt 0.5 0.5
vt 0.5 0.5
vt 0.5 0.5
vt 0.5 0.5
vt 0.5 0.5
vt 0.5 0.5
vt 0.5 0.5
vt 0.5 0.5
vt 0.5 0.5
vt 0.5 0.5
vt 1 0.5
vt 0.9045084714889526 0.7938926219940186
vt 0.6545084714889526 0.9755282402038574
vt 0.345491498708725 0.9755282402038574
vt 0.09549150615930557 0.7938926219940186
vt 0 0.5
vt 0.09549150615930557 0.20610737800598145
vt 0.345491498708725 0.024471741169691086
vt 0.6545084714889526 0.024471741169691086
vt 0.9045084714889526 0.20610737800598145
vt 1 0.5
vt 0.5 0.5
vt 0.5 0.5
vt 0.5 0.5
vt 0.5 0.5
vt 0.5 0.5
vt 0.5 0.5
vt 0.5 0.5
vt 0.5 0.5
vt 0.5 0.5
vt 0.5 0.5
vt 1 0.5
vt 0.9045084714889526 0.20610737800598145
vt 0.6545084714889526 0.024471741169691086
vt 0.345491498708725 0.024471741169691086
vt 0.09549150615930557 0.20610737800598145
vt 0 0.5
vt 0.09549150615930557 0.7938926219940186
vt 0.345491498708725 0.9755282402038574
vt 0.6545084714889526 0.9755282402038574
vt 0.9045084714889526 0.7938926219940186
vt 1 0.5
vn 0 0.09950371754563643 0.9950371903575255
vn 0.5848682011318606 0.09950371975570833 0.8050019857488295
vn 0.9463366053135059 0.09950371603561549 0.30748339782631073
vn 0.9463366053135059 0.09950371603561549 -0.30748339782631073
vn 0.5848682011318606 0.09950371975570833 -0.8050019857488295
vn 1.218569117049792e-16 0.09950371754563643 -0.9950371903575255
vn -0.5848682011318606 0.09950371975570833 -0.8050019857488295
vn -0.9463366053135059 0.09950371603561549 -0.30748339782631073
vn -0.9463366053135059 0.09950371603561549 0.30748339782631073
vn -0.5848682011318606 0.09950371975570833 0.8050019857488295
vn -2.437138234099584e-16 0.09950371754563643 0.9950371903575255
vn 0 0.09950371754563643 0.9950371903575255
vn 0.5848682011318606 0.09950371975570833 0.8050019857488295
vn 0.9463366053135059 0.09950371603561549 0.30748339782631073
vn 0.9463366053135059 0.09950371603561549 -0.30748339782631073
vn 0.5848682011318606 0.09950371975570833 -0.8050019857488295
vn 1.218569117049792e-16 0.09950371754563643 -0.9950371903575255
vn -0.5848682011318606 0.09950371975570833 -0.8050019857488295
vn -0.9463366053135059 0.09950371603561549 -0.30748339782631073
vn -0.9463366053135059 0.09950371603561549 0.30748339782631073
vn -0.5848682011318606 0.09950371975570833 0.8050019857488295
vn -2.437138234099584e-16 0.09950371754563643 0.9950371903575255
vn 0 1 0
vn 0 1 0
vn 0 1 0
vn 0 1 0
vn 0 1 0
vn 0 1 0
vn 0 1 0
vn 0 1 0
vn 0 1 0
vn 0 1 0
vn 0 1 0
vn 0 1 0
vn 0 1 0
vn 0 1 0
vn 0 1 0
vn 0 1 0
vn 0 1 0
vn 0 1 0
vn 0 1 0
vn 0 1 0
vn 0 1 0
vn 0 -1 0
vn 0 -1 0
vn 0 -1 0
vn 0 -1 0
vn 0 -1 0
vn 0 -1 0
vn 0 -1 0
vn 0 -1 0
vn 0 -1 0
vn 0 -1 0
vn 0 -1 0
vn 0 -1 0
vn 0 -1 0
vn 0 -1 0
vn 0 -1 0
vn 0 -1 0
vn 0 -1 0
vn 0 -1 0
vn 0 -1 0
vn 0 -1 0
vn 0 -1 0
f 2745/2745/2745 2756/2756/2756 2746/2746/2746
f 2756/2756/2756 2757/2757/2757 2746/2746/2746
f 2746/2746/2746 2757/2757/2757 2747/2747/2747
f 2757/2757/2757 2758/2758/2758 2747/2747/2747
f 2747/2747/2747 2758/2758/2758 2748/2748/2748
f 2758/2758/2758 2759/2759/2759 2748/2748/2748
f 2748/2748/2748 2759/2759/2759 2749/2749/2749
f 2759/2759/2759 2760/2760/2760 2749/2749/2749
f 2749/2749/2749 2760/2760/2760 2750/2750/2750
f 2760/2760/2760 2761/2761/2761 2750/2750/2750
f 2750/2750/2750 2761/2761/2761 2751/2751/2751
f 2761/2761/2761 2762/2762/2762 2751/2751/2751
f 2751/2751/2751 2762/2762/2762 2752/2752/2752
f 2762/2762/2762 2763/2763/2763 2752/2752/2752
f 2752/2752/2752 2763/2763/2763 2753/2753/2753
f 2763/2763/2763 2764/2764/2764 2753/2753/2753
f 2753/2753/2753 2764/2764/2764 2754/2754/2754
f 2764/2764/2764 2765/2765/2765 2754/2754/2754
f 2754/2754/2754 2765/2765/2765 2755/2755/2755
f 2765/2765/2765 2766/2766/2766 2755/2755/2755
f 2777/2777/2777 2778/2778/2778 2767/2767/2767
f 2778/2778/2778 2779/2779/2779 2768/2768/2768
f 2779/2779/2779 2780/2780/2780 2769/2769/2769
f 2780/2780/2780 2781/2781/2781 2770/2770/2770
f 2781/2781/2781 2782/2782/2782 2771/2771/2771
f 2782/2782/2782 2783/2783/2783 2772/2772/2772
f 2783/2783/2783 2784/2784/2784 2773/2773/2773
f 2784/2784/2784 2785/2785/2785 2774/2774/2774
f 2785/2785/2785 2786/2786/2786 2775/2775/2775
f 2786/2786/2786 2787/2787/2787 2776/2776/2776
f 2799/2799/2799 2798/2798/2798 2788/2788/2788
f 2800/2800/2800 2799/2799/2799 2789/2789/2789
f 2801/2801/2801 2800/2800/2800 2790/2790/2790
f 2802/2802/2802 2801/2801/2801 2791/2791/2791
f 2803/2803/2803 2802/2802/2802 2792/2792/2792
f 2804/2804/2804 2803/2803/2803 2793/2793/2793
f 2805/2805/2805 2804/2804/2804 2794/2794/2794
f 2806/2806/2806 2805/2805/2805 2795/2795/2795
f 2807/2807/2807 2806/2806/2806 2796/2796/2796
f 2808/2808/2808 2807/2807/2807 2797/2797/2797
o torso_body
usemtl navy
v 0 0.9700000023841858 0.25999999046325684
v 0.15282416343688965 0.9700000023841858 0.21034441888332367
v 0.24727469682693481 0.9700000023841858 0.08034441620111465
v 0.24727469682693481 0.9700000023841858 -0.08034441620111465
v 0.15282416343688965 0.9700000023841858 -0.21034441888332367
v 3.1840815520236404e-17 0.9700000023841858 -0.25999999046325684
v -0.15282416343688965 0.9700000023841858 -0.21034441888332367
v -0.24727469682693481 0.9700000023841858 -0.08034441620111465
v -0.24727469682693481 0.9700000023841858 0.08034441620111465
v -0.15282416343688965 0.9700000023841858 0.21034441888332367
v -6.368163104047281e-17 0.9700000023841858 0.25999999046325684
v 0 0.34999999761581424 0.36000001430511475
v 0.21160268783569336 0.34999999761581424 0.29124611616134644
v 0.3423803448677063 0.34999999761581424 0.11124611645936966
v 0.3423803448677063 0.34999999761581424 -0.11124611645936966
v 0.21160268783569336 0.34999999761581424 -0.29124611616134644
v 4.408728404608808e-17 0.34999999761581424 -0.36000001430511475
v -0.21160268783569336 0.34999999761581424 -0.29124611616134644
v -0.3423803448677063 0.34999999761581424 -0.11124611645936966
v -0.3423803448677063 0.34999999761581424 0.11124611645936966
v -0.21160268783569336 0.34999999761581424 0.29124611616134644
v -8.817456809217617e-17 0.34999999761581424 0.36000001430511475
v 0 0.9700000023841858 0
v 0 0.9700000023841858 0
v 0 0.9700000023841858 0
v 0 0.9700000023841858 0
v 0 0.9700000023841858 0
v 0 0.9700000023841858 0
v 0 0.9700000023841858 0
v 0 0.9700000023841858 0
v 0 0.9700000023841858 0
v 0 0.9700000023841858 0
v 0 0.9700000023841858 0.25999999046325684
v 0.15282416343688965 0.9700000023841858 0.21034441888332367
v 0.24727469682693481 0.9700000023841858 0.08034441620111465
v 0.24727469682693481 0.9700000023841858 -0.08034441620111465
v 0.15282416343688965 0.9700000023841858 -0.21034441888332367
v 3.1840815520236404e-17 0.9700000023841858 -0.25999999046325684
v -0.15282416343688965 0.9700000023841858 -0.21034441888332367
v -0.24727469682693481 0.9700000023841858 -0.08034441620111465
v -0.24727469682693481 0.9700000023841858 0.08034441620111465
v -0.15282416343688965 0.9700000023841858 0.21034441888332367
v -6.368163104047281e-17 0.9700000023841858 0.25999999046325684
v 0 0.34999999761581424 0
v 0 0.34999999761581424 0
v 0 0.34999999761581424 0
v 0 0.34999999761581424 0
v 0 0.34999999761581424 0
v 0 0.34999999761581424 0
v 0 0.34999999761581424 0
v 0 0.34999999761581424 0
v 0 0.34999999761581424 0
v 0 0.34999999761581424 0
v 0 0.34999999761581424 0.36000001430511475
v 0.21160268783569336 0.34999999761581424 0.29124611616134644
v 0.3423803448677063 0.34999999761581424 0.11124611645936966
v 0.3423803448677063 0.34999999761581424 -0.11124611645936966
v 0.21160268783569336 0.34999999761581424 -0.29124611616134644
v 4.408728404608808e-17 0.34999999761581424 -0.36000001430511475
v -0.21160268783569336 0.34999999761581424 -0.29124611616134644
v -0.3423803448677063 0.34999999761581424 -0.11124611645936966
v -0.3423803448677063 0.34999999761581424 0.11124611645936966
v -0.21160268783569336 0.34999999761581424 0.29124611616134644
v -8.817456809217617e-17 0.34999999761581424 0.36000001430511475
vt 0 1
vt 0.10000000149011612 1
vt 0.20000000298023224 1
vt 0.30000001192092896 1
vt 0.4000000059604645 1
vt 0.5 1
vt 0.6000000238418579 1
vt 0.699999988079071 1
vt 0.800000011920929 1
vt 0.8999999761581421 1
vt 1 1
vt 0 0
vt 0.10000000149011612 0
vt 0.20000000298023224 0
vt 0.30000001192092896 0
vt 0.4000000059604645 0
vt 0.5 0
vt 0.6000000238418579 0
vt 0.699999988079071 0
vt 0.800000011920929 0
vt 0.8999999761581421 0
vt 1 0
vt 0.5 0.5
vt 0.5 0.5
vt 0.5 0.5
vt 0.5 0.5
vt 0.5 0.5
vt 0.5 0.5
vt 0.5 0.5
vt 0.5 0.5
vt 0.5 0.5
vt 0.5 0.5
vt 1 0.5
vt 0.9045084714889526 0.7938926219940186
vt 0.6545084714889526 0.9755282402038574
vt 0.345491498708725 0.9755282402038574
vt 0.09549150615930557 0.7938926219940186
vt 0 0.5
vt 0.09549150615930557 0.20610737800598145
vt 0.345491498708725 0.024471741169691086
vt 0.6545084714889526 0.024471741169691086
vt 0.9045084714889526 0.20610737800598145
vt 1 0.5
vt 0.5 0.5
vt 0.5 0.5
vt 0.5 0.5
vt 0.5 0.5
vt 0.5 0.5
vt 0.5 0.5
vt 0.5 0.5
vt 0.5 0.5
vt 0.5 0.5
vt 0.5 0.5
vt 1 0.5
vt 0.9045084714889526 0.20610737800598145
vt 0.6545084714889526 0.024471741169691086
vt 0.345491498708725 0.024471741169691086
vt 0.09549150615930557 0.20610737800598145
vt 0 0.5
vt 0.09549150615930557 0.7938926219940186
vt 0.345491498708725 0.9755282402038574
vt 0.6545084714889526 0.9755282402038574
vt 0.9045084714889526 0.7938926219940186
vt 1 0.5
vn 0 0.15923243320268154 0.9872411216194116
vn 0.5802857799517868 0.1592324355167601 0.7986948385116479
vn 0.9389221045910091 0.15923243716482544 0.3050742736858354
vn 0.9389221045910091 0.15923243716482544 -0.3050742736858354
vn 0.5802857799517868 0.1592324355167601 -0.7986948385116479
vn 1.2090217082175971e-16 0.15923243320268154 -0.9872411216194116
vn -0.5802857799517868 0.1592324355167601 -0.7986948385116479
vn -0.9389221045910091 0.15923243716482544 -0.3050742736858354
vn -0.9389221045910091 0.15923243716482544 0.3050742736858354
vn -0.5802857799517868 0.1592324355167601 0.7986948385116479
vn -2.4180434164351943e-16 0.15923243320268154 0.9872411216194116
vn 0 0.15923243320268154 0.9872411216194116
vn 0.5802857799517868 0.1592324355167601 0.7986948385116479
vn 0.9389221045910091 0.15923243716482544 0.3050742736858354
vn 0.9389221045910091 0.15923243716482544 -0.3050742736858354
vn 0.5802857799517868 0.1592324355167601 -0.7986948385116479
vn 1.2090217082175971e-16 0.15923243320268154 -0.9872411216194116
vn -0.5802857799517868 0.1592324355167601 -0.7986948385116479
vn -0.9389221045910091 0.15923243716482544 -0.3050742736858354
vn -0.9389221045910091 0.15923243716482544 0.3050742736858354
vn -0.5802857799517868 0.1592324355167601 0.7986948385116479
vn -2.4180434164351943e-16 0.15923243320268154 0.9872411216194116
vn 0 1 0
vn 0 1 0
vn 0 1 0
vn 0 1 0
vn 0 1 0
vn 0 1 0
vn 0 1 0
vn 0 1 0
vn 0 1 0
vn 0 1 0
vn 0 1 0
vn 0 1 0
vn 0 1 0
vn 0 1 0
vn 0 1 0
vn 0 1 0
vn 0 1 0
vn 0 1 0
vn 0 1 0
vn 0 1 0
vn 0 1 0
vn 0 -1 0
vn 0 -1 0
vn 0 -1 0
vn 0 -1 0
vn 0 -1 0
vn 0 -1 0
vn 0 -1 0
vn 0 -1 0
vn 0 -1 0
vn 0 -1 0
vn 0 -1 0
vn 0 -1 0
vn 0 -1 0
vn 0 -1 0
vn 0 -1 0
vn 0 -1 0
vn 0 -1 0
vn 0 -1 0
vn 0 -1 0
vn 0 -1 0
vn 0 -1 0
f 2809/2809/2809 2820/2820/2820 2810/2810/2810
f 2820/2820/2820 2821/2821/2821 2810/2810/2810
f 2810/2810/2810 2821/2821/2821 2811/2811/2811
f 2821/2821/2821 2822/2822/2822 2811/2811/2811
f 2811/2811/2811 2822/2822/2822 2812/2812/2812
f 2822/2822/2822 2823/2823/2823 2812/2812/2812
f 2812/2812/2812 2823/2823/2823 2813/2813/2813
f 2823/2823/2823 2824/2824/2824 2813/2813/2813
f 2813/2813/2813 2824/2824/2824 2814/2814/2814
f 2824/2824/2824 2825/2825/2825 2814/2814/2814
f 2814/2814/2814 2825/2825/2825 2815/2815/2815
f 2825/2825/2825 2826/2826/2826 2815/2815/2815
f 2815/2815/2815 2826/2826/2826 2816/2816/2816
f 2826/2826/2826 2827/2827/2827 2816/2816/2816
f 2816/2816/2816 2827/2827/2827 2817/2817/2817
f 2827/2827/2827 2828/2828/2828 2817/2817/2817
f 2817/2817/2817 2828/2828/2828 2818/2818/2818
f 2828/2828/2828 2829/2829/2829 2818/2818/2818
f 2818/2818/2818 2829/2829/2829 2819/2819/2819
f 2829/2829/2829 2830/2830/2830 2819/2819/2819
f 2841/2841/2841 2842/2842/2842 2831/2831/2831
f 2842/2842/2842 2843/2843/2843 2832/2832/2832
f 2843/2843/2843 2844/2844/2844 2833/2833/2833
f 2844/2844/2844 2845/2845/2845 2834/2834/2834
f 2845/2845/2845 2846/2846/2846 2835/2835/2835
f 2846/2846/2846 2847/2847/2847 2836/2836/2836
f 2847/2847/2847 2848/2848/2848 2837/2837/2837
f 2848/2848/2848 2849/2849/2849 2838/2838/2838
f 2849/2849/2849 2850/2850/2850 2839/2839/2839
f 2850/2850/2850 2851/2851/2851 2840/2840/2840
f 2863/2863/2863 2862/2862/2862 2852/2852/2852
f 2864/2864/2864 2863/2863/2863 2853/2853/2853
f 2865/2865/2865 2864/2864/2864 2854/2854/2854
f 2866/2866/2866 2865/2865/2865 2855/2855/2855
f 2867/2867/2867 2866/2866/2866 2856/2856/2856
f 2868/2868/2868 2867/2867/2867 2857/2857/2857
f 2869/2869/2869 2868/2868/2868 2858/2858/2858
f 2870/2870/2870 2869/2869/2869 2859/2859/2859
f 2871/2871/2871 2870/2870/2870 2860/2860/2860
f 2872/2872/2872 2871/2871/2871 2861/2861/2861
o torso_placket
usemtl navyD
v 0.07999999821186066 0.960000011920929 0.29999999977648256
v 0.07999999821186066 0.960000011920929 0.2800000002235174
v 0.07999999821186066 0.3599999880790711 0.29999999977648256
v 0.07999999821186066 0.3599999880790711 0.2800000002235174
v -0.07999999821186066 0.960000011920929 0.2800000002235174
v -0.07999999821186066 0.960000011920929 0.29999999977648256
v -0.07999999821186066 0.3599999880790711 0.2800000002235174
v -0.07999999821186066 0.3599999880790711 0.29999999977648256
v -0.07999999821186066 0.960000011920929 0.2800000002235174
v 0.07999999821186066 0.960000011920929 0.2800000002235174
v -0.07999999821186066 0.960000011920929 0.29999999977648256
v 0.07999999821186066 0.960000011920929 0.29999999977648256
v -0.07999999821186066 0.3599999880790711 0.29999999977648256
v 0.07999999821186066 0.3599999880790711 0.29999999977648256
v -0.07999999821186066 0.3599999880790711 0.2800000002235174
v 0.07999999821186066 0.3599999880790711 0.2800000002235174
v -0.07999999821186066 0.960000011920929 0.29999999977648256
v 0.07999999821186066 0.960000011920929 0.29999999977648256
v -0.07999999821186066 0.3599999880790711 0.29999999977648256
v 0.07999999821186066 0.3599999880790711 0.29999999977648256
v 0.07999999821186066 0.960000011920929 0.2800000002235174
v -0.07999999821186066 0.960000011920929 0.2800000002235174
v 0.07999999821186066 0.3599999880790711 0.2800000002235174
v -0.07999999821186066 0.3599999880790711 0.2800000002235174
vt 0 1
vt 1 1
vt 0 0
vt 1 0
vt 0 1
vt 1 1
vt 0 0
vt 1 0
vt 0 1
vt 1 1
vt 0 0
vt 1 0
vt 0 1
vt 1 1
vt 0 0
vt 1 0
vt 0 1
vt 1 1
vt 0 0
vt 1 0
vt 0 1
vt 1 1
vt 0 0
vt 1 0
vn 1 0 0
vn 1 0 0
vn 1 0 0
vn 1 0 0
vn -1 0 0
vn -1 0 0
vn -1 0 0
vn -1 0 0
vn 0 1 0
vn 0 1 0
vn 0 1 0
vn 0 1 0
vn 0 -1 0
vn 0 -1 0
vn 0 -1 0
vn 0 -1 0
vn 0 0 1
vn 0 0 1
vn 0 0 1
vn 0 0 1
vn 0 0 -1
vn 0 0 -1
vn 0 0 -1
vn 0 0 -1
f 2873/2873/2873 2875/2875/2875 2874/2874/2874
f 2875/2875/2875 2876/2876/2876 2874/2874/2874
f 2877/2877/2877 2879/2879/2879 2878/2878/2878
f 2879/2879/2879 2880/2880/2880 2878/2878/2878
f 2881/2881/2881 2883/2883/2883 2882/2882/2882
f 2883/2883/2883 2884/2884/2884 2882/2882/2882
f 2885/2885/2885 2887/2887/2887 2886/2886/2886
f 2887/2887/2887 2888/2888/2888 2886/2886/2886
f 2889/2889/2889 2891/2891/2891 2890/2890/2890
f 2891/2891/2891 2892/2892/2892 2890/2890/2890
f 2893/2893/2893 2895/2895/2895 2894/2894/2894
f 2895/2895/2895 2896/2896/2896 2894/2894/2894
o torso_placket
usemtl navyD
v 0.07999999821186066 0.960000011920929 -0.2800000002235174
v 0.07999999821186066 0.960000011920929 -0.29999999977648256
v 0.07999999821186066 0.3599999880790711 -0.2800000002235174
v 0.07999999821186066 0.3599999880790711 -0.29999999977648256
v -0.07999999821186066 0.960000011920929 -0.29999999977648256
v -0.07999999821186066 0.960000011920929 -0.2800000002235174
v -0.07999999821186066 0.3599999880790711 -0.29999999977648256
v -0.07999999821186066 0.3599999880790711 -0.2800000002235174
v -0.07999999821186066 0.960000011920929 -0.29999999977648256
v 0.07999999821186066 0.960000011920929 -0.29999999977648256
v -0.07999999821186066 0.960000011920929 -0.2800000002235174
v 0.07999999821186066 0.960000011920929 -0.2800000002235174
v -0.07999999821186066 0.3599999880790711 -0.2800000002235174
v 0.07999999821186066 0.3599999880790711 -0.2800000002235174
v -0.07999999821186066 0.3599999880790711 -0.29999999977648256
v 0.07999999821186066 0.3599999880790711 -0.29999999977648256
v -0.07999999821186066 0.960000011920929 -0.2800000002235174
v 0.07999999821186066 0.960000011920929 -0.2800000002235174
v -0.07999999821186066 0.3599999880790711 -0.2800000002235174
v 0.07999999821186066 0.3599999880790711 -0.2800000002235174
v 0.07999999821186066 0.960000011920929 -0.29999999977648256
v -0.07999999821186066 0.960000011920929 -0.29999999977648256
v 0.07999999821186066 0.3599999880790711 -0.29999999977648256
v -0.07999999821186066 0.3599999880790711 -0.29999999977648256
vt 0 1
vt 1 1
vt 0 0
vt 1 0
vt 0 1
vt 1 1
vt 0 0
vt 1 0
vt 0 1
vt 1 1
vt 0 0
vt 1 0
vt 0 1
vt 1 1
vt 0 0
vt 1 0
vt 0 1
vt 1 1
vt 0 0
vt 1 0
vt 0 1
vt 1 1
vt 0 0
vt 1 0
vn 1 0 0
vn 1 0 0
vn 1 0 0
vn 1 0 0
vn -1 0 0
vn -1 0 0
vn -1 0 0
vn -1 0 0
vn 0 1 0
vn 0 1 0
vn 0 1 0
vn 0 1 0
vn 0 -1 0
vn 0 -1 0
vn 0 -1 0
vn 0 -1 0
vn 0 0 1
vn 0 0 1
vn 0 0 1
vn 0 0 1
vn 0 0 -1
vn 0 0 -1
vn 0 0 -1
vn 0 0 -1
f 2897/2897/2897 2899/2899/2899 2898/2898/2898
f 2899/2899/2899 2900/2900/2900 2898/2898/2898
f 2901/2901/2901 2903/2903/2903 2902/2902/2902
f 2903/2903/2903 2904/2904/2904 2902/2902/2902
f 2905/2905/2905 2907/2907/2907 2906/2906/2906
f 2907/2907/2907 2908/2908/2908 2906/2906/2906
f 2909/2909/2909 2911/2911/2911 2910/2910/2910
f 2911/2911/2911 2912/2912/2912 2910/2910/2910
f 2913/2913/2913 2915/2915/2915 2914/2914/2914
f 2915/2915/2915 2916/2916/2916 2914/2914/2914
f 2917/2917/2917 2919/2919/2919 2918/2918/2918
f 2919/2919/2919 2920/2920/2920 2918/2918/2918
o uniform_button
usemtl brass
v -0.022116921842098236 0.86 0.3136690093204379
v 0 0.8736690093204379 0.3221169218420982
v -0.013669009320437908 0.8821169218420982 0.3
v 0 0.8736690093204379 0.3221169218420982
v 0.013669009320437908 0.8821169218420982 0.3
v -0.013669009320437908 0.8821169218420982 0.3
v 0.013669009320437908 0.8821169218420982 0.3
v 0 0.8736690093204379 0.27788307815790175
v -0.013669009320437908 0.8821169218420982 0.3
v 0 0.8736690093204379 0.27788307815790175
v -0.022116921842098236 0.86 0.2863309906795621
v -0.013669009320437908 0.8821169218420982 0.3
v -0.022116921842098236 0.86 0.2863309906795621
v -0.022116921842098236 0.86 0.3136690093204379
v -0.013669009320437908 0.8821169218420982 0.3
v 0 0.8736690093204379 0.3221169218420982
v 0.022116921842098236 0.86 0.3136690093204379
v 0.013669009320437908 0.8821169218420982 0.3
v -0.022116921842098236 0.86 0.3136690093204379
v 0 0.8463309906795621 0.3221169218420982
v 0 0.8736690093204379 0.3221169218420982
v -0.022116921842098236 0.86 0.2863309906795621
v -0.013669009320437908 0.8378830781579018 0.3
v -0.022116921842098236 0.86 0.3136690093204379
v 0 0.8736690093204379 0.27788307815790175
v 0 0.8463309906795621 0.27788307815790175
v -0.022116921842098236 0.86 0.2863309906795621
v 0.013669009320437908 0.8821169218420982 0.3
v 0.022116921842098236 0.86 0.2863309906795621
v 0 0.8736690093204379 0.27788307815790175
v 0.022116921842098236 0.86 0.3136690093204379
v 0 0.8463309906795621 0.3221169218420982
v 0.013669009320437908 0.8378830781579018 0.3
v 0 0.8463309906795621 0.3221169218420982
v -0.013669009320437908 0.8378830781579018 0.3
v 0.013669009320437908 0.8378830781579018 0.3
v -0.013669009320437908 0.8378830781579018 0.3
v 0 0.8463309906795621 0.27788307815790175
v 0.013669009320437908 0.8378830781579018 0.3
v 0 0.8463309906795621 0.27788307815790175
v 0.022116921842098236 0.86 0.2863309906795621
v 0.013669009320437908 0.8378830781579018 0.3
v 0.022116921842098236 0.86 0.2863309906795621
v 0.022116921842098236 0.86 0.3136690093204379
v 0.013669009320437908 0.8378830781579018 0.3
v 0.022116921842098236 0.86 0.3136690093204379
v 0 0.8736690093204379 0.3221169218420982
v 0 0.8463309906795621 0.3221169218420982
v 0 0.8463309906795621 0.3221169218420982
v -0.022116921842098236 0.86 0.3136690093204379
v -0.013669009320437908 0.8378830781579018 0.3
v -0.013669009320437908 0.8378830781579018 0.3
v -0.022116921842098236 0.86 0.2863309906795621
v 0 0.8463309906795621 0.27788307815790175
v 0 0.8463309906795621 0.27788307815790175
v 0 0.8736690093204379 0.27788307815790175
v 0.022116921842098236 0.86 0.2863309906795621
v 0.022116921842098236 0.86 0.2863309906795621
v 0.013669009320437908 0.8821169218420982 0.3
v 0.022116921842098236 0.86 0.3136690093204379
vt 0.5881040692329407 0.5
vt 0.75 0.6762081980705261
vt 0.5 0.8237918019294739
vt 0.75 0.6762081980705261
vt 1 0.8237918019294739
vt 0.5 0.8237918019294739
vt 0 0.8237918019294739
vt 0.25 0.6762081980705261
vt 0.5 0.8237918019294739
vt 0.25 0.6762081980705261
vt 0.41189590096473694 0.5
vt 0.5 0.8237918019294739
vt 0.41189590096473694 0.5
vt 0.5881040692329407 0.5
vt 0.5 0.8237918019294739
vt 0.75 0.6762081980705261
vt 0.9118959307670593 0.5
vt 1 0.8237918019294739
vt 0.5881040692329407 0.5
vt 0.75 0.3237918019294739
vt 0.75 0.6762081980705261
vt 0.41189590096473694 0.5
vt 0.5 0.17620819807052612
vt 0.5881040692329407 0.5
vt 0.25 0.6762081980705261
vt 0.25 0.3237918019294739
vt 0.41189590096473694 0.5
vt 0 0.8237918019294739
vt 0.08810409903526306 0.5
vt 0.25 0.6762081980705261
vt 0.9118959307670593 0.5
vt 0.75 0.3237918019294739
vt 1 0.17620819807052612
vt 0.75 0.3237918019294739
vt 0.5 0.17620819807052612
vt 1 0.17620819807052612
vt 0.5 0.17620819807052612
vt 0.25 0.3237918019294739
vt 0 0.17620819807052612
vt 0.25 0.3237918019294739
vt 0.08810409903526306 0.5
vt 0 0.17620819807052612
vt 1.0881041288375854 0.5
vt 0.9118959307670593 0.5
vt 1 0.17620819807052612
vt 0.9118959307670593 0.5
vt 0.75 0.6762081980705261
vt 0.75 0.3237918019294739
vt 0.75 0.3237918019294739
vt 0.5881040692329407 0.5
vt 0.5 0.17620819807052612
vt 0.5 0.17620819807052612
vt 0.41189590096473694 0.5
vt 0.25 0.3237918019294739
vt 0.25 0.3237918019294739
vt 0.25 0.6762081980705261
vt 0.08810409903526306 0.5
vt 1.0881041288375854 0.5
vt 1 0.8237918019294739
vt 0.9118959307670593 0.5
vn -0.5773502691896257 0.5773502691896257 0.5773502691896257
vn -0.5773502691896257 0.5773502691896257 0.5773502691896257
vn -0.5773502691896257 0.5773502691896257 0.5773502691896257
vn 0 0.9341723685930928 0.35682206456043414
vn 0 0.9341723685930928 0.35682206456043414
vn 0 0.9341723685930928 0.35682206456043414
vn 0 0.9341723685930928 -0.35682206456043414
vn 0 0.9341723685930928 -0.35682206456043414
vn 0 0.9341723685930928 -0.35682206456043414
vn -0.5773502691896257 0.5773502691896257 -0.5773502691896257
vn -0.5773502691896257 0.5773502691896257 -0.5773502691896257
vn -0.5773502691896257 0.5773502691896257 -0.5773502691896257
vn -0.9341723685930928 0.35682206456043414 0
vn -0.9341723685930928 0.35682206456043414 0
vn -0.9341723685930928 0.35682206456043414 0
vn 0.5773502691896257 0.5773502691896257 0.5773502691896257
vn 0.5773502691896257 0.5773502691896257 0.5773502691896257
vn 0.5773502691896257 0.5773502691896257 0.5773502691896257
vn -0.35682206456043414 0 0.9341723685930928
vn -0.35682206456043414 0 0.9341723685930928
vn -0.35682206456043414 0 0.9341723685930928
vn -0.9341723685930928 -0.35682206456043414 0
vn -0.9341723685930928 -0.35682206456043414 0
vn -0.9341723685930928 -0.35682206456043414 0
vn -0.35682206456043414 0 -0.9341723685930928
vn -0.35682206456043414 0 -0.9341723685930928
vn -0.35682206456043414 0 -0.9341723685930928
vn 0.5773502691896257 0.5773502691896257 -0.5773502691896257
vn 0.5773502691896257 0.5773502691896257 -0.5773502691896257
vn 0.5773502691896257 0.5773502691896257 -0.5773502691896257
vn 0.5773502691896257 -0.5773502691896257 0.5773502691896257
vn 0.5773502691896257 -0.5773502691896257 0.5773502691896257
vn 0.5773502691896257 -0.5773502691896257 0.5773502691896257
vn 0 -0.9341723685930928 0.35682206456043414
vn 0 -0.9341723685930928 0.35682206456043414
vn 0 -0.9341723685930928 0.35682206456043414
vn 0 -0.9341723685930928 -0.35682206456043414
vn 0 -0.9341723685930928 -0.35682206456043414
vn 0 -0.9341723685930928 -0.35682206456043414
vn 0.5773502691896257 -0.5773502691896257 -0.5773502691896257
vn 0.5773502691896257 -0.5773502691896257 -0.5773502691896257
vn 0.5773502691896257 -0.5773502691896257 -0.5773502691896257
vn 0.9341723685930928 -0.35682206456043414 0
vn 0.9341723685930928 -0.35682206456043414 0
vn 0.9341723685930928 -0.35682206456043414 0
vn 0.35682206456043414 0 0.9341723685930928
vn 0.35682206456043414 0 0.9341723685930928
vn 0.35682206456043414 0 0.9341723685930928
vn -0.5773502691896257 -0.5773502691896257 0.5773502691896257
vn -0.5773502691896257 -0.5773502691896257 0.5773502691896257
vn -0.5773502691896257 -0.5773502691896257 0.5773502691896257
vn -0.5773502691896257 -0.5773502691896257 -0.5773502691896257
vn -0.5773502691896257 -0.5773502691896257 -0.5773502691896257
vn -0.5773502691896257 -0.5773502691896257 -0.5773502691896257
vn 0.35682206456043414 0 -0.9341723685930928
vn 0.35682206456043414 0 -0.9341723685930928
vn 0.35682206456043414 0 -0.9341723685930928
vn 0.9341723685930928 0.35682206456043414 0
vn 0.9341723685930928 0.35682206456043414 0
vn 0.9341723685930928 0.35682206456043414 0
f 2921/2921/2921 2922/2922/2922 2923/2923/2923
f 2924/2924/2924 2925/2925/2925 2926/2926/2926
f 2927/2927/2927 2928/2928/2928 2929/2929/2929
f 2930/2930/2930 2931/2931/2931 2932/2932/2932
f 2933/2933/2933 2934/2934/2934 2935/2935/2935
f 2936/2936/2936 2937/2937/2937 2938/2938/2938
f 2939/2939/2939 2940/2940/2940 2941/2941/2941
f 2942/2942/2942 2943/2943/2943 2944/2944/2944
f 2945/2945/2945 2946/2946/2946 2947/2947/2947
f 2948/2948/2948 2949/2949/2949 2950/2950/2950
f 2951/2951/2951 2952/2952/2952 2953/2953/2953
f 2954/2954/2954 2955/2955/2955 2956/2956/2956
f 2957/2957/2957 2958/2958/2958 2959/2959/2959
f 2960/2960/2960 2961/2961/2961 2962/2962/2962
f 2963/2963/2963 2964/2964/2964 2965/2965/2965
f 2966/2966/2966 2967/2967/2967 2968/2968/2968
f 2969/2969/2969 2970/2970/2970 2971/2971/2971
f 2972/2972/2972 2973/2973/2973 2974/2974/2974
f 2975/2975/2975 2976/2976/2976 2977/2977/2977
f 2978/2978/2978 2979/2979/2979 2980/2980/2980
o uniform_button
usemtl brass
v -0.022116921842098236 0.72 0.3136690093204379
v 0 0.7336690093204379 0.3221169218420982
v -0.013669009320437908 0.7421169218420982 0.3
v 0 0.7336690093204379 0.3221169218420982
v 0.013669009320437908 0.7421169218420982 0.3
v -0.013669009320437908 0.7421169218420982 0.3
v 0.013669009320437908 0.7421169218420982 0.3
v 0 0.7336690093204379 0.27788307815790175
v -0.013669009320437908 0.7421169218420982 0.3
v 0 0.7336690093204379 0.27788307815790175
v -0.022116921842098236 0.72 0.2863309906795621
v -0.013669009320437908 0.7421169218420982 0.3
v -0.022116921842098236 0.72 0.2863309906795621
v -0.022116921842098236 0.72 0.3136690093204379
v -0.013669009320437908 0.7421169218420982 0.3
v 0 0.7336690093204379 0.3221169218420982
v 0.022116921842098236 0.72 0.3136690093204379
v 0.013669009320437908 0.7421169218420982 0.3
v -0.022116921842098236 0.72 0.3136690093204379
v 0 0.7063309906795621 0.3221169218420982
v 0 0.7336690093204379 0.3221169218420982
v -0.022116921842098236 0.72 0.2863309906795621
v -0.013669009320437908 0.6978830781579017 0.3
v -0.022116921842098236 0.72 0.3136690093204379
v 0 0.7336690093204379 0.27788307815790175
v 0 0.7063309906795621 0.27788307815790175
v -0.022116921842098236 0.72 0.2863309906795621
v 0.013669009320437908 0.7421169218420982 0.3
v 0.022116921842098236 0.72 0.2863309906795621
v 0 0.7336690093204379 0.27788307815790175
v 0.022116921842098236 0.72 0.3136690093204379
v 0 0.7063309906795621 0.3221169218420982
v 0.013669009320437908 0.6978830781579017 0.3
v 0 0.7063309906795621 0.3221169218420982
v -0.013669009320437908 0.6978830781579017 0.3
v 0.013669009320437908 0.6978830781579017 0.3
v -0.013669009320437908 0.6978830781579017 0.3
v 0 0.7063309906795621 0.27788307815790175
v 0.013669009320437908 0.6978830781579017 0.3
v 0 0.7063309906795621 0.27788307815790175
v 0.022116921842098236 0.72 0.2863309906795621
v 0.013669009320437908 0.6978830781579017 0.3
v 0.022116921842098236 0.72 0.2863309906795621
v 0.022116921842098236 0.72 0.3136690093204379
v 0.013669009320437908 0.6978830781579017 0.3
v 0.022116921842098236 0.72 0.3136690093204379
v 0 0.7336690093204379 0.3221169218420982
v 0 0.7063309906795621 0.3221169218420982
v 0 0.7063309906795621 0.3221169218420982
v -0.022116921842098236 0.72 0.3136690093204379
v -0.013669009320437908 0.6978830781579017 0.3
v -0.013669009320437908 0.6978830781579017 0.3
v -0.022116921842098236 0.72 0.2863309906795621
v 0 0.7063309906795621 0.27788307815790175
v 0 0.7063309906795621 0.27788307815790175
v 0 0.7336690093204379 0.27788307815790175
v 0.022116921842098236 0.72 0.2863309906795621
v 0.022116921842098236 0.72 0.2863309906795621
v 0.013669009320437908 0.7421169218420982 0.3
v 0.022116921842098236 0.72 0.3136690093204379
vt 0.5881040692329407 0.5
vt 0.75 0.6762081980705261
vt 0.5 0.8237918019294739
vt 0.75 0.6762081980705261
vt 1 0.8237918019294739
vt 0.5 0.8237918019294739
vt 0 0.8237918019294739
vt 0.25 0.6762081980705261
vt 0.5 0.8237918019294739
vt 0.25 0.6762081980705261
vt 0.41189590096473694 0.5
vt 0.5 0.8237918019294739
vt 0.41189590096473694 0.5
vt 0.5881040692329407 0.5
vt 0.5 0.8237918019294739
vt 0.75 0.6762081980705261
vt 0.9118959307670593 0.5
vt 1 0.8237918019294739
vt 0.5881040692329407 0.5
vt 0.75 0.3237918019294739
vt 0.75 0.6762081980705261
vt 0.41189590096473694 0.5
vt 0.5 0.17620819807052612
vt 0.5881040692329407 0.5
vt 0.25 0.6762081980705261
vt 0.25 0.3237918019294739
vt 0.41189590096473694 0.5
vt 0 0.8237918019294739
vt 0.08810409903526306 0.5
vt 0.25 0.6762081980705261
vt 0.9118959307670593 0.5
vt 0.75 0.3237918019294739
vt 1 0.17620819807052612
vt 0.75 0.3237918019294739
vt 0.5 0.17620819807052612
vt 1 0.17620819807052612
vt 0.5 0.17620819807052612
vt 0.25 0.3237918019294739
vt 0 0.17620819807052612
vt 0.25 0.3237918019294739
vt 0.08810409903526306 0.5
vt 0 0.17620819807052612
vt 1.0881041288375854 0.5
vt 0.9118959307670593 0.5
vt 1 0.17620819807052612
vt 0.9118959307670593 0.5
vt 0.75 0.6762081980705261
vt 0.75 0.3237918019294739
vt 0.75 0.3237918019294739
vt 0.5881040692329407 0.5
vt 0.5 0.17620819807052612
vt 0.5 0.17620819807052612
vt 0.41189590096473694 0.5
vt 0.25 0.3237918019294739
vt 0.25 0.3237918019294739
vt 0.25 0.6762081980705261
vt 0.08810409903526306 0.5
vt 1.0881041288375854 0.5
vt 1 0.8237918019294739
vt 0.9118959307670593 0.5
vn -0.5773502691896257 0.5773502691896257 0.5773502691896257
vn -0.5773502691896257 0.5773502691896257 0.5773502691896257
vn -0.5773502691896257 0.5773502691896257 0.5773502691896257
vn 0 0.9341723685930928 0.35682206456043414
vn 0 0.9341723685930928 0.35682206456043414
vn 0 0.9341723685930928 0.35682206456043414
vn 0 0.9341723685930928 -0.35682206456043414
vn 0 0.9341723685930928 -0.35682206456043414
vn 0 0.9341723685930928 -0.35682206456043414
vn -0.5773502691896257 0.5773502691896257 -0.5773502691896257
vn -0.5773502691896257 0.5773502691896257 -0.5773502691896257
vn -0.5773502691896257 0.5773502691896257 -0.5773502691896257
vn -0.9341723685930928 0.35682206456043414 0
vn -0.9341723685930928 0.35682206456043414 0
vn -0.9341723685930928 0.35682206456043414 0
vn 0.5773502691896257 0.5773502691896257 0.5773502691896257
vn 0.5773502691896257 0.5773502691896257 0.5773502691896257
vn 0.5773502691896257 0.5773502691896257 0.5773502691896257
vn -0.35682206456043414 0 0.9341723685930928
vn -0.35682206456043414 0 0.9341723685930928
vn -0.35682206456043414 0 0.9341723685930928
vn -0.9341723685930928 -0.35682206456043414 0
vn -0.9341723685930928 -0.35682206456043414 0
vn -0.9341723685930928 -0.35682206456043414 0
vn -0.35682206456043414 0 -0.9341723685930928
vn -0.35682206456043414 0 -0.9341723685930928
vn -0.35682206456043414 0 -0.9341723685930928
vn 0.5773502691896257 0.5773502691896257 -0.5773502691896257
vn 0.5773502691896257 0.5773502691896257 -0.5773502691896257
vn 0.5773502691896257 0.5773502691896257 -0.5773502691896257
vn 0.5773502691896257 -0.5773502691896257 0.5773502691896257
vn 0.5773502691896257 -0.5773502691896257 0.5773502691896257
vn 0.5773502691896257 -0.5773502691896257 0.5773502691896257
vn 0 -0.9341723685930928 0.35682206456043414
vn 0 -0.9341723685930928 0.35682206456043414
vn 0 -0.9341723685930928 0.35682206456043414
vn 0 -0.9341723685930928 -0.35682206456043414
vn 0 -0.9341723685930928 -0.35682206456043414
vn 0 -0.9341723685930928 -0.35682206456043414
vn 0.5773502691896257 -0.5773502691896257 -0.5773502691896257
vn 0.5773502691896257 -0.5773502691896257 -0.5773502691896257
vn 0.5773502691896257 -0.5773502691896257 -0.5773502691896257
vn 0.9341723685930928 -0.35682206456043414 0
vn 0.9341723685930928 -0.35682206456043414 0
vn 0.9341723685930928 -0.35682206456043414 0
vn 0.35682206456043414 0 0.9341723685930928
vn 0.35682206456043414 0 0.9341723685930928
vn 0.35682206456043414 0 0.9341723685930928
vn -0.5773502691896257 -0.5773502691896257 0.5773502691896257
vn -0.5773502691896257 -0.5773502691896257 0.5773502691896257
vn -0.5773502691896257 -0.5773502691896257 0.5773502691896257
vn -0.5773502691896257 -0.5773502691896257 -0.5773502691896257
vn -0.5773502691896257 -0.5773502691896257 -0.5773502691896257
vn -0.5773502691896257 -0.5773502691896257 -0.5773502691896257
vn 0.35682206456043414 0 -0.9341723685930928
vn 0.35682206456043414 0 -0.9341723685930928
vn 0.35682206456043414 0 -0.9341723685930928
vn 0.9341723685930928 0.35682206456043414 0
vn 0.9341723685930928 0.35682206456043414 0
vn 0.9341723685930928 0.35682206456043414 0
f 2981/2981/2981 2982/2982/2982 2983/2983/2983
f 2984/2984/2984 2985/2985/2985 2986/2986/2986
f 2987/2987/2987 2988/2988/2988 2989/2989/2989
f 2990/2990/2990 2991/2991/2991 2992/2992/2992
f 2993/2993/2993 2994/2994/2994 2995/2995/2995
f 2996/2996/2996 2997/2997/2997 2998/2998/2998
f 2999/2999/2999 3000/3000/3000 3001/3001/3001
f 3002/3002/3002 3003/3003/3003 3004/3004/3004
f 3005/3005/3005 3006/3006/3006 3007/3007/3007
f 3008/3008/3008 3009/3009/3009 3010/3010/3010
f 3011/3011/3011 3012/3012/3012 3013/3013/3013
f 3014/3014/3014 3015/3015/3015 3016/3016/3016
f 3017/3017/3017 3018/3018/3018 3019/3019/3019
f 3020/3020/3020 3021/3021/3021 3022/3022/3022
f 3023/3023/3023 3024/3024/3024 3025/3025/3025
f 3026/3026/3026 3027/3027/3027 3028/3028/3028
f 3029/3029/3029 3030/3030/3030 3031/3031/3031
f 3032/3032/3032 3033/3033/3033 3034/3034/3034
f 3035/3035/3035 3036/3036/3036 3037/3037/3037
f 3038/3038/3038 3039/3039/3039 3040/3040/3040
o uniform_button
usemtl brass
v -0.022116921842098236 0.58 0.3136690093204379
v 0 0.5936690093204379 0.3221169218420982
v -0.013669009320437908 0.6021169218420982 0.3
v 0 0.5936690093204379 0.3221169218420982
v 0.013669009320437908 0.6021169218420982 0.3
v -0.013669009320437908 0.6021169218420982 0.3
v 0.013669009320437908 0.6021169218420982 0.3
v 0 0.5936690093204379 0.27788307815790175
v -0.013669009320437908 0.6021169218420982 0.3
v 0 0.5936690093204379 0.27788307815790175
v -0.022116921842098236 0.58 0.2863309906795621
v -0.013669009320437908 0.6021169218420982 0.3
v -0.022116921842098236 0.58 0.2863309906795621
v -0.022116921842098236 0.58 0.3136690093204379
v -0.013669009320437908 0.6021169218420982 0.3
v 0 0.5936690093204379 0.3221169218420982
v 0.022116921842098236 0.58 0.3136690093204379
v 0.013669009320437908 0.6021169218420982 0.3
v -0.022116921842098236 0.58 0.3136690093204379
v 0 0.566330990679562 0.3221169218420982
v 0 0.5936690093204379 0.3221169218420982
v -0.022116921842098236 0.58 0.2863309906795621
v -0.013669009320437908 0.5578830781579017 0.3
v -0.022116921842098236 0.58 0.3136690093204379
v 0 0.5936690093204379 0.27788307815790175
v 0 0.566330990679562 0.27788307815790175
v -0.022116921842098236 0.58 0.2863309906795621
v 0.013669009320437908 0.6021169218420982 0.3
v 0.022116921842098236 0.58 0.2863309906795621
v 0 0.5936690093204379 0.27788307815790175
v 0.022116921842098236 0.58 0.3136690093204379
v 0 0.566330990679562 0.3221169218420982
v 0.013669009320437908 0.5578830781579017 0.3
v 0 0.566330990679562 0.3221169218420982
v -0.013669009320437908 0.5578830781579017 0.3
v 0.013669009320437908 0.5578830781579017 0.3
v -0.013669009320437908 0.5578830781579017 0.3
v 0 0.566330990679562 0.27788307815790175
v 0.013669009320437908 0.5578830781579017 0.3
v 0 0.566330990679562 0.27788307815790175
v 0.022116921842098236 0.58 0.2863309906795621
v 0.013669009320437908 0.5578830781579017 0.3
v 0.022116921842098236 0.58 0.2863309906795621
v 0.022116921842098236 0.58 0.3136690093204379
v 0.013669009320437908 0.5578830781579017 0.3
v 0.022116921842098236 0.58 0.3136690093204379
v 0 0.5936690093204379 0.3221169218420982
v 0 0.566330990679562 0.3221169218420982
v 0 0.566330990679562 0.3221169218420982
v -0.022116921842098236 0.58 0.3136690093204379
v -0.013669009320437908 0.5578830781579017 0.3
v -0.013669009320437908 0.5578830781579017 0.3
v -0.022116921842098236 0.58 0.2863309906795621
v 0 0.566330990679562 0.27788307815790175
v 0 0.566330990679562 0.27788307815790175
v 0 0.5936690093204379 0.27788307815790175
v 0.022116921842098236 0.58 0.2863309906795621
v 0.022116921842098236 0.58 0.2863309906795621
v 0.013669009320437908 0.6021169218420982 0.3
v 0.022116921842098236 0.58 0.3136690093204379
vt 0.5881040692329407 0.5
vt 0.75 0.6762081980705261
vt 0.5 0.8237918019294739
vt 0.75 0.6762081980705261
vt 1 0.8237918019294739
vt 0.5 0.8237918019294739
vt 0 0.8237918019294739
vt 0.25 0.6762081980705261
vt 0.5 0.8237918019294739
vt 0.25 0.6762081980705261
vt 0.41189590096473694 0.5
vt 0.5 0.8237918019294739
vt 0.41189590096473694 0.5
vt 0.5881040692329407 0.5
vt 0.5 0.8237918019294739
vt 0.75 0.6762081980705261
vt 0.9118959307670593 0.5
vt 1 0.8237918019294739
vt 0.5881040692329407 0.5
vt 0.75 0.3237918019294739
vt 0.75 0.6762081980705261
vt 0.41189590096473694 0.5
vt 0.5 0.17620819807052612
vt 0.5881040692329407 0.5
vt 0.25 0.6762081980705261
vt 0.25 0.3237918019294739
vt 0.41189590096473694 0.5
vt 0 0.8237918019294739
vt 0.08810409903526306 0.5
vt 0.25 0.6762081980705261
vt 0.9118959307670593 0.5
vt 0.75 0.3237918019294739
vt 1 0.17620819807052612
vt 0.75 0.3237918019294739
vt 0.5 0.17620819807052612
vt 1 0.17620819807052612
vt 0.5 0.17620819807052612
vt 0.25 0.3237918019294739
vt 0 0.17620819807052612
vt 0.25 0.3237918019294739
vt 0.08810409903526306 0.5
vt 0 0.17620819807052612
vt 1.0881041288375854 0.5
vt 0.9118959307670593 0.5
vt 1 0.17620819807052612
vt 0.9118959307670593 0.5
vt 0.75 0.6762081980705261
vt 0.75 0.3237918019294739
vt 0.75 0.3237918019294739
vt 0.5881040692329407 0.5
vt 0.5 0.17620819807052612
vt 0.5 0.17620819807052612
vt 0.41189590096473694 0.5
vt 0.25 0.3237918019294739
vt 0.25 0.3237918019294739
vt 0.25 0.6762081980705261
vt 0.08810409903526306 0.5
vt 1.0881041288375854 0.5
vt 1 0.8237918019294739
vt 0.9118959307670593 0.5
vn -0.5773502691896257 0.5773502691896257 0.5773502691896257
vn -0.5773502691896257 0.5773502691896257 0.5773502691896257
vn -0.5773502691896257 0.5773502691896257 0.5773502691896257
vn 0 0.9341723685930928 0.35682206456043414
vn 0 0.9341723685930928 0.35682206456043414
vn 0 0.9341723685930928 0.35682206456043414
vn 0 0.9341723685930928 -0.35682206456043414
vn 0 0.9341723685930928 -0.35682206456043414
vn 0 0.9341723685930928 -0.35682206456043414
vn -0.5773502691896257 0.5773502691896257 -0.5773502691896257
vn -0.5773502691896257 0.5773502691896257 -0.5773502691896257
vn -0.5773502691896257 0.5773502691896257 -0.5773502691896257
vn -0.9341723685930928 0.35682206456043414 0
vn -0.9341723685930928 0.35682206456043414 0
vn -0.9341723685930928 0.35682206456043414 0
vn 0.5773502691896257 0.5773502691896257 0.5773502691896257
vn 0.5773502691896257 0.5773502691896257 0.5773502691896257
vn 0.5773502691896257 0.5773502691896257 0.5773502691896257
vn -0.35682206456043414 0 0.9341723685930928
vn -0.35682206456043414 0 0.9341723685930928
vn -0.35682206456043414 0 0.9341723685930928
vn -0.9341723685930928 -0.35682206456043414 0
vn -0.9341723685930928 -0.35682206456043414 0
vn -0.9341723685930928 -0.35682206456043414 0
vn -0.35682206456043414 0 -0.9341723685930928
vn -0.35682206456043414 0 -0.9341723685930928
vn -0.35682206456043414 0 -0.9341723685930928
vn 0.5773502691896257 0.5773502691896257 -0.5773502691896257
vn 0.5773502691896257 0.5773502691896257 -0.5773502691896257
vn 0.5773502691896257 0.5773502691896257 -0.5773502691896257
vn 0.5773502691896257 -0.5773502691896257 0.5773502691896257
vn 0.5773502691896257 -0.5773502691896257 0.5773502691896257
vn 0.5773502691896257 -0.5773502691896257 0.5773502691896257
vn 0 -0.9341723685930928 0.35682206456043414
vn 0 -0.9341723685930928 0.35682206456043414
vn 0 -0.9341723685930928 0.35682206456043414
vn 0 -0.9341723685930928 -0.35682206456043414
vn 0 -0.9341723685930928 -0.35682206456043414
vn 0 -0.9341723685930928 -0.35682206456043414
vn 0.5773502691896257 -0.5773502691896257 -0.5773502691896257
vn 0.5773502691896257 -0.5773502691896257 -0.5773502691896257
vn 0.5773502691896257 -0.5773502691896257 -0.5773502691896257
vn 0.9341723685930928 -0.35682206456043414 0
vn 0.9341723685930928 -0.35682206456043414 0
vn 0.9341723685930928 -0.35682206456043414 0
vn 0.35682206456043414 0 0.9341723685930928
vn 0.35682206456043414 0 0.9341723685930928
vn 0.35682206456043414 0 0.9341723685930928
vn -0.5773502691896257 -0.5773502691896257 0.5773502691896257
vn -0.5773502691896257 -0.5773502691896257 0.5773502691896257
vn -0.5773502691896257 -0.5773502691896257 0.5773502691896257
vn -0.5773502691896257 -0.5773502691896257 -0.5773502691896257
vn -0.5773502691896257 -0.5773502691896257 -0.5773502691896257
vn -0.5773502691896257 -0.5773502691896257 -0.5773502691896257
vn 0.35682206456043414 0 -0.9341723685930928
vn 0.35682206456043414 0 -0.9341723685930928
vn 0.35682206456043414 0 -0.9341723685930928
vn 0.9341723685930928 0.35682206456043414 0
vn 0.9341723685930928 0.35682206456043414 0
vn 0.9341723685930928 0.35682206456043414 0
f 3041/3041/3041 3042/3042/3042 3043/3043/3043
f 3044/3044/3044 3045/3045/3045 3046/3046/3046
f 3047/3047/3047 3048/3048/3048 3049/3049/3049
f 3050/3050/3050 3051/3051/3051 3052/3052/3052
f 3053/3053/3053 3054/3054/3054 3055/3055/3055
f 3056/3056/3056 3057/3057/3057 3058/3058/3058
f 3059/3059/3059 3060/3060/3060 3061/3061/3061
f 3062/3062/3062 3063/3063/3063 3064/3064/3064
f 3065/3065/3065 3066/3066/3066 3067/3067/3067
f 3068/3068/3068 3069/3069/3069 3070/3070/3070
f 3071/3071/3071 3072/3072/3072 3073/3073/3073
f 3074/3074/3074 3075/3075/3075 3076/3076/3076
f 3077/3077/3077 3078/3078/3078 3079/3079/3079
f 3080/3080/3080 3081/3081/3081 3082/3082/3082
f 3083/3083/3083 3084/3084/3084 3085/3085/3085
f 3086/3086/3086 3087/3087/3087 3088/3088/3088
f 3089/3089/3089 3090/3090/3090 3091/3091/3091
f 3092/3092/3092 3093/3093/3093 3094/3094/3094
f 3095/3095/3095 3096/3096/3096 3097/3097/3097
f 3098/3098/3098 3099/3099/3099 3100/3100/3100
o uniform_button
usemtl brass
v -0.022116921842098236 0.44 0.3136690093204379
v 0 0.4536690093204379 0.3221169218420982
v -0.013669009320437908 0.46211692184209824 0.3
v 0 0.4536690093204379 0.3221169218420982
v 0.013669009320437908 0.46211692184209824 0.3
v -0.013669009320437908 0.46211692184209824 0.3
v 0.013669009320437908 0.46211692184209824 0.3
v 0 0.4536690093204379 0.27788307815790175
v -0.013669009320437908 0.46211692184209824 0.3
v 0 0.4536690093204379 0.27788307815790175
v -0.022116921842098236 0.44 0.2863309906795621
v -0.013669009320437908 0.46211692184209824 0.3
v -0.022116921842098236 0.44 0.2863309906795621
v -0.022116921842098236 0.44 0.3136690093204379
v -0.013669009320437908 0.46211692184209824 0.3
v 0 0.4536690093204379 0.3221169218420982
v 0.022116921842098236 0.44 0.3136690093204379
v 0.013669009320437908 0.46211692184209824 0.3
v -0.022116921842098236 0.44 0.3136690093204379
v 0 0.4263309906795621 0.3221169218420982
v 0 0.4536690093204379 0.3221169218420982
v -0.022116921842098236 0.44 0.2863309906795621
v -0.013669009320437908 0.41788307815790177 0.3
v -0.022116921842098236 0.44 0.3136690093204379
v 0 0.4536690093204379 0.27788307815790175
v 0 0.4263309906795621 0.27788307815790175
v -0.022116921842098236 0.44 0.2863309906795621
v 0.013669009320437908 0.46211692184209824 0.3
v 0.022116921842098236 0.44 0.2863309906795621
v 0 0.4536690093204379 0.27788307815790175
v 0.022116921842098236 0.44 0.3136690093204379
v 0 0.4263309906795621 0.3221169218420982
v 0.013669009320437908 0.41788307815790177 0.3
v 0 0.4263309906795621 0.3221169218420982
v -0.013669009320437908 0.41788307815790177 0.3
v 0.013669009320437908 0.41788307815790177 0.3
v -0.013669009320437908 0.41788307815790177 0.3
v 0 0.4263309906795621 0.27788307815790175
v 0.013669009320437908 0.41788307815790177 0.3
v 0 0.4263309906795621 0.27788307815790175
v 0.022116921842098236 0.44 0.2863309906795621
v 0.013669009320437908 0.41788307815790177 0.3
v 0.022116921842098236 0.44 0.2863309906795621
v 0.022116921842098236 0.44 0.3136690093204379
v 0.013669009320437908 0.41788307815790177 0.3
v 0.022116921842098236 0.44 0.3136690093204379
v 0 0.4536690093204379 0.3221169218420982
v 0 0.4263309906795621 0.3221169218420982
v 0 0.4263309906795621 0.3221169218420982
v -0.022116921842098236 0.44 0.3136690093204379
v -0.013669009320437908 0.41788307815790177 0.3
v -0.013669009320437908 0.41788307815790177 0.3
v -0.022116921842098236 0.44 0.2863309906795621
v 0 0.4263309906795621 0.27788307815790175
v 0 0.4263309906795621 0.27788307815790175
v 0 0.4536690093204379 0.27788307815790175
v 0.022116921842098236 0.44 0.2863309906795621
v 0.022116921842098236 0.44 0.2863309906795621
v 0.013669009320437908 0.46211692184209824 0.3
v 0.022116921842098236 0.44 0.3136690093204379
vt 0.5881040692329407 0.5
vt 0.75 0.6762081980705261
vt 0.5 0.8237918019294739
vt 0.75 0.6762081980705261
vt 1 0.8237918019294739
vt 0.5 0.8237918019294739
vt 0 0.8237918019294739
vt 0.25 0.6762081980705261
vt 0.5 0.8237918019294739
vt 0.25 0.6762081980705261
vt 0.41189590096473694 0.5
vt 0.5 0.8237918019294739
vt 0.41189590096473694 0.5
vt 0.5881040692329407 0.5
vt 0.5 0.8237918019294739
vt 0.75 0.6762081980705261
vt 0.9118959307670593 0.5
vt 1 0.8237918019294739
vt 0.5881040692329407 0.5
vt 0.75 0.3237918019294739
vt 0.75 0.6762081980705261
vt 0.41189590096473694 0.5
vt 0.5 0.17620819807052612
vt 0.5881040692329407 0.5
vt 0.25 0.6762081980705261
vt 0.25 0.3237918019294739
vt 0.41189590096473694 0.5
vt 0 0.8237918019294739
vt 0.08810409903526306 0.5
vt 0.25 0.6762081980705261
vt 0.9118959307670593 0.5
vt 0.75 0.3237918019294739
vt 1 0.17620819807052612
vt 0.75 0.3237918019294739
vt 0.5 0.17620819807052612
vt 1 0.17620819807052612
vt 0.5 0.17620819807052612
vt 0.25 0.3237918019294739
vt 0 0.17620819807052612
vt 0.25 0.3237918019294739
vt 0.08810409903526306 0.5
vt 0 0.17620819807052612
vt 1.0881041288375854 0.5
vt 0.9118959307670593 0.5
vt 1 0.17620819807052612
vt 0.9118959307670593 0.5
vt 0.75 0.6762081980705261
vt 0.75 0.3237918019294739
vt 0.75 0.3237918019294739
vt 0.5881040692329407 0.5
vt 0.5 0.17620819807052612
vt 0.5 0.17620819807052612
vt 0.41189590096473694 0.5
vt 0.25 0.3237918019294739
vt 0.25 0.3237918019294739
vt 0.25 0.6762081980705261
vt 0.08810409903526306 0.5
vt 1.0881041288375854 0.5
vt 1 0.8237918019294739
vt 0.9118959307670593 0.5
vn -0.5773502691896257 0.5773502691896257 0.5773502691896257
vn -0.5773502691896257 0.5773502691896257 0.5773502691896257
vn -0.5773502691896257 0.5773502691896257 0.5773502691896257
vn 0 0.9341723685930928 0.35682206456043414
vn 0 0.9341723685930928 0.35682206456043414
vn 0 0.9341723685930928 0.35682206456043414
vn 0 0.9341723685930928 -0.35682206456043414
vn 0 0.9341723685930928 -0.35682206456043414
vn 0 0.9341723685930928 -0.35682206456043414
vn -0.5773502691896257 0.5773502691896257 -0.5773502691896257
vn -0.5773502691896257 0.5773502691896257 -0.5773502691896257
vn -0.5773502691896257 0.5773502691896257 -0.5773502691896257
vn -0.9341723685930928 0.35682206456043414 0
vn -0.9341723685930928 0.35682206456043414 0
vn -0.9341723685930928 0.35682206456043414 0
vn 0.5773502691896257 0.5773502691896257 0.5773502691896257
vn 0.5773502691896257 0.5773502691896257 0.5773502691896257
vn 0.5773502691896257 0.5773502691896257 0.5773502691896257
vn -0.35682206456043414 0 0.9341723685930928
vn -0.35682206456043414 0 0.9341723685930928
vn -0.35682206456043414 0 0.9341723685930928
vn -0.9341723685930928 -0.35682206456043414 0
vn -0.9341723685930928 -0.35682206456043414 0
vn -0.9341723685930928 -0.35682206456043414 0
vn -0.35682206456043414 0 -0.9341723685930928
vn -0.35682206456043414 0 -0.9341723685930928
vn -0.35682206456043414 0 -0.9341723685930928
vn 0.5773502691896257 0.5773502691896257 -0.5773502691896257
vn 0.5773502691896257 0.5773502691896257 -0.5773502691896257
vn 0.5773502691896257 0.5773502691896257 -0.5773502691896257
vn 0.5773502691896257 -0.5773502691896257 0.5773502691896257
vn 0.5773502691896257 -0.5773502691896257 0.5773502691896257
vn 0.5773502691896257 -0.5773502691896257 0.5773502691896257
vn 0 -0.9341723685930928 0.35682206456043414
vn 0 -0.9341723685930928 0.35682206456043414
vn 0 -0.9341723685930928 0.35682206456043414
vn 0 -0.9341723685930928 -0.35682206456043414
vn 0 -0.9341723685930928 -0.35682206456043414
vn 0 -0.9341723685930928 -0.35682206456043414
vn 0.5773502691896257 -0.5773502691896257 -0.5773502691896257
vn 0.5773502691896257 -0.5773502691896257 -0.5773502691896257
vn 0.5773502691896257 -0.5773502691896257 -0.5773502691896257
vn 0.9341723685930928 -0.35682206456043414 0
vn 0.9341723685930928 -0.35682206456043414 0
vn 0.9341723685930928 -0.35682206456043414 0
vn 0.35682206456043414 0 0.9341723685930928
vn 0.35682206456043414 0 0.9341723685930928
vn 0.35682206456043414 0 0.9341723685930928
vn -0.5773502691896257 -0.5773502691896257 0.5773502691896257
vn -0.5773502691896257 -0.5773502691896257 0.5773502691896257
vn -0.5773502691896257 -0.5773502691896257 0.5773502691896257
vn -0.5773502691896257 -0.5773502691896257 -0.5773502691896257
vn -0.5773502691896257 -0.5773502691896257 -0.5773502691896257
vn -0.5773502691896257 -0.5773502691896257 -0.5773502691896257
vn 0.35682206456043414 0 -0.9341723685930928
vn 0.35682206456043414 0 -0.9341723685930928
vn 0.35682206456043414 0 -0.9341723685930928
vn 0.9341723685930928 0.35682206456043414 0
vn 0.9341723685930928 0.35682206456043414 0
vn 0.9341723685930928 0.35682206456043414 0
f 3101/3101/3101 3102/3102/3102 3103/3103/3103
f 3104/3104/3104 3105/3105/3105 3106/3106/3106
f 3107/3107/3107 3108/3108/3108 3109/3109/3109
f 3110/3110/3110 3111/3111/3111 3112/3112/3112
f 3113/3113/3113 3114/3114/3114 3115/3115/3115
f 3116/3116/3116 3117/3117/3117 3118/3118/3118
f 3119/3119/3119 3120/3120/3120 3121/3121/3121
f 3122/3122/3122 3123/3123/3123 3124/3124/3124
f 3125/3125/3125 3126/3126/3126 3127/3127/3127
f 3128/3128/3128 3129/3129/3129 3130/3130/3130
f 3131/3131/3131 3132/3132/3132 3133/3133/3133
f 3134/3134/3134 3135/3135/3135 3136/3136/3136
f 3137/3137/3137 3138/3138/3138 3139/3139/3139
f 3140/3140/3140 3141/3141/3141 3142/3142/3142
f 3143/3143/3143 3144/3144/3144 3145/3145/3145
f 3146/3146/3146 3147/3147/3147 3148/3148/3148
f 3149/3149/3149 3150/3150/3150 3151/3151/3151
f 3152/3152/3152 3153/3153/3153 3154/3154/3154
f 3155/3155/3155 3156/3156/3156 3157/3157/3157
f 3158/3158/3158 3159/3159/3159 3160/3160/3160
o chest_plate
usemtl navyD
v 0.20999999344348907 0.9799999982118607 0.20000000715255736
v 0.20999999344348907 0.9799999982118607 -0.16000000715255738
v 0.20999999344348907 0.8200000017881394 0.20000000715255736
v 0.20999999344348907 0.8200000017881394 -0.16000000715255738
v -0.20999999344348907 0.9799999982118607 -0.16000000715255738
v -0.20999999344348907 0.9799999982118607 0.20000000715255736
v -0.20999999344348907 0.8200000017881394 -0.16000000715255738
v -0.20999999344348907 0.8200000017881394 0.20000000715255736
v -0.20999999344348907 0.9799999982118607 -0.16000000715255738
v 0.20999999344348907 0.9799999982118607 -0.16000000715255738
v -0.20999999344348907 0.9799999982118607 0.20000000715255736
v 0.20999999344348907 0.9799999982118607 0.20000000715255736
v -0.20999999344348907 0.8200000017881394 0.20000000715255736
v 0.20999999344348907 0.8200000017881394 0.20000000715255736
v -0.20999999344348907 0.8200000017881394 -0.16000000715255738
v 0.20999999344348907 0.8200000017881394 -0.16000000715255738
v -0.20999999344348907 0.9799999982118607 0.20000000715255736
v 0.20999999344348907 0.9799999982118607 0.20000000715255736
v -0.20999999344348907 0.8200000017881394 0.20000000715255736
v 0.20999999344348907 0.8200000017881394 0.20000000715255736
v 0.20999999344348907 0.9799999982118607 -0.16000000715255738
v -0.20999999344348907 0.9799999982118607 -0.16000000715255738
v 0.20999999344348907 0.8200000017881394 -0.16000000715255738
v -0.20999999344348907 0.8200000017881394 -0.16000000715255738
vt 0 1
vt 1 1
vt 0 0
vt 1 0
vt 0 1
vt 1 1
vt 0 0
vt 1 0
vt 0 1
vt 1 1
vt 0 0
vt 1 0
vt 0 1
vt 1 1
vt 0 0
vt 1 0
vt 0 1
vt 1 1
vt 0 0
vt 1 0
vt 0 1
vt 1 1
vt 0 0
vt 1 0
vn 1 0 0
vn 1 0 0
vn 1 0 0
vn 1 0 0
vn -1 0 0
vn -1 0 0
vn -1 0 0
vn -1 0 0
vn 0 1 0
vn 0 1 0
vn 0 1 0
vn 0 1 0
vn 0 -1 0
vn 0 -1 0
vn 0 -1 0
vn 0 -1 0
vn 0 0 1
vn 0 0 1
vn 0 0 1
vn 0 0 1
vn 0 0 -1
vn 0 0 -1
vn 0 0 -1
vn 0 0 -1
f 3161/3161/3161 3163/3163/3163 3162/3162/3162
f 3163/3163/3163 3164/3164/3164 3162/3162/3162
f 3165/3165/3165 3167/3167/3167 3166/3166/3166
f 3167/3167/3167 3168/3168/3168 3166/3166/3166
f 3169/3169/3169 3171/3171/3171 3170/3170/3170
f 3171/3171/3171 3172/3172/3172 3170/3170/3170
f 3173/3173/3173 3175/3175/3175 3174/3174/3174
f 3175/3175/3175 3176/3176/3176 3174/3174/3174
f 3177/3177/3177 3179/3179/3179 3178/3178/3178
f 3179/3179/3179 3180/3180/3180 3178/3178/3178
f 3181/3181/3181 3183/3183/3183 3182/3182/3182
f 3183/3183/3183 3184/3184/3184 3182/3182/3182
o chest_badge
usemtl brass
v -0.15 0.8649999970197677 0.20999999977648262
v -0.08504809588193893 0.9024999985098838 0.2099999997764826
v -0.08504809588193893 0.9775000014901161 0.2099999997764826
v -0.15 1.0150000029802322 0.20999999977648257
v -0.21495190411806106 0.9775000014901161 0.2099999997764826
v -0.21495190411806106 0.9024999985098838 0.2099999997764826
v -0.15000000000000002 0.8649999970197677 0.20999999977648262
v -0.15 0.8649999970197677 0.19000000022351746
v -0.08504809588193893 0.9024999985098838 0.19000000022351743
v -0.08504809588193893 0.9775000014901161 0.19000000022351743
v -0.15 1.0150000029802322 0.1900000002235174
v -0.21495190411806106 0.9775000014901161 0.19000000022351743
v -0.21495190411806106 0.9024999985098838 0.19000000022351743
v -0.15000000000000002 0.8649999970197677 0.19000000022351746
v -0.15 0.94 0.2099999997764826
v -0.15 0.94 0.2099999997764826
v -0.15 0.94 0.2099999997764826
v -0.15 0.94 0.2099999997764826
v -0.15 0.94 0.2099999997764826
v -0.15 0.94 0.2099999997764826
v -0.15 0.8649999970197677 0.20999999977648262
v -0.08504809588193893 0.9024999985098838 0.2099999997764826
v -0.08504809588193893 0.9775000014901161 0.2099999997764826
v -0.15 1.0150000029802322 0.20999999977648257
v -0.21495190411806106 0.9775000014901161 0.2099999997764826
v -0.21495190411806106 0.9024999985098838 0.2099999997764826
v -0.15000000000000002 0.8649999970197677 0.20999999977648262
v -0.15 0.94 0.19000000022351743
v -0.15 0.94 0.19000000022351743
v -0.15 0.94 0.19000000022351743
v -0.15 0.94 0.19000000022351743
v -0.15 0.94 0.19000000022351743
v -0.15 0.94 0.19000000022351743
v -0.15 0.8649999970197677 0.19000000022351746
v -0.08504809588193893 0.9024999985098838 0.19000000022351743
v -0.08504809588193893 0.9775000014901161 0.19000000022351743
v -0.15 1.0150000029802322 0.1900000002235174
v -0.21495190411806106 0.9775000014901161 0.19000000022351743
v -0.21495190411806106 0.9024999985098838 0.19000000022351743
v -0.15000000000000002 0.8649999970197677 0.19000000022351746
vt 0 1
vt 0.1666666716337204 1
vt 0.3333333432674408 1
vt 0.5 1
vt 0.6666666865348816 1
vt 0.8333333134651184 1
vt 1 1
vt 0 0
vt 0.1666666716337204 0
vt 0.3333333432674408 0
vt 0.5 0
vt 0.6666666865348816 0
vt 0.8333333134651184 0
vt 1 0
vt 0.5 0.5
vt 0.5 0.5
vt 0.5 0.5
vt 0.5 0.5
vt 0.5 0.5
vt 0.5 0.5
vt 1 0.5
vt 0.75 0.9330127239227295
vt 0.25 0.9330127239227295
vt 0 0.5
vt 0.25 0.0669872984290123
vt 0.75 0.0669872984290123
vt 1 0.5
vt 0.5 0.5
vt 0.5 0.5
vt 0.5 0.5
vt 0.5 0.5
vt 0.5 0.5
vt 0.5 0.5
vt 1 0.5
vt 0.75 0.0669872984290123
vt 0.25 0.0669872984290123
vt 0 0.5
vt 0.25 0.9330127239227295
vt 0.75 0.9330127239227295
vt 1 0.5
vn 0 -1 2.220446049250313e-16
vn 0.8660253998985324 -0.5000000067305869 1.1102230395700616e-16
vn 0.8660253998985324 0.5000000067305869 -1.1102230395700616e-16
vn 1.2246468525851679e-16 1 -2.220446049250313e-16
vn -0.8660253998985324 0.5000000067305869 -1.1102230395700616e-16
vn -0.8660253998985324 -0.5000000067305869 1.1102230395700616e-16
vn -2.4492937051703357e-16 -1 2.220446049250313e-16
vn 0 -1 2.220446049250313e-16
vn 0.8660253998985324 -0.5000000067305869 1.1102230395700616e-16
vn 0.8660253998985324 0.5000000067305869 -1.1102230395700616e-16
vn 1.2246468525851679e-16 1 -2.220446049250313e-16
vn -0.8660253998985324 0.5000000067305869 -1.1102230395700616e-16
vn -0.8660253998985324 -0.5000000067305869 1.1102230395700616e-16
vn -2.4492937051703357e-16 -1 2.220446049250313e-16
vn 0 2.220446049250313e-16 1
vn 0 2.220446049250313e-16 1
vn 0 2.220446049250313e-16 1
vn 0 2.220446049250313e-16 1
vn 0 2.220446049250313e-16 1
vn 0 2.220446049250313e-16 1
vn 0 2.220446049250313e-16 1
vn 0 2.220446049250313e-16 1
vn 0 2.220446049250313e-16 1
vn 0 2.220446049250313e-16 1
vn 0 2.220446049250313e-16 1
vn 0 2.220446049250313e-16 1
vn 0 2.220446049250313e-16 1
vn 0 -2.220446049250313e-16 -1
vn 0 -2.220446049250313e-16 -1
vn 0 -2.220446049250313e-16 -1
vn 0 -2.220446049250313e-16 -1
vn 0 -2.220446049250313e-16 -1
vn 0 -2.220446049250313e-16 -1
vn 0 -2.220446049250313e-16 -1
vn 0 -2.220446049250313e-16 -1
vn 0 -2.220446049250313e-16 -1
vn 0 -2.220446049250313e-16 -1
vn 0 -2.220446049250313e-16 -1
vn 0 -2.220446049250313e-16 -1
vn 0 -2.220446049250313e-16 -1
f 3185/3185/3185 3192/3192/3192 3186/3186/3186
f 3192/3192/3192 3193/3193/3193 3186/3186/3186
f 3186/3186/3186 3193/3193/3193 3187/3187/3187
f 3193/3193/3193 3194/3194/3194 3187/3187/3187
f 3187/3187/3187 3194/3194/3194 3188/3188/3188
f 3194/3194/3194 3195/3195/3195 3188/3188/3188
f 3188/3188/3188 3195/3195/3195 3189/3189/3189
f 3195/3195/3195 3196/3196/3196 3189/3189/3189
f 3189/3189/3189 3196/3196/3196 3190/3190/3190
f 3196/3196/3196 3197/3197/3197 3190/3190/3190
f 3190/3190/3190 3197/3197/3197 3191/3191/3191
f 3197/3197/3197 3198/3198/3198 3191/3191/3191
f 3205/3205/3205 3206/3206/3206 3199/3199/3199
f 3206/3206/3206 3207/3207/3207 3200/3200/3200
f 3207/3207/3207 3208/3208/3208 3201/3201/3201
f 3208/3208/3208 3209/3209/3209 3202/3202/3202
f 3209/3209/3209 3210/3210/3210 3203/3203/3203
f 3210/3210/3210 3211/3211/3211 3204/3204/3204
f 3219/3219/3219 3218/3218/3218 3212/3212/3212
f 3220/3220/3220 3219/3219/3219 3213/3213/3213
f 3221/3221/3221 3220/3220/3220 3214/3214/3214
f 3222/3222/3222 3221/3221/3221 3215/3215/3215
f 3223/3223/3223 3222/3222/3222 3216/3216/3216
f 3224/3224/3224 3223/3223/3223 3217/3217/3217
o badge_center
usemtl navyD
v -0.15 0.9049999998509883 0.22999999977648258
v -0.11968911029398441 0.9224999999254941 0.22999999977648258
v -0.11968911029398441 0.9575000000745058 0.22999999977648258
v -0.15 0.9750000001490116 0.22999999977648258
v -0.18031088970601558 0.9575000000745058 0.22999999977648258
v -0.18031088970601558 0.9224999999254941 0.22999999977648258
v -0.15 0.9049999998509883 0.22999999977648258
v -0.15 0.9049999998509883 0.21000000022351742
v -0.11968911029398441 0.9224999999254941 0.21000000022351742
v -0.11968911029398441 0.9575000000745058 0.21000000022351742
v -0.15 0.9750000001490116 0.21000000022351742
v -0.18031088970601558 0.9575000000745058 0.21000000022351742
v -0.18031088970601558 0.9224999999254941 0.21000000022351742
v -0.15 0.9049999998509883 0.21000000022351742
v -0.15 0.94 0.22999999977648258
v -0.15 0.94 0.22999999977648258
v -0.15 0.94 0.22999999977648258
v -0.15 0.94 0.22999999977648258
v -0.15 0.94 0.22999999977648258
v -0.15 0.94 0.22999999977648258
v -0.15 0.9049999998509883 0.22999999977648258
v -0.11968911029398441 0.9224999999254941 0.22999999977648258
v -0.11968911029398441 0.9575000000745058 0.22999999977648258
v -0.15 0.9750000001490116 0.22999999977648258
v -0.18031088970601558 0.9575000000745058 0.22999999977648258
v -0.18031088970601558 0.9224999999254941 0.22999999977648258
v -0.15 0.9049999998509883 0.22999999977648258
v -0.15 0.94 0.21000000022351742
v -0.15 0.94 0.21000000022351742
v -0.15 0.94 0.21000000022351742
v -0.15 0.94 0.21000000022351742
v -0.15 0.94 0.21000000022351742
v -0.15 0.94 0.21000000022351742
v -0.15 0.9049999998509883 0.21000000022351742
v -0.11968911029398441 0.9224999999254941 0.21000000022351742
v -0.11968911029398441 0.9575000000745058 0.21000000022351742
v -0.15 0.9750000001490116 0.21000000022351742
v -0.18031088970601558 0.9575000000745058 0.21000000022351742
v -0.18031088970601558 0.9224999999254941 0.21000000022351742
v -0.15 0.9049999998509883 0.21000000022351742
vt 0 1
vt 0.1666666716337204 1
vt 0.3333333432674408 1
vt 0.5 1
vt 0.6666666865348816 1
vt 0.8333333134651184 1
vt 1 1
vt 0 0
vt 0.1666666716337204 0
vt 0.3333333432674408 0
vt 0.5 0
vt 0.6666666865348816 0
vt 0.8333333134651184 0
vt 1 0
vt 0.5 0.5
vt 0.5 0.5
vt 0.5 0.5
vt 0.5 0.5
vt 0.5 0.5
vt 0.5 0.5
vt 1 0.5
vt 0.75 0.9330127239227295
vt 0.25 0.9330127239227295
vt 0 0.5
vt 0.25 0.0669872984290123
vt 0.75 0.0669872984290123
vt 1 0.5
vt 0.5 0.5
vt 0.5 0.5
vt 0.5 0.5
vt 0.5 0.5
vt 0.5 0.5
vt 0.5 0.5
vt 1 0.5
vt 0.75 0.0669872984290123
vt 0.25 0.0669872984290123
vt 0 0.5
vt 0.25 0.9330127239227295
vt 0.75 0.9330127239227295
vt 1 0.5
vn 0 -1 2.220446049250313e-16
vn 0.8660253998985324 -0.5000000067305869 1.1102230395700616e-16
vn 0.8660253998985324 0.5000000067305869 -1.1102230395700616e-16
vn 1.2246468525851679e-16 1 -2.220446049250313e-16
vn -0.8660253998985324 0.5000000067305869 -1.1102230395700616e-16
vn -0.8660253998985324 -0.5000000067305869 1.1102230395700616e-16
vn -2.4492937051703357e-16 -1 2.220446049250313e-16
vn 0 -1 2.220446049250313e-16
vn 0.8660253998985324 -0.5000000067305869 1.1102230395700616e-16
vn 0.8660253998985324 0.5000000067305869 -1.1102230395700616e-16
vn 1.2246468525851679e-16 1 -2.220446049250313e-16
vn -0.8660253998985324 0.5000000067305869 -1.1102230395700616e-16
vn -0.8660253998985324 -0.5000000067305869 1.1102230395700616e-16
vn -2.4492937051703357e-16 -1 2.220446049250313e-16
vn 0 2.220446049250313e-16 1
vn 0 2.220446049250313e-16 1
vn 0 2.220446049250313e-16 1
vn 0 2.220446049250313e-16 1
vn 0 2.220446049250313e-16 1
vn 0 2.220446049250313e-16 1
vn 0 2.220446049250313e-16 1
vn 0 2.220446049250313e-16 1
vn 0 2.220446049250313e-16 1
vn 0 2.220446049250313e-16 1
vn 0 2.220446049250313e-16 1
vn 0 2.220446049250313e-16 1
vn 0 2.220446049250313e-16 1
vn 0 -2.220446049250313e-16 -1
vn 0 -2.220446049250313e-16 -1
vn 0 -2.220446049250313e-16 -1
vn 0 -2.220446049250313e-16 -1
vn 0 -2.220446049250313e-16 -1
vn 0 -2.220446049250313e-16 -1
vn 0 -2.220446049250313e-16 -1
vn 0 -2.220446049250313e-16 -1
vn 0 -2.220446049250313e-16 -1
vn 0 -2.220446049250313e-16 -1
vn 0 -2.220446049250313e-16 -1
vn 0 -2.220446049250313e-16 -1
vn 0 -2.220446049250313e-16 -1
f 3225/3225/3225 3232/3232/3232 3226/3226/3226
f 3232/3232/3232 3233/3233/3233 3226/3226/3226
f 3226/3226/3226 3233/3233/3233 3227/3227/3227
f 3233/3233/3233 3234/3234/3234 3227/3227/3227
f 3227/3227/3227 3234/3234/3234 3228/3228/3228
f 3234/3234/3234 3235/3235/3235 3228/3228/3228
f 3228/3228/3228 3235/3235/3235 3229/3229/3229
f 3235/3235/3235 3236/3236/3236 3229/3229/3229
f 3229/3229/3229 3236/3236/3236 3230/3230/3230
f 3236/3236/3236 3237/3237/3237 3230/3230/3230
f 3230/3230/3230 3237/3237/3237 3231/3231/3231
f 3237/3237/3237 3238/3238/3238 3231/3231/3231
f 3245/3245/3245 3246/3246/3246 3239/3239/3239
f 3246/3246/3246 3247/3247/3247 3240/3240/3240
f 3247/3247/3247 3248/3248/3248 3241/3241/3241
f 3248/3248/3248 3249/3249/3249 3242/3242/3242
f 3249/3249/3249 3250/3250/3250 3243/3243/3243
f 3250/3250/3250 3251/3251/3251 3244/3244/3244
f 3259/3259/3259 3258/3258/3258 3252/3252/3252
f 3260/3260/3260 3259/3259/3259 3253/3253/3253
f 3261/3261/3261 3260/3260/3260 3254/3254/3254
f 3262/3262/3262 3261/3261/3261 3255/3255/3255
f 3263/3263/3263 3262/3262/3262 3256/3256/3256
f 3264/3264/3264 3263/3263/3263 3257/3257/3257
o name_bar
usemtl white
v 0.17500000298023224 0.8425000008940696 0.22999999977648258
v 0.17500000298023224 0.8425000008940696 0.21000000022351742
v 0.17500000298023224 0.7974999991059303 0.22999999977648258
v 0.17500000298023224 0.7974999991059303 0.21000000022351742
v 0.024999997019767767 0.8425000008940696 0.21000000022351742
v 0.024999997019767767 0.8425000008940696 0.22999999977648258
v 0.024999997019767767 0.7974999991059303 0.21000000022351742
v 0.024999997019767767 0.7974999991059303 0.22999999977648258
v 0.024999997019767767 0.8425000008940696 0.21000000022351742
v 0.17500000298023224 0.8425000008940696 0.21000000022351742
v 0.024999997019767767 0.8425000008940696 0.22999999977648258
v 0.17500000298023224 0.8425000008940696 0.22999999977648258
v 0.024999997019767767 0.7974999991059303 0.22999999977648258
v 0.17500000298023224 0.7974999991059303 0.22999999977648258
v 0.024999997019767767 0.7974999991059303 0.21000000022351742
v 0.17500000298023224 0.7974999991059303 0.21000000022351742
v 0.024999997019767767 0.8425000008940696 0.22999999977648258
v 0.17500000298023224 0.8425000008940696 0.22999999977648258
v 0.024999997019767767 0.7974999991059303 0.22999999977648258
v 0.17500000298023224 0.7974999991059303 0.22999999977648258
v 0.17500000298023224 0.8425000008940696 0.21000000022351742
v 0.024999997019767767 0.8425000008940696 0.21000000022351742
v 0.17500000298023224 0.7974999991059303 0.21000000022351742
v 0.024999997019767767 0.7974999991059303 0.21000000022351742
vt 0 1
vt 1 1
vt 0 0
vt 1 0
vt 0 1
vt 1 1
vt 0 0
vt 1 0
vt 0 1
vt 1 1
vt 0 0
vt 1 0
vt 0 1
vt 1 1
vt 0 0
vt 1 0
vt 0 1
vt 1 1
vt 0 0
vt 1 0
vt 0 1
vt 1 1
vt 0 0
vt 1 0
vn 1 0 0
vn 1 0 0
vn 1 0 0
vn 1 0 0
vn -1 0 0
vn -1 0 0
vn -1 0 0
vn -1 0 0
vn 0 1 0
vn 0 1 0
vn 0 1 0
vn 0 1 0
vn 0 -1 0
vn 0 -1 0
vn 0 -1 0
vn 0 -1 0
vn 0 0 1
vn 0 0 1
vn 0 0 1
vn 0 0 1
vn 0 0 -1
vn 0 0 -1
vn 0 0 -1
vn 0 0 -1
f 3265/3265/3265 3267/3267/3267 3266/3266/3266
f 3267/3267/3267 3268/3268/3268 3266/3266/3266
f 3269/3269/3269 3271/3271/3271 3270/3270/3270
f 3271/3271/3271 3272/3272/3272 3270/3270/3270
f 3273/3273/3273 3275/3275/3275 3274/3274/3274
f 3275/3275/3275 3276/3276/3276 3274/3274/3274
f 3277/3277/3277 3279/3279/3279 3278/3278/3278
f 3279/3279/3279 3280/3280/3280 3278/3278/3278
f 3281/3281/3281 3283/3283/3283 3282/3282/3282
f 3283/3283/3283 3284/3284/3284 3282/3282/3282
f 3285/3285/3285 3287/3287/3287 3286/3286/3286
f 3287/3287/3287 3288/3288/3288 3286/3286/3286
o duty_belt
usemtl black
v 0 0.4549999997019768 0.3100000023841858
v 0.1822134256362915 0.4549999997019768 0.25079527497291565
v 0.29482752084732056 0.4549999997019768 0.09579526633024216
v 0.29482752084732056 0.4549999997019768 -0.09579526633024216
v 0.1822134256362915 0.4549999997019768 -0.25079527497291565
v 3.7964049783162243e-17 0.4549999997019768 -0.3100000023841858
v -0.1822134256362915 0.4549999997019768 -0.25079527497291565
v -0.29482752084732056 0.4549999997019768 -0.09579526633024216
v -0.29482752084732056 0.4549999997019768 0.09579526633024216
v -0.1822134256362915 0.4549999997019768 0.25079527497291565
v -7.592809956632449e-17 0.4549999997019768 0.3100000023841858
v 0 0.34500000029802325 0.3100000023841858
v 0.1822134256362915 0.34500000029802325 0.25079527497291565
v 0.29482752084732056 0.34500000029802325 0.09579526633024216
v 0.29482752084732056 0.34500000029802325 -0.09579526633024216
v 0.1822134256362915 0.34500000029802325 -0.25079527497291565
v 3.7964049783162243e-17 0.34500000029802325 -0.3100000023841858
v -0.1822134256362915 0.34500000029802325 -0.25079527497291565
v -0.29482752084732056 0.34500000029802325 -0.09579526633024216
v -0.29482752084732056 0.34500000029802325 0.09579526633024216
v -0.1822134256362915 0.34500000029802325 0.25079527497291565
v -7.592809956632449e-17 0.34500000029802325 0.3100000023841858
v 0 0.4549999997019768 0
v 0 0.4549999997019768 0
v 0 0.4549999997019768 0
v 0 0.4549999997019768 0
v 0 0.4549999997019768 0
v 0 0.4549999997019768 0
v 0 0.4549999997019768 0
v 0 0.4549999997019768 0
v 0 0.4549999997019768 0
v 0 0.4549999997019768 0
v 0 0.4549999997019768 0.3100000023841858
v 0.1822134256362915 0.4549999997019768 0.25079527497291565
v 0.29482752084732056 0.4549999997019768 0.09579526633024216
v 0.29482752084732056 0.4549999997019768 -0.09579526633024216
v 0.1822134256362915 0.4549999997019768 -0.25079527497291565
v 3.7964049783162243e-17 0.4549999997019768 -0.3100000023841858
v -0.1822134256362915 0.4549999997019768 -0.25079527497291565
v -0.29482752084732056 0.4549999997019768 -0.09579526633024216
v -0.29482752084732056 0.4549999997019768 0.09579526633024216
v -0.1822134256362915 0.4549999997019768 0.25079527497291565
v -7.592809956632449e-17 0.4549999997019768 0.3100000023841858
v 0 0.34500000029802325 0
v 0 0.34500000029802325 0
v 0 0.34500000029802325 0
v 0 0.34500000029802325 0
v 0 0.34500000029802325 0
v 0 0.34500000029802325 0
v 0 0.34500000029802325 0
v 0 0.34500000029802325 0
v 0 0.34500000029802325 0
v 0 0.34500000029802325 0
v 0 0.34500000029802325 0.3100000023841858
v 0.1822134256362915 0.34500000029802325 0.25079527497291565
v 0.29482752084732056 0.34500000029802325 0.09579526633024216
v 0.29482752084732056 0.34500000029802325 -0.09579526633024216
v 0.1822134256362915 0.34500000029802325 -0.25079527497291565
v 3.7964049783162243e-17 0.34500000029802325 -0.3100000023841858
v -0.1822134256362915 0.34500000029802325 -0.25079527497291565
v -0.29482752084732056 0.34500000029802325 -0.09579526633024216
v -0.29482752084732056 0.34500000029802325 0.09579526633024216
v -0.1822134256362915 0.34500000029802325 0.25079527497291565
v -7.592809956632449e-17 0.34500000029802325 0.3100000023841858
vt 0 1
vt 0.10000000149011612 1
vt 0.20000000298023224 1
vt 0.30000001192092896 1
vt 0.4000000059604645 1
vt 0.5 1
vt 0.6000000238418579 1
vt 0.699999988079071 1
vt 0.800000011920929 1
vt 0.8999999761581421 1
vt 1 1
vt 0 0
vt 0.10000000149011612 0
vt 0.20000000298023224 0
vt 0.30000001192092896 0
vt 0.4000000059604645 0
vt 0.5 0
vt 0.6000000238418579 0
vt 0.699999988079071 0
vt 0.800000011920929 0
vt 0.8999999761581421 0
vt 1 0
vt 0.5 0.5
vt 0.5 0.5
vt 0.5 0.5
vt 0.5 0.5
vt 0.5 0.5
vt 0.5 0.5
vt 0.5 0.5
vt 0.5 0.5
vt 0.5 0.5
vt 0.5 0.5
vt 1 0.5
vt 0.9045084714889526 0.7938926219940186
vt 0.6545084714889526 0.9755282402038574
vt 0.345491498708725 0.9755282402038574
vt 0.09549150615930557 0.7938926219940186
vt 0 0.5
vt 0.09549150615930557 0.20610737800598145
vt 0.345491498708725 0.024471741169691086
vt 0.6545084714889526 0.024471741169691086
vt 0.9045084714889526 0.20610737800598145
vt 1 0.5
vt 0.5 0.5
vt 0.5 0.5
vt 0.5 0.5
vt 0.5 0.5
vt 0.5 0.5
vt 0.5 0.5
vt 0.5 0.5
vt 0.5 0.5
vt 0.5 0.5
vt 0.5 0.5
vt 1 0.5
vt 0.9045084714889526 0.20610737800598145
vt 0.6545084714889526 0.024471741169691086
vt 0.345491498708725 0.024471741169691086
vt 0.09549150615930557 0.20610737800598145
vt 0 0.5
vt 0.09549150615930557 0.7938926219940186
vt 0.345491498708725 0.9755282402038574
vt 0.6545084714889526 0.9755282402038574
vt 0.9045084714889526 0.7938926219940186
vt 1 0.5
vn 0 0 1
vn 0.5877852429542022 0 0.8090170011595983
vn 0.9510565161477913 0 0.3090169948284817
vn 0.9510565161477913 0 -0.3090169948284817
vn 0.5877852429542022 0 -0.8090170011595983
vn 1.2246468525851679e-16 0 -1
vn -0.5877852429542022 0 -0.8090170011595983
vn -0.9510565161477913 0 -0.3090169948284817
vn -0.9510565161477913 0 0.3090169948284817
vn -0.5877852429542022 0 0.8090170011595983
vn -2.4492937051703357e-16 0 1
vn 0 0 1
vn 0.5877852429542022 0 0.8090170011595983
vn 0.9510565161477913 0 0.3090169948284817
vn 0.9510565161477913 0 -0.3090169948284817
vn 0.5877852429542022 0 -0.8090170011595983
vn 1.2246468525851679e-16 0 -1
vn -0.5877852429542022 0 -0.8090170011595983
vn -0.9510565161477913 0 -0.3090169948284817
vn -0.9510565161477913 0 0.3090169948284817
vn -0.5877852429542022 0 0.8090170011595983
vn -2.4492937051703357e-16 0 1
vn 0 1 0
vn 0 1 0
vn 0 1 0
vn 0 1 0
vn 0 1 0
vn 0 1 0
vn 0 1 0
vn 0 1 0
vn 0 1 0
vn 0 1 0
vn 0 1 0
vn 0 1 0
vn 0 1 0
vn 0 1 0
vn 0 1 0
vn 0 1 0
vn 0 1 0
vn 0 1 0
vn 0 1 0
vn 0 1 0
vn 0 1 0
vn 0 -1 0
vn 0 -1 0
vn 0 -1 0
vn 0 -1 0
vn 0 -1 0
vn 0 -1 0
vn 0 -1 0
vn 0 -1 0
vn 0 -1 0
vn 0 -1 0
vn 0 -1 0
vn 0 -1 0
vn 0 -1 0
vn 0 -1 0
vn 0 -1 0
vn 0 -1 0
vn 0 -1 0
vn 0 -1 0
vn 0 -1 0
vn 0 -1 0
vn 0 -1 0
f 3289/3289/3289 3300/3300/3300 3290/3290/3290
f 3300/3300/3300 3301/3301/3301 3290/3290/3290
f 3290/3290/3290 3301/3301/3301 3291/3291/3291
f 3301/3301/3301 3302/3302/3302 3291/3291/3291
f 3291/3291/3291 3302/3302/3302 3292/3292/3292
f 3302/3302/3302 3303/3303/3303 3292/3292/3292
f 3292/3292/3292 3303/3303/3303 3293/3293/3293
f 3303/3303/3303 3304/3304/3304 3293/3293/3293
f 3293/3293/3293 3304/3304/3304 3294/3294/3294
f 3304/3304/3304 3305/3305/3305 3294/3294/3294
f 3294/3294/3294 3305/3305/3305 3295/3295/3295
f 3305/3305/3305 3306/3306/3306 3295/3295/3295
f 3295/3295/3295 3306/3306/3306 3296/3296/3296
f 3306/3306/3306 3307/3307/3307 3296/3296/3296
f 3296/3296/3296 3307/3307/3307 3297/3297/3297
f 3307/3307/3307 3308/3308/3308 3297/3297/3297
f 3297/3297/3297 3308/3308/3308 3298/3298/3298
f 3308/3308/3308 3309/3309/3309 3298/3298/3298
f 3298/3298/3298 3309/3309/3309 3299/3299/3299
f 3309/3309/3309 3310/3310/3310 3299/3299/3299
f 3321/3321/3321 3322/3322/3322 3311/3311/3311
f 3322/3322/3322 3323/3323/3323 3312/3312/3312
f 3323/3323/3323 3324/3324/3324 3313/3313/3313
f 3324/3324/3324 3325/3325/3325 3314/3314/3314
f 3325/3325/3325 3326/3326/3326 3315/3315/3315
f 3326/3326/3326 3327/3327/3327 3316/3316/3316
f 3327/3327/3327 3328/3328/3328 3317/3317/3317
f 3328/3328/3328 3329/3329/3329 3318/3318/3318
f 3329/3329/3329 3330/3330/3330 3319/3319/3319
f 3330/3330/3330 3331/3331/3331 3320/3320/3320
f 3343/3343/3343 3342/3342/3342 3332/3332/3332
f 3344/3344/3344 3343/3343/3343 3333/3333/3333
f 3345/3345/3345 3344/3344/3344 3334/3334/3334
f 3346/3346/3346 3345/3345/3345 3335/3335/3335
f 3347/3347/3347 3346/3346/3346 3336/3336/3336
f 3348/3348/3348 3347/3347/3347 3337/3337/3337
f 3349/3349/3349 3348/3348/3348 3338/3338/3338
f 3350/3350/3350 3349/3349/3349 3339/3339/3339
f 3351/3351/3351 3350/3350/3350 3340/3340/3340
f 3352/3352/3352 3351/3351/3351 3341/3341/3341
o belt_buckle
usemtl brass
v 0.06499999761581421 0.43999999910593035 0.31499999966472386
v 0.06499999761581421 0.43999999910593035 0.2850000003352761
v 0.06499999761581421 0.3600000008940697 0.31499999966472386
v 0.06499999761581421 0.3600000008940697 0.2850000003352761
v -0.06499999761581421 0.43999999910593035 0.2850000003352761
v -0.06499999761581421 0.43999999910593035 0.31499999966472386
v -0.06499999761581421 0.3600000008940697 0.2850000003352761
v -0.06499999761581421 0.3600000008940697 0.31499999966472386
v -0.06499999761581421 0.43999999910593035 0.2850000003352761
v 0.06499999761581421 0.43999999910593035 0.2850000003352761
v -0.06499999761581421 0.43999999910593035 0.31499999966472386
v 0.06499999761581421 0.43999999910593035 0.31499999966472386
v -0.06499999761581421 0.3600000008940697 0.31499999966472386
v 0.06499999761581421 0.3600000008940697 0.31499999966472386
v -0.06499999761581421 0.3600000008940697 0.2850000003352761
v 0.06499999761581421 0.3600000008940697 0.2850000003352761
v -0.06499999761581421 0.43999999910593035 0.31499999966472386
v 0.06499999761581421 0.43999999910593035 0.31499999966472386
v -0.06499999761581421 0.3600000008940697 0.31499999966472386
v 0.06499999761581421 0.3600000008940697 0.31499999966472386
v 0.06499999761581421 0.43999999910593035 0.2850000003352761
v -0.06499999761581421 0.43999999910593035 0.2850000003352761
v 0.06499999761581421 0.3600000008940697 0.2850000003352761
v -0.06499999761581421 0.3600000008940697 0.2850000003352761
vt 0 1
vt 1 1
vt 0 0
vt 1 0
vt 0 1
vt 1 1
vt 0 0
vt 1 0
vt 0 1
vt 1 1
vt 0 0
vt 1 0
vt 0 1
vt 1 1
vt 0 0
vt 1 0
vt 0 1
vt 1 1
vt 0 0
vt 1 0
vt 0 1
vt 1 1
vt 0 0
vt 1 0
vn 1 0 0
vn 1 0 0
vn 1 0 0
vn 1 0 0
vn -1 0 0
vn -1 0 0
vn -1 0 0
vn -1 0 0
vn 0 1 0
vn 0 1 0
vn 0 1 0
vn 0 1 0
vn 0 -1 0
vn 0 -1 0
vn 0 -1 0
vn 0 -1 0
vn 0 0 1
vn 0 0 1
vn 0 0 1
vn 0 0 1
vn 0 0 -1
vn 0 0 -1
vn 0 0 -1
vn 0 0 -1
f 3353/3353/3353 3355/3355/3355 3354/3354/3354
f 3355/3355/3355 3356/3356/3356 3354/3354/3354
f 3357/3357/3357 3359/3359/3359 3358/3358/3358
f 3359/3359/3359 3360/3360/3360 3358/3358/3358
f 3361/3361/3361 3363/3363/3363 3362/3362/3362
f 3363/3363/3363 3364/3364/3364 3362/3362/3362
f 3365/3365/3365 3367/3367/3367 3366/3366/3366
f 3367/3367/3367 3368/3368/3368 3366/3366/3366
f 3369/3369/3369 3371/3371/3371 3370/3370/3370
f 3371/3371/3371 3372/3372/3372 3370/3370/3370
f 3373/3373/3373 3375/3375/3375 3374/3374/3374
f 3375/3375/3375 3376/3376/3376 3374/3374/3374
o belt_stud
usemtl steelD
v 0.2929869829118252 0.4 0.010514622554183006
v 0.31 0.41051462255418303 0.01701301708817482
v 0.299485377445817 0.41701301708817484 0
v 0.31 0.41051462255418303 0.01701301708817482
v 0.320514622554183 0.41701301708817484 0
v 0.299485377445817 0.41701301708817484 0
v 0.320514622554183 0.41701301708817484 0
v 0.31 0.41051462255418303 -0.01701301708817482
v 0.299485377445817 0.41701301708817484 0
v 0.31 0.41051462255418303 -0.01701301708817482
v 0.2929869829118252 0.4 -0.010514622554183006
v 0.299485377445817 0.41701301708817484 0
v 0.2929869829118252 0.4 -0.010514622554183006
v 0.2929869829118252 0.4 0.010514622554183006
v 0.299485377445817 0.41701301708817484 0
v 0.31 0.41051462255418303 0.01701301708817482
v 0.3270130170881748 0.4 0.010514622554183006
v 0.320514622554183 0.41701301708817484 0
v 0.2929869829118252 0.4 0.010514622554183006
v 0.31 0.389485377445817 0.01701301708817482
v 0.31 0.41051462255418303 0.01701301708817482
v 0.2929869829118252 0.4 -0.010514622554183006
v 0.299485377445817 0.3829869829118252 0
v 0.2929869829118252 0.4 0.010514622554183006
v 0.31 0.41051462255418303 -0.01701301708817482
v 0.31 0.389485377445817 -0.01701301708817482
v 0.2929869829118252 0.4 -0.010514622554183006
v 0.320514622554183 0.41701301708817484 0
v 0.3270130170881748 0.4 -0.010514622554183006
v 0.31 0.41051462255418303 -0.01701301708817482
v 0.3270130170881748 0.4 0.010514622554183006
v 0.31 0.389485377445817 0.01701301708817482
v 0.320514622554183 0.3829869829118252 0
v 0.31 0.389485377445817 0.01701301708817482
v 0.299485377445817 0.3829869829118252 0
v 0.320514622554183 0.3829869829118252 0
v 0.299485377445817 0.3829869829118252 0
v 0.31 0.389485377445817 -0.01701301708817482
v 0.320514622554183 0.3829869829118252 0
v 0.31 0.389485377445817 -0.01701301708817482
v 0.3270130170881748 0.4 -0.010514622554183006
v 0.320514622554183 0.3829869829118252 0
v 0.3270130170881748 0.4 -0.010514622554183006
v 0.3270130170881748 0.4 0.010514622554183006
v 0.320514622554183 0.3829869829118252 0
v 0.3270130170881748 0.4 0.010514622554183006
v 0.31 0.41051462255418303 0.01701301708817482
v 0.31 0.389485377445817 0.01701301708817482
v 0.31 0.389485377445817 0.01701301708817482
v 0.2929869829118252 0.4 0.010514622554183006
v 0.299485377445817 0.3829869829118252 0
v 0.299485377445817 0.3829869829118252 0
v 0.2929869829118252 0.4 -0.010514622554183006
v 0.31 0.389485377445817 -0.01701301708817482
v 0.31 0.389485377445817 -0.01701301708817482
v 0.31 0.41051462255418303 -0.01701301708817482
v 0.3270130170881748 0.4 -0.010514622554183006
v 0.3270130170881748 0.4 -0.010514622554183006
v 0.320514622554183 0.41701301708817484 0
v 0.3270130170881748 0.4 0.010514622554183006
vt 0.5881040692329407 0.5
vt 0.75 0.6762081980705261
vt 0.5 0.8237918019294739
vt 0.75 0.6762081980705261
vt 1 0.8237918019294739
vt 0.5 0.8237918019294739
vt 0 0.8237918019294739
vt 0.25 0.6762081980705261
vt 0.5 0.8237918019294739
vt 0.25 0.6762081980705261
vt 0.41189590096473694 0.5
vt 0.5 0.8237918019294739
vt 0.41189590096473694 0.5
vt 0.5881040692329407 0.5
vt 0.5 0.8237918019294739
vt 0.75 0.6762081980705261
vt 0.9118959307670593 0.5
vt 1 0.8237918019294739
vt 0.5881040692329407 0.5
vt 0.75 0.3237918019294739
vt 0.75 0.6762081980705261
vt 0.41189590096473694 0.5
vt 0.5 0.17620819807052612
vt 0.5881040692329407 0.5
vt 0.25 0.6762081980705261
vt 0.25 0.3237918019294739
vt 0.41189590096473694 0.5
vt 0 0.8237918019294739
vt 0.08810409903526306 0.5
vt 0.25 0.6762081980705261
vt 0.9118959307670593 0.5
vt 0.75 0.3237918019294739
vt 1 0.17620819807052612
vt 0.75 0.3237918019294739
vt 0.5 0.17620819807052612
vt 1 0.17620819807052612
vt 0.5 0.17620819807052612
vt 0.25 0.3237918019294739
vt 0 0.17620819807052612
vt 0.25 0.3237918019294739
vt 0.08810409903526306 0.5
vt 0 0.17620819807052612
vt 1.0881041288375854 0.5
vt 0.9118959307670593 0.5
vt 1 0.17620819807052612
vt 0.9118959307670593 0.5
vt 0.75 0.6762081980705261
vt 0.75 0.3237918019294739
vt 0.75 0.3237918019294739
vt 0.5881040692329407 0.5
vt 0.5 0.17620819807052612
vt 0.5 0.17620819807052612
vt 0.41189590096473694 0.5
vt 0.25 0.3237918019294739
vt 0.25 0.3237918019294739
vt 0.25 0.6762081980705261
vt 0.08810409903526306 0.5
vt 1.0881041288375854 0.5
vt 1 0.8237918019294739
vt 0.9118959307670593 0.5
vn -0.5773502691896257 0.5773502691896257 0.5773502691896257
vn -0.5773502691896257 0.5773502691896257 0.5773502691896257
vn -0.5773502691896257 0.5773502691896257 0.5773502691896257
vn 0 0.9341723510700028 0.35682211043647993
vn 0 0.9341723510700028 0.35682211043647993
vn 0 0.9341723510700028 0.35682211043647993
vn 0 0.9341723510700028 -0.35682211043647993
vn 0 0.9341723510700028 -0.35682211043647993
vn 0 0.9341723510700028 -0.35682211043647993
vn -0.5773502691896257 0.5773502691896257 -0.5773502691896257
vn -0.5773502691896257 0.5773502691896257 -0.5773502691896257
vn -0.5773502691896257 0.5773502691896257 -0.5773502691896257
vn -0.9341723510700028 0.35682211043647993 0
vn -0.9341723510700028 0.35682211043647993 0
vn -0.9341723510700028 0.35682211043647993 0
vn 0.5773502691896257 0.5773502691896257 0.5773502691896257
vn 0.5773502691896257 0.5773502691896257 0.5773502691896257
vn 0.5773502691896257 0.5773502691896257 0.5773502691896257
vn -0.35682211043647993 0 0.9341723510700028
vn -0.35682211043647993 0 0.9341723510700028
vn -0.35682211043647993 0 0.9341723510700028
vn -0.9341723510700028 -0.35682211043647993 0
vn -0.9341723510700028 -0.35682211043647993 0
vn -0.9341723510700028 -0.35682211043647993 0
vn -0.35682211043647993 0 -0.9341723510700028
vn -0.35682211043647993 0 -0.9341723510700028
vn -0.35682211043647993 0 -0.9341723510700028
vn 0.5773502691896257 0.5773502691896257 -0.5773502691896257
vn 0.5773502691896257 0.5773502691896257 -0.5773502691896257
vn 0.5773502691896257 0.5773502691896257 -0.5773502691896257
vn 0.5773502691896257 -0.5773502691896257 0.5773502691896257
vn 0.5773502691896257 -0.5773502691896257 0.5773502691896257
vn 0.5773502691896257 -0.5773502691896257 0.5773502691896257
vn 0 -0.9341723510700028 0.35682211043647993
vn 0 -0.9341723510700028 0.35682211043647993
vn 0 -0.9341723510700028 0.35682211043647993
vn 0 -0.9341723510700028 -0.35682211043647993
vn 0 -0.9341723510700028 -0.35682211043647993
vn 0 -0.9341723510700028 -0.35682211043647993
vn 0.5773502691896257 -0.5773502691896257 -0.5773502691896257
vn 0.5773502691896257 -0.5773502691896257 -0.5773502691896257
vn 0.5773502691896257 -0.5773502691896257 -0.5773502691896257
vn 0.9341723510700028 -0.35682211043647993 0
vn 0.9341723510700028 -0.35682211043647993 0
vn 0.9341723510700028 -0.35682211043647993 0
vn 0.35682211043647993 0 0.9341723510700028
vn 0.35682211043647993 0 0.9341723510700028
vn 0.35682211043647993 0 0.9341723510700028
vn -0.5773502691896257 -0.5773502691896257 0.5773502691896257
vn -0.5773502691896257 -0.5773502691896257 0.5773502691896257
vn -0.5773502691896257 -0.5773502691896257 0.5773502691896257
vn -0.5773502691896257 -0.5773502691896257 -0.5773502691896257
vn -0.5773502691896257 -0.5773502691896257 -0.5773502691896257
vn -0.5773502691896257 -0.5773502691896257 -0.5773502691896257
vn 0.35682211043647993 0 -0.9341723510700028
vn 0.35682211043647993 0 -0.9341723510700028
vn 0.35682211043647993 0 -0.9341723510700028
vn 0.9341723510700028 0.35682211043647993 0
vn 0.9341723510700028 0.35682211043647993 0
vn 0.9341723510700028 0.35682211043647993 0
f 3377/3377/3377 3378/3378/3378 3379/3379/3379
f 3380/3380/3380 3381/3381/3381 3382/3382/3382
f 3383/3383/3383 3384/3384/3384 3385/3385/3385
f 3386/3386/3386 3387/3387/3387 3388/3388/3388
f 3389/3389/3389 3390/3390/3390 3391/3391/3391
f 3392/3392/3392 3393/3393/3393 3394/3394/3394
f 3395/3395/3395 3396/3396/3396 3397/3397/3397
f 3398/3398/3398 3399/3399/3399 3400/3400/3400
f 3401/3401/3401 3402/3402/3402 3403/3403/3403
f 3404/3404/3404 3405/3405/3405 3406/3406/3406
f 3407/3407/3407 3408/3408/3408 3409/3409/3409
f 3410/3410/3410 3411/3411/3411 3412/3412/3412
f 3413/3413/3413 3414/3414/3414 3415/3415/3415
f 3416/3416/3416 3417/3417/3417 3418/3418/3418
f 3419/3419/3419 3420/3420/3420 3421/3421/3421
f 3422/3422/3422 3423/3423/3423 3424/3424/3424
f 3425/3425/3425 3426/3426/3426 3427/3427/3427
f 3428/3428/3428 3429/3429/3429 3430/3430/3430
f 3431/3431/3431 3432/3432/3432 3433/3433/3433
f 3434/3434/3434 3435/3435/3435 3436/3436/3436
o belt_stud
usemtl steelD
v 0.2021900850796549 0.4 0.2297177247220127
v 0.21920310216782973 0.41051462255418303 0.23621611925600453
v 0.20868847961364673 0.41701301708817484 0.2192031021678297
v 0.21920310216782973 0.41051462255418303 0.23621611925600453
v 0.22971772472201274 0.41701301708817484 0.2192031021678297
v 0.20868847961364673 0.41701301708817484 0.2192031021678297
v 0.22971772472201274 0.41701301708817484 0.2192031021678297
v 0.21920310216782973 0.41051462255418303 0.20219008507965489
v 0.20868847961364673 0.41701301708817484 0.2192031021678297
v 0.21920310216782973 0.41051462255418303 0.20219008507965489
v 0.2021900850796549 0.4 0.2086884796136467
v 0.20868847961364673 0.41701301708817484 0.2192031021678297
v 0.2021900850796549 0.4 0.2086884796136467
v 0.2021900850796549 0.4 0.2297177247220127
v 0.20868847961364673 0.41701301708817484 0.2192031021678297
v 0.21920310216782973 0.41051462255418303 0.23621611925600453
v 0.23621611925600455 0.4 0.2297177247220127
v 0.22971772472201274 0.41701301708817484 0.2192031021678297
v 0.2021900850796549 0.4 0.2297177247220127
v 0.21920310216782973 0.389485377445817 0.23621611925600453
v 0.21920310216782973 0.41051462255418303 0.23621611925600453
v 0.2021900850796549 0.4 0.2086884796136467
v 0.20868847961364673 0.3829869829118252 0.2192031021678297
v 0.2021900850796549 0.4 0.2297177247220127
v 0.21920310216782973 0.41051462255418303 0.20219008507965489
v 0.21920310216782973 0.389485377445817 0.20219008507965489
v 0.2021900850796549 0.4 0.2086884796136467
v 0.22971772472201274 0.41701301708817484 0.2192031021678297
v 0.23621611925600455 0.4 0.2086884796136467
v 0.21920310216782973 0.41051462255418303 0.20219008507965489
v 0.23621611925600455 0.4 0.2297177247220127
v 0.21920310216782973 0.389485377445817 0.23621611925600453
v 0.22971772472201274 0.3829869829118252 0.2192031021678297
v 0.21920310216782973 0.389485377445817 0.23621611925600453
v 0.20868847961364673 0.3829869829118252 0.2192031021678297
v 0.22971772472201274 0.3829869829118252 0.2192031021678297
v 0.20868847961364673 0.3829869829118252 0.2192031021678297
v 0.21920310216782973 0.389485377445817 0.20219008507965489
v 0.22971772472201274 0.3829869829118252 0.2192031021678297
v 0.21920310216782973 0.389485377445817 0.20219008507965489
v 0.23621611925600455 0.4 0.2086884796136467
v 0.22971772472201274 0.3829869829118252 0.2192031021678297
v 0.23621611925600455 0.4 0.2086884796136467
v 0.23621611925600455 0.4 0.2297177247220127
v 0.22971772472201274 0.3829869829118252 0.2192031021678297
v 0.23621611925600455 0.4 0.2297177247220127
v 0.21920310216782973 0.41051462255418303 0.23621611925600453
v 0.21920310216782973 0.389485377445817 0.23621611925600453
v 0.21920310216782973 0.389485377445817 0.23621611925600453
v 0.2021900850796549 0.4 0.2297177247220127
v 0.20868847961364673 0.3829869829118252 0.2192031021678297
v 0.20868847961364673 0.3829869829118252 0.2192031021678297
v 0.2021900850796549 0.4 0.2086884796136467
v 0.21920310216782973 0.389485377445817 0.20219008507965489
v 0.21920310216782973 0.389485377445817 0.20219008507965489
v 0.21920310216782973 0.41051462255418303 0.20219008507965489
v 0.23621611925600455 0.4 0.2086884796136467
v 0.23621611925600455 0.4 0.2086884796136467
v 0.22971772472201274 0.41701301708817484 0.2192031021678297
v 0.23621611925600455 0.4 0.2297177247220127
vt 0.5881040692329407 0.5
vt 0.75 0.6762081980705261
vt 0.5 0.8237918019294739
vt 0.75 0.6762081980705261
vt 1 0.8237918019294739
vt 0.5 0.8237918019294739
vt 0 0.8237918019294739
vt 0.25 0.6762081980705261
vt 0.5 0.8237918019294739
vt 0.25 0.6762081980705261
vt 0.41189590096473694 0.5
vt 0.5 0.8237918019294739
vt 0.41189590096473694 0.5
vt 0.5881040692329407 0.5
vt 0.5 0.8237918019294739
vt 0.75 0.6762081980705261
vt 0.9118959307670593 0.5
vt 1 0.8237918019294739
vt 0.5881040692329407 0.5
vt 0.75 0.3237918019294739
vt 0.75 0.6762081980705261
vt 0.41189590096473694 0.5
vt 0.5 0.17620819807052612
vt 0.5881040692329407 0.5
vt 0.25 0.6762081980705261
vt 0.25 0.3237918019294739
vt 0.41189590096473694 0.5
vt 0 0.8237918019294739
vt 0.08810409903526306 0.5
vt 0.25 0.6762081980705261
vt 0.9118959307670593 0.5
vt 0.75 0.3237918019294739
vt 1 0.17620819807052612
vt 0.75 0.3237918019294739
vt 0.5 0.17620819807052612
vt 1 0.17620819807052612
vt 0.5 0.17620819807052612
vt 0.25 0.3237918019294739
vt 0 0.17620819807052612
vt 0.25 0.3237918019294739
vt 0.08810409903526306 0.5
vt 0 0.17620819807052612
vt 1.0881041288375854 0.5
vt 0.9118959307670593 0.5
vt 1 0.17620819807052612
vt 0.9118959307670593 0.5
vt 0.75 0.6762081980705261
vt 0.75 0.3237918019294739
vt 0.75 0.3237918019294739
vt 0.5881040692329407 0.5
vt 0.5 0.17620819807052612
vt 0.5 0.17620819807052612
vt 0.41189590096473694 0.5
vt 0.25 0.3237918019294739
vt 0.25 0.3237918019294739
vt 0.25 0.6762081980705261
vt 0.08810409903526306 0.5
vt 1.0881041288375854 0.5
vt 1 0.8237918019294739
vt 0.9118959307670593 0.5
vn -0.5773502691896257 0.5773502691896257 0.5773502691896257
vn -0.5773502691896257 0.5773502691896257 0.5773502691896257
vn -0.5773502691896257 0.5773502691896257 0.5773502691896257
vn 0 0.9341723510700028 0.35682211043647993
vn 0 0.9341723510700028 0.35682211043647993
vn 0 0.9341723510700028 0.35682211043647993
vn 0 0.9341723510700028 -0.35682211043647993
vn 0 0.9341723510700028 -0.35682211043647993
vn 0 0.9341723510700028 -0.35682211043647993
vn -0.5773502691896257 0.5773502691896257 -0.5773502691896257
vn -0.5773502691896257 0.5773502691896257 -0.5773502691896257
vn -0.5773502691896257 0.5773502691896257 -0.5773502691896257
vn -0.9341723510700028 0.35682211043647993 0
vn -0.9341723510700028 0.35682211043647993 0
vn -0.9341723510700028 0.35682211043647993 0
vn 0.5773502691896257 0.5773502691896257 0.5773502691896257
vn 0.5773502691896257 0.5773502691896257 0.5773502691896257
vn 0.5773502691896257 0.5773502691896257 0.5773502691896257
vn -0.35682211043647993 0 0.9341723510700028
vn -0.35682211043647993 0 0.9341723510700028
vn -0.35682211043647993 0 0.9341723510700028
vn -0.9341723510700028 -0.35682211043647993 0
vn -0.9341723510700028 -0.35682211043647993 0
vn -0.9341723510700028 -0.35682211043647993 0
vn -0.35682211043647993 0 -0.9341723510700028
vn -0.35682211043647993 0 -0.9341723510700028
vn -0.35682211043647993 0 -0.9341723510700028
vn 0.5773502691896257 0.5773502691896257 -0.5773502691896257
vn 0.5773502691896257 0.5773502691896257 -0.5773502691896257
vn 0.5773502691896257 0.5773502691896257 -0.5773502691896257
vn 0.5773502691896257 -0.5773502691896257 0.5773502691896257
vn 0.5773502691896257 -0.5773502691896257 0.5773502691896257
vn 0.5773502691896257 -0.5773502691896257 0.5773502691896257
vn 0 -0.9341723510700028 0.35682211043647993
vn 0 -0.9341723510700028 0.35682211043647993
vn 0 -0.9341723510700028 0.35682211043647993
vn 0 -0.9341723510700028 -0.35682211043647993
vn 0 -0.9341723510700028 -0.35682211043647993
vn 0 -0.9341723510700028 -0.35682211043647993
vn 0.5773502691896257 -0.5773502691896257 -0.5773502691896257
vn 0.5773502691896257 -0.5773502691896257 -0.5773502691896257
vn 0.5773502691896257 -0.5773502691896257 -0.5773502691896257
vn 0.9341723510700028 -0.35682211043647993 0
vn 0.9341723510700028 -0.35682211043647993 0
vn 0.9341723510700028 -0.35682211043647993 0
vn 0.35682211043647993 0 0.9341723510700028
vn 0.35682211043647993 0 0.9341723510700028
vn 0.35682211043647993 0 0.9341723510700028
vn -0.5773502691896257 -0.5773502691896257 0.5773502691896257
vn -0.5773502691896257 -0.5773502691896257 0.5773502691896257
vn -0.5773502691896257 -0.5773502691896257 0.5773502691896257
vn -0.5773502691896257 -0.5773502691896257 -0.5773502691896257
vn -0.5773502691896257 -0.5773502691896257 -0.5773502691896257
vn -0.5773502691896257 -0.5773502691896257 -0.5773502691896257
vn 0.35682211043647993 0 -0.9341723510700028
vn 0.35682211043647993 0 -0.9341723510700028
vn 0.35682211043647993 0 -0.9341723510700028
vn 0.9341723510700028 0.35682211043647993 0
vn 0.9341723510700028 0.35682211043647993 0
vn 0.9341723510700028 0.35682211043647993 0
f 3437/3437/3437 3438/3438/3438 3439/3439/3439
f 3440/3440/3440 3441/3441/3441 3442/3442/3442
f 3443/3443/3443 3444/3444/3444 3445/3445/3445
f 3446/3446/3446 3447/3447/3447 3448/3448/3448
f 3449/3449/3449 3450/3450/3450 3451/3451/3451
f 3452/3452/3452 3453/3453/3453 3454/3454/3454
f 3455/3455/3455 3456/3456/3456 3457/3457/3457
f 3458/3458/3458 3459/3459/3459 3460/3460/3460
f 3461/3461/3461 3462/3462/3462 3463/3463/3463
f 3464/3464/3464 3465/3465/3465 3466/3466/3466
f 3467/3467/3467 3468/3468/3468 3469/3469/3469
f 3470/3470/3470 3471/3471/3471 3472/3472/3472
f 3473/3473/3473 3474/3474/3474 3475/3475/3475
f 3476/3476/3476 3477/3477/3477 3478/3478/3478
f 3479/3479/3479 3480/3480/3480 3481/3481/3481
f 3482/3482/3482 3483/3483/3483 3484/3484/3484
f 3485/3485/3485 3486/3486/3486 3487/3487/3487
f 3488/3488/3488 3489/3489/3489 3490/3490/3490
f 3491/3491/3491 3492/3492/3492 3493/3493/3493
f 3494/3494/3494 3495/3495/3495 3496/3496/3496
o belt_stud
usemtl steelD
v -0.017013017088174803 0.4 0.320514622554183
v 1.8982025386783976e-17 0.41051462255418303 0.3270130170881748
v -0.010514622554182987 0.41701301708817484 0.31
v 1.8982025386783976e-17 0.41051462255418303 0.3270130170881748
v 0.010514622554183025 0.41701301708817484 0.31
v -0.010514622554182987 0.41701301708817484 0.31
v 0.010514622554183025 0.41701301708817484 0.31
v 1.8982025386783976e-17 0.41051462255418303 0.2929869829118252
v -0.010514622554182987 0.41701301708817484 0.31
v 1.8982025386783976e-17 0.41051462255418303 0.2929869829118252
v -0.017013017088174803 0.4 0.299485377445817
v -0.010514622554182987 0.41701301708817484 0.31
v -0.017013017088174803 0.4 0.299485377445817
v -0.017013017088174803 0.4 0.320514622554183
v -0.010514622554182987 0.41701301708817484 0.31
v 1.8982025386783976e-17 0.41051462255418303 0.3270130170881748
v 0.017013017088174837 0.4 0.320514622554183
v 0.010514622554183025 0.41701301708817484 0.31
v -0.017013017088174803 0.4 0.320514622554183
v 1.8982025386783976e-17 0.389485377445817 0.3270130170881748
v 1.8982025386783976e-17 0.41051462255418303 0.3270130170881748
v -0.017013017088174803 0.4 0.299485377445817
v -0.010514622554182987 0.3829869829118252 0.31
v -0.017013017088174803 0.4 0.320514622554183
v 1.8982025386783976e-17 0.41051462255418303 0.2929869829118252
v 1.8982025386783976e-17 0.389485377445817 0.2929869829118252
v -0.017013017088174803 0.4 0.299485377445817
v 0.010514622554183025 0.41701301708817484 0.31
v 0.017013017088174837 0.4 0.299485377445817
v 1.8982025386783976e-17 0.41051462255418303 0.2929869829118252
v 0.017013017088174837 0.4 0.320514622554183
v 1.8982025386783976e-17 0.389485377445817 0.3270130170881748
v 0.010514622554183025 0.3829869829118252 0.31
v 1.8982025386783976e-17 0.389485377445817 0.3270130170881748
v -0.010514622554182987 0.3829869829118252 0.31
v 0.010514622554183025 0.3829869829118252 0.31
v -0.010514622554182987 0.3829869829118252 0.31
v 1.8982025386783976e-17 0.389485377445817 0.2929869829118252
v 0.010514622554183025 0.3829869829118252 0.31
v 1.8982025386783976e-17 0.389485377445817 0.2929869829118252
v 0.017013017088174837 0.4 0.299485377445817
v 0.010514622554183025 0.3829869829118252 0.31
v 0.017013017088174837 0.4 0.299485377445817
v 0.017013017088174837 0.4 0.320514622554183
v 0.010514622554183025 0.3829869829118252 0.31
v 0.017013017088174837 0.4 0.320514622554183
v 1.8982025386783976e-17 0.41051462255418303 0.3270130170881748
v 1.8982025386783976e-17 0.389485377445817 0.3270130170881748
v 1.8982025386783976e-17 0.389485377445817 0.3270130170881748
v -0.017013017088174803 0.4 0.320514622554183
v -0.010514622554182987 0.3829869829118252 0.31
v -0.010514622554182987 0.3829869829118252 0.31
v -0.017013017088174803 0.4 0.299485377445817
v 1.8982025386783976e-17 0.389485377445817 0.2929869829118252
v 1.8982025386783976e-17 0.389485377445817 0.2929869829118252
v 1.8982025386783976e-17 0.41051462255418303 0.2929869829118252
v 0.017013017088174837 0.4 0.299485377445817
v 0.017013017088174837 0.4 0.299485377445817
v 0.010514622554183025 0.41701301708817484 0.31
v 0.017013017088174837 0.4 0.320514622554183
vt 0.5881040692329407 0.5
vt 0.75 0.6762081980705261
vt 0.5 0.8237918019294739
vt 0.75 0.6762081980705261
vt 1 0.8237918019294739
vt 0.5 0.8237918019294739
vt 0 0.8237918019294739
vt 0.25 0.6762081980705261
vt 0.5 0.8237918019294739
vt 0.25 0.6762081980705261
vt 0.41189590096473694 0.5
vt 0.5 0.8237918019294739
vt 0.41189590096473694 0.5
vt 0.5881040692329407 0.5
vt 0.5 0.8237918019294739
vt 0.75 0.6762081980705261
vt 0.9118959307670593 0.5
vt 1 0.8237918019294739
vt 0.5881040692329407 0.5
vt 0.75 0.3237918019294739
vt 0.75 0.6762081980705261
vt 0.41189590096473694 0.5
vt 0.5 0.17620819807052612
vt 0.5881040692329407 0.5
vt 0.25 0.6762081980705261
vt 0.25 0.3237918019294739
vt 0.41189590096473694 0.5
vt 0 0.8237918019294739
vt 0.08810409903526306 0.5
vt 0.25 0.6762081980705261
vt 0.9118959307670593 0.5
vt 0.75 0.3237918019294739
vt 1 0.17620819807052612
vt 0.75 0.3237918019294739
vt 0.5 0.17620819807052612
vt 1 0.17620819807052612
vt 0.5 0.17620819807052612
vt 0.25 0.3237918019294739
vt 0 0.17620819807052612
vt 0.25 0.3237918019294739
vt 0.08810409903526306 0.5
vt 0 0.17620819807052612
vt 1.0881041288375854 0.5
vt 0.9118959307670593 0.5
vt 1 0.17620819807052612
vt 0.9118959307670593 0.5
vt 0.75 0.6762081980705261
vt 0.75 0.3237918019294739
vt 0.75 0.3237918019294739
vt 0.5881040692329407 0.5
vt 0.5 0.17620819807052612
vt 0.5 0.17620819807052612
vt 0.41189590096473694 0.5
vt 0.25 0.3237918019294739
vt 0.25 0.3237918019294739
vt 0.25 0.6762081980705261
vt 0.08810409903526306 0.5
vt 1.0881041288375854 0.5
vt 1 0.8237918019294739
vt 0.9118959307670593 0.5
vn -0.5773502691896257 0.5773502691896257 0.5773502691896257
vn -0.5773502691896257 0.5773502691896257 0.5773502691896257
vn -0.5773502691896257 0.5773502691896257 0.5773502691896257
vn 0 0.9341723510700028 0.35682211043647993
vn 0 0.9341723510700028 0.35682211043647993
vn 0 0.9341723510700028 0.35682211043647993
vn 0 0.9341723510700028 -0.35682211043647993
vn 0 0.9341723510700028 -0.35682211043647993
vn 0 0.9341723510700028 -0.35682211043647993
vn -0.5773502691896257 0.5773502691896257 -0.5773502691896257
vn -0.5773502691896257 0.5773502691896257 -0.5773502691896257
vn -0.5773502691896257 0.5773502691896257 -0.5773502691896257
vn -0.9341723510700028 0.35682211043647993 0
vn -0.9341723510700028 0.35682211043647993 0
vn -0.9341723510700028 0.35682211043647993 0
vn 0.5773502691896257 0.5773502691896257 0.5773502691896257
vn 0.5773502691896257 0.5773502691896257 0.5773502691896257
vn 0.5773502691896257 0.5773502691896257 0.5773502691896257
vn -0.35682211043647993 0 0.9341723510700028
vn -0.35682211043647993 0 0.9341723510700028
vn -0.35682211043647993 0 0.9341723510700028
vn -0.9341723510700028 -0.35682211043647993 0
vn -0.9341723510700028 -0.35682211043647993 0
vn -0.9341723510700028 -0.35682211043647993 0
vn -0.35682211043647993 0 -0.9341723510700028
vn -0.35682211043647993 0 -0.9341723510700028
vn -0.35682211043647993 0 -0.9341723510700028
vn 0.5773502691896257 0.5773502691896257 -0.5773502691896257
vn 0.5773502691896257 0.5773502691896257 -0.5773502691896257
vn 0.5773502691896257 0.5773502691896257 -0.5773502691896257
vn 0.5773502691896257 -0.5773502691896257 0.5773502691896257
vn 0.5773502691896257 -0.5773502691896257 0.5773502691896257
vn 0.5773502691896257 -0.5773502691896257 0.5773502691896257
vn 0 -0.9341723510700028 0.35682211043647993
vn 0 -0.9341723510700028 0.35682211043647993
vn 0 -0.9341723510700028 0.35682211043647993
vn 0 -0.9341723510700028 -0.35682211043647993
vn 0 -0.9341723510700028 -0.35682211043647993
vn 0 -0.9341723510700028 -0.35682211043647993
vn 0.5773502691896257 -0.5773502691896257 -0.5773502691896257
vn 0.5773502691896257 -0.5773502691896257 -0.5773502691896257
vn 0.5773502691896257 -0.5773502691896257 -0.5773502691896257
vn 0.9341723510700028 -0.35682211043647993 0
vn 0.9341723510700028 -0.35682211043647993 0
vn 0.9341723510700028 -0.35682211043647993 0
vn 0.35682211043647993 0 0.9341723510700028
vn 0.35682211043647993 0 0.9341723510700028
vn 0.35682211043647993 0 0.9341723510700028
vn -0.5773502691896257 -0.5773502691896257 0.5773502691896257
vn -0.5773502691896257 -0.5773502691896257 0.5773502691896257
vn -0.5773502691896257 -0.5773502691896257 0.5773502691896257
vn -0.5773502691896257 -0.5773502691896257 -0.5773502691896257
vn -0.5773502691896257 -0.5773502691896257 -0.5773502691896257
vn -0.5773502691896257 -0.5773502691896257 -0.5773502691896257
vn 0.35682211043647993 0 -0.9341723510700028
vn 0.35682211043647993 0 -0.9341723510700028
vn 0.35682211043647993 0 -0.9341723510700028
vn 0.9341723510700028 0.35682211043647993 0
vn 0.9341723510700028 0.35682211043647993 0
vn 0.9341723510700028 0.35682211043647993 0
f 3497/3497/3497 3498/3498/3498 3499/3499/3499
f 3500/3500/3500 3501/3501/3501 3502/3502/3502
f 3503/3503/3503 3504/3504/3504 3505/3505/3505
f 3506/3506/3506 3507/3507/3507 3508/3508/3508
f 3509/3509/3509 3510/3510/3510 3511/3511/3511
f 3512/3512/3512 3513/3513/3513 3514/3514/3514
f 3515/3515/3515 3516/3516/3516 3517/3517/3517
f 3518/3518/3518 3519/3519/3519 3520/3520/3520
f 3521/3521/3521 3522/3522/3522 3523/3523/3523
f 3524/3524/3524 3525/3525/3525 3526/3526/3526
f 3527/3527/3527 3528/3528/3528 3529/3529/3529
f 3530/3530/3530 3531/3531/3531 3532/3532/3532
f 3533/3533/3533 3534/3534/3534 3535/3535/3535
f 3536/3536/3536 3537/3537/3537 3538/3538/3538
f 3539/3539/3539 3540/3540/3540 3541/3541/3541
f 3542/3542/3542 3543/3543/3543 3544/3544/3544
f 3545/3545/3545 3546/3546/3546 3547/3547/3547
f 3548/3548/3548 3549/3549/3549 3550/3550/3550
f 3551/3551/3551 3552/3552/3552 3553/3553/3553
f 3554/3554/3554 3555/3555/3555 3556/3556/3556
o belt_stud
usemtl steelD
v -0.23621611925600453 0.4 0.22971772472201274
v -0.2192031021678297 0.41051462255418303 0.23621611925600455
v -0.2297177247220127 0.41701301708817484 0.21920310216782973
v -0.2192031021678297 0.41051462255418303 0.23621611925600455
v -0.2086884796136467 0.41701301708817484 0.21920310216782973
v -0.2297177247220127 0.41701301708817484 0.21920310216782973
v -0.2086884796136467 0.41701301708817484 0.21920310216782973
v -0.2192031021678297 0.41051462255418303 0.2021900850796549
v -0.2297177247220127 0.41701301708817484 0.21920310216782973
v -0.2192031021678297 0.41051462255418303 0.2021900850796549
v -0.23621611925600453 0.4 0.20868847961364673
v -0.2297177247220127 0.41701301708817484 0.21920310216782973
v -0.23621611925600453 0.4 0.20868847961364673
v -0.23621611925600453 0.4 0.22971772472201274
v -0.2297177247220127 0.41701301708817484 0.21920310216782973
v -0.2192031021678297 0.41051462255418303 0.23621611925600455
v -0.20219008507965489 0.4 0.22971772472201274
v -0.2086884796136467 0.41701301708817484 0.21920310216782973
v -0.23621611925600453 0.4 0.22971772472201274
v -0.2192031021678297 0.389485377445817 0.23621611925600455
v -0.2192031021678297 0.41051462255418303 0.23621611925600455
v -0.23621611925600453 0.4 0.20868847961364673
v -0.2297177247220127 0.3829869829118252 0.21920310216782973
v -0.23621611925600453 0.4 0.22971772472201274
v -0.2192031021678297 0.41051462255418303 0.2021900850796549
v -0.2192031021678297 0.389485377445817 0.2021900850796549
v -0.23621611925600453 0.4 0.20868847961364673
v -0.2086884796136467 0.41701301708817484 0.21920310216782973
v -0.20219008507965489 0.4 0.20868847961364673
v -0.2192031021678297 0.41051462255418303 0.2021900850796549
v -0.20219008507965489 0.4 0.22971772472201274
v -0.2192031021678297 0.389485377445817 0.23621611925600455
v -0.2086884796136467 0.3829869829118252 0.21920310216782973
v -0.2192031021678297 0.389485377445817 0.23621611925600455
v -0.2297177247220127 0.3829869829118252 0.21920310216782973
v -0.2086884796136467 0.3829869829118252 0.21920310216782973
v -0.2297177247220127 0.3829869829118252 0.21920310216782973
v -0.2192031021678297 0.389485377445817 0.2021900850796549
v -0.2086884796136467 0.3829869829118252 0.21920310216782973
v -0.2192031021678297 0.389485377445817 0.2021900850796549
v -0.20219008507965489 0.4 0.20868847961364673
v -0.2086884796136467 0.3829869829118252 0.21920310216782973
v -0.20219008507965489 0.4 0.20868847961364673
v -0.20219008507965489 0.4 0.22971772472201274
v -0.2086884796136467 0.3829869829118252 0.21920310216782973
v -0.20219008507965489 0.4 0.22971772472201274
v -0.2192031021678297 0.41051462255418303 0.23621611925600455
v -0.2192031021678297 0.389485377445817 0.23621611925600455
v -0.2192031021678297 0.389485377445817 0.23621611925600455
v -0.23621611925600453 0.4 0.22971772472201274
v -0.2297177247220127 0.3829869829118252 0.21920310216782973
v -0.2297177247220127 0.3829869829118252 0.21920310216782973
v -0.23621611925600453 0.4 0.20868847961364673
v -0.2192031021678297 0.389485377445817 0.2021900850796549
v -0.2192031021678297 0.389485377445817 0.2021900850796549
v -0.2192031021678297 0.41051462255418303 0.2021900850796549
v -0.20219008507965489 0.4 0.20868847961364673
v -0.20219008507965489 0.4 0.20868847961364673
v -0.2086884796136467 0.41701301708817484 0.21920310216782973
v -0.20219008507965489 0.4 0.22971772472201274
vt 0.5881040692329407 0.5
vt 0.75 0.6762081980705261
vt 0.5 0.8237918019294739
vt 0.75 0.6762081980705261
vt 1 0.8237918019294739
vt 0.5 0.8237918019294739
vt 0 0.8237918019294739
vt 0.25 0.6762081980705261
vt 0.5 0.8237918019294739
vt 0.25 0.6762081980705261
vt 0.41189590096473694 0.5
vt 0.5 0.8237918019294739
vt 0.41189590096473694 0.5
vt 0.5881040692329407 0.5
vt 0.5 0.8237918019294739
vt 0.75 0.6762081980705261
vt 0.9118959307670593 0.5
vt 1 0.8237918019294739
vt 0.5881040692329407 0.5
vt 0.75 0.3237918019294739
vt 0.75 0.6762081980705261
vt 0.41189590096473694 0.5
vt 0.5 0.17620819807052612
vt 0.5881040692329407 0.5
vt 0.25 0.6762081980705261
vt 0.25 0.3237918019294739
vt 0.41189590096473694 0.5
vt 0 0.8237918019294739
vt 0.08810409903526306 0.5
vt 0.25 0.6762081980705261
vt 0.9118959307670593 0.5
vt 0.75 0.3237918019294739
vt 1 0.17620819807052612
vt 0.75 0.3237918019294739
vt 0.5 0.17620819807052612
vt 1 0.17620819807052612
vt 0.5 0.17620819807052612
vt 0.25 0.3237918019294739
vt 0 0.17620819807052612
vt 0.25 0.3237918019294739
vt 0.08810409903526306 0.5
vt 0 0.17620819807052612
vt 1.0881041288375854 0.5
vt 0.9118959307670593 0.5
vt 1 0.17620819807052612
vt 0.9118959307670593 0.5
vt 0.75 0.6762081980705261
vt 0.75 0.3237918019294739
vt 0.75 0.3237918019294739
vt 0.5881040692329407 0.5
vt 0.5 0.17620819807052612
vt 0.5 0.17620819807052612
vt 0.41189590096473694 0.5
vt 0.25 0.3237918019294739
vt 0.25 0.3237918019294739
vt 0.25 0.6762081980705261
vt 0.08810409903526306 0.5
vt 1.0881041288375854 0.5
vt 1 0.8237918019294739
vt 0.9118959307670593 0.5
vn -0.5773502691896257 0.5773502691896257 0.5773502691896257
vn -0.5773502691896257 0.5773502691896257 0.5773502691896257
vn -0.5773502691896257 0.5773502691896257 0.5773502691896257
vn 0 0.9341723510700028 0.35682211043647993
vn 0 0.9341723510700028 0.35682211043647993
vn 0 0.9341723510700028 0.35682211043647993
vn 0 0.9341723510700028 -0.35682211043647993
vn 0 0.9341723510700028 -0.35682211043647993
vn 0 0.9341723510700028 -0.35682211043647993
vn -0.5773502691896257 0.5773502691896257 -0.5773502691896257
vn -0.5773502691896257 0.5773502691896257 -0.5773502691896257
vn -0.5773502691896257 0.5773502691896257 -0.5773502691896257
vn -0.9341723510700028 0.35682211043647993 0
vn -0.9341723510700028 0.35682211043647993 0
vn -0.9341723510700028 0.35682211043647993 0
vn 0.5773502691896257 0.5773502691896257 0.5773502691896257
vn 0.5773502691896257 0.5773502691896257 0.5773502691896257
vn 0.5773502691896257 0.5773502691896257 0.5773502691896257
vn -0.35682211043647993 0 0.9341723510700028
vn -0.35682211043647993 0 0.9341723510700028
vn -0.35682211043647993 0 0.9341723510700028
vn -0.9341723510700028 -0.35682211043647993 0
vn -0.9341723510700028 -0.35682211043647993 0
vn -0.9341723510700028 -0.35682211043647993 0
vn -0.35682211043647993 0 -0.9341723510700028
vn -0.35682211043647993 0 -0.9341723510700028
vn -0.35682211043647993 0 -0.9341723510700028
vn 0.5773502691896257 0.5773502691896257 -0.5773502691896257
vn 0.5773502691896257 0.5773502691896257 -0.5773502691896257
vn 0.5773502691896257 0.5773502691896257 -0.5773502691896257
vn 0.5773502691896257 -0.5773502691896257 0.5773502691896257
vn 0.5773502691896257 -0.5773502691896257 0.5773502691896257
vn 0.5773502691896257 -0.5773502691896257 0.5773502691896257
vn 0 -0.9341723510700028 0.35682211043647993
vn 0 -0.9341723510700028 0.35682211043647993
vn 0 -0.9341723510700028 0.35682211043647993
vn 0 -0.9341723510700028 -0.35682211043647993
vn 0 -0.9341723510700028 -0.35682211043647993
vn 0 -0.9341723510700028 -0.35682211043647993
vn 0.5773502691896257 -0.5773502691896257 -0.5773502691896257
vn 0.5773502691896257 -0.5773502691896257 -0.5773502691896257
vn 0.5773502691896257 -0.5773502691896257 -0.5773502691896257
vn 0.9341723510700028 -0.35682211043647993 0
vn 0.9341723510700028 -0.35682211043647993 0
vn 0.9341723510700028 -0.35682211043647993 0
vn 0.35682211043647993 0 0.9341723510700028
vn 0.35682211043647993 0 0.9341723510700028
vn 0.35682211043647993 0 0.9341723510700028
vn -0.5773502691896257 -0.5773502691896257 0.5773502691896257
vn -0.5773502691896257 -0.5773502691896257 0.5773502691896257
vn -0.5773502691896257 -0.5773502691896257 0.5773502691896257
vn -0.5773502691896257 -0.5773502691896257 -0.5773502691896257
vn -0.5773502691896257 -0.5773502691896257 -0.5773502691896257
vn -0.5773502691896257 -0.5773502691896257 -0.5773502691896257
vn 0.35682211043647993 0 -0.9341723510700028
vn 0.35682211043647993 0 -0.9341723510700028
vn 0.35682211043647993 0 -0.9341723510700028
vn 0.9341723510700028 0.35682211043647993 0
vn 0.9341723510700028 0.35682211043647993 0
vn 0.9341723510700028 0.35682211043647993 0
f 3557/3557/3557 3558/3558/3558 3559/3559/3559
f 3560/3560/3560 3561/3561/3561 3562/3562/3562
f 3563/3563/3563 3564/3564/3564 3565/3565/3565
f 3566/3566/3566 3567/3567/3567 3568/3568/3568
f 3569/3569/3569 3570/3570/3570 3571/3571/3571
f 3572/3572/3572 3573/3573/3573 3574/3574/3574
f 3575/3575/3575 3576/3576/3576 3577/3577/3577
f 3578/3578/3578 3579/3579/3579 3580/3580/3580
f 3581/3581/3581 3582/3582/3582 3583/3583/3583
f 3584/3584/3584 3585/3585/3585 3586/3586/3586
f 3587/3587/3587 3588/3588/3588 3589/3589/3589
f 3590/3590/3590 3591/3591/3591 3592/3592/3592
f 3593/3593/3593 3594/3594/3594 3595/3595/3595
f 3596/3596/3596 3597/3597/3597 3598/3598/3598
f 3599/3599/3599 3600/3600/3600 3601/3601/3601
f 3602/3602/3602 3603/3603/3603 3604/3604/3604
f 3605/3605/3605 3606/3606/3606 3607/3607/3607
f 3608/3608/3608 3609/3609/3609 3610/3610/3610
f 3611/3611/3611 3612/3612/3612 3613/3613/3613
f 3614/3614/3614 3615/3615/3615 3616/3616/3616
o belt_stud
usemtl steelD
v -0.3270130170881748 0.4 0.010514622554183044
v -0.31 0.41051462255418303 0.017013017088174858
v -0.320514622554183 0.41701301708817484 3.796405077356795e-17
v -0.31 0.41051462255418303 0.017013017088174858
v -0.299485377445817 0.41701301708817484 3.796405077356795e-17
v -0.320514622554183 0.41701301708817484 3.796405077356795e-17
v -0.299485377445817 0.41701301708817484 3.796405077356795e-17
v -0.31 0.41051462255418303 -0.017013017088174782
v -0.320514622554183 0.41701301708817484 3.796405077356795e-17
v -0.31 0.41051462255418303 -0.017013017088174782
v -0.3270130170881748 0.4 -0.010514622554182968
v -0.320514622554183 0.41701301708817484 3.796405077356795e-17
v -0.3270130170881748 0.4 -0.010514622554182968
v -0.3270130170881748 0.4 0.010514622554183044
v -0.320514622554183 0.41701301708817484 3.796405077356795e-17
v -0.31 0.41051462255418303 0.017013017088174858
v -0.2929869829118252 0.4 0.010514622554183044
v -0.299485377445817 0.41701301708817484 3.796405077356795e-17
v -0.3270130170881748 0.4 0.010514622554183044
v -0.31 0.389485377445817 0.017013017088174858
v -0.31 0.41051462255418303 0.017013017088174858
v -0.3270130170881748 0.4 -0.010514622554182968
v -0.320514622554183 0.3829869829118252 3.796405077356795e-17
v -0.3270130170881748 0.4 0.010514622554183044
v -0.31 0.41051462255418303 -0.017013017088174782
v -0.31 0.389485377445817 -0.017013017088174782
v -0.3270130170881748 0.4 -0.010514622554182968
v -0.299485377445817 0.41701301708817484 3.796405077356795e-17
v -0.2929869829118252 0.4 -0.010514622554182968
v -0.31 0.41051462255418303 -0.017013017088174782
v -0.2929869829118252 0.4 0.010514622554183044
v -0.31 0.389485377445817 0.017013017088174858
v -0.299485377445817 0.3829869829118252 3.796405077356795e-17
v -0.31 0.389485377445817 0.017013017088174858
v -0.320514622554183 0.3829869829118252 3.796405077356795e-17
v -0.299485377445817 0.3829869829118252 3.796405077356795e-17
v -0.320514622554183 0.3829869829118252 3.796405077356795e-17
v -0.31 0.389485377445817 -0.017013017088174782
v -0.299485377445817 0.3829869829118252 3.796405077356795e-17
v -0.31 0.389485377445817 -0.017013017088174782
v -0.2929869829118252 0.4 -0.010514622554182968
v -0.299485377445817 0.3829869829118252 3.796405077356795e-17
v -0.2929869829118252 0.4 -0.010514622554182968
v -0.2929869829118252 0.4 0.010514622554183044
v -0.299485377445817 0.3829869829118252 3.796405077356795e-17
v -0.2929869829118252 0.4 0.010514622554183044
v -0.31 0.41051462255418303 0.017013017088174858
v -0.31 0.389485377445817 0.017013017088174858
v -0.31 0.389485377445817 0.017013017088174858
v -0.3270130170881748 0.4 0.010514622554183044
v -0.320514622554183 0.3829869829118252 3.796405077356795e-17
v -0.320514622554183 0.3829869829118252 3.796405077356795e-17
v -0.3270130170881748 0.4 -0.010514622554182968
v -0.31 0.389485377445817 -0.017013017088174782
v -0.31 0.389485377445817 -0.017013017088174782
v -0.31 0.41051462255418303 -0.017013017088174782
v -0.2929869829118252 0.4 -0.010514622554182968
v -0.2929869829118252 0.4 -0.010514622554182968
v -0.299485377445817 0.41701301708817484 3.796405077356795e-17
v -0.2929869829118252 0.4 0.010514622554183044
vt 0.5881040692329407 0.5
vt 0.75 0.6762081980705261
vt 0.5 0.8237918019294739
vt 0.75 0.6762081980705261
vt 1 0.8237918019294739
vt 0.5 0.8237918019294739
vt 0 0.8237918019294739
vt 0.25 0.6762081980705261
vt 0.5 0.8237918019294739
vt 0.25 0.6762081980705261
vt 0.41189590096473694 0.5
vt 0.5 0.8237918019294739
vt 0.41189590096473694 0.5
vt 0.5881040692329407 0.5
vt 0.5 0.8237918019294739
vt 0.75 0.6762081980705261
vt 0.9118959307670593 0.5
vt 1 0.8237918019294739
vt 0.5881040692329407 0.5
vt 0.75 0.3237918019294739
vt 0.75 0.6762081980705261
vt 0.41189590096473694 0.5
vt 0.5 0.17620819807052612
vt 0.5881040692329407 0.5
vt 0.25 0.6762081980705261
vt 0.25 0.3237918019294739
vt 0.41189590096473694 0.5
vt 0 0.8237918019294739
vt 0.08810409903526306 0.5
vt 0.25 0.6762081980705261
vt 0.9118959307670593 0.5
vt 0.75 0.3237918019294739
vt 1 0.17620819807052612
vt 0.75 0.3237918019294739
vt 0.5 0.17620819807052612
vt 1 0.17620819807052612
vt 0.5 0.17620819807052612
vt 0.25 0.3237918019294739
vt 0 0.17620819807052612
vt 0.25 0.3237918019294739
vt 0.08810409903526306 0.5
vt 0 0.17620819807052612
vt 1.0881041288375854 0.5
vt 0.9118959307670593 0.5
vt 1 0.17620819807052612
vt 0.9118959307670593 0.5
vt 0.75 0.6762081980705261
vt 0.75 0.3237918019294739
vt 0.75 0.3237918019294739
vt 0.5881040692329407 0.5
vt 0.5 0.17620819807052612
vt 0.5 0.17620819807052612
vt 0.41189590096473694 0.5
vt 0.25 0.3237918019294739
vt 0.25 0.3237918019294739
vt 0.25 0.6762081980705261
vt 0.08810409903526306 0.5
vt 1.0881041288375854 0.5
vt 1 0.8237918019294739
vt 0.9118959307670593 0.5
vn -0.5773502691896257 0.5773502691896257 0.5773502691896257
vn -0.5773502691896257 0.5773502691896257 0.5773502691896257
vn -0.5773502691896257 0.5773502691896257 0.5773502691896257
vn 0 0.9341723510700028 0.35682211043647993
vn 0 0.9341723510700028 0.35682211043647993
vn 0 0.9341723510700028 0.35682211043647993
vn 0 0.9341723510700028 -0.35682211043647993
vn 0 0.9341723510700028 -0.35682211043647993
vn 0 0.9341723510700028 -0.35682211043647993
vn -0.5773502691896257 0.5773502691896257 -0.5773502691896257
vn -0.5773502691896257 0.5773502691896257 -0.5773502691896257
vn -0.5773502691896257 0.5773502691896257 -0.5773502691896257
vn -0.9341723510700028 0.35682211043647993 0
vn -0.9341723510700028 0.35682211043647993 0
vn -0.9341723510700028 0.35682211043647993 0
vn 0.5773502691896257 0.5773502691896257 0.5773502691896257
vn 0.5773502691896257 0.5773502691896257 0.5773502691896257
vn 0.5773502691896257 0.5773502691896257 0.5773502691896257
vn -0.35682211043647993 0 0.9341723510700028
vn -0.35682211043647993 0 0.9341723510700028
vn -0.35682211043647993 0 0.9341723510700028
vn -0.9341723510700028 -0.35682211043647993 0
vn -0.9341723510700028 -0.35682211043647993 0
vn -0.9341723510700028 -0.35682211043647993 0
vn -0.35682211043647993 0 -0.9341723510700028
vn -0.35682211043647993 0 -0.9341723510700028
vn -0.35682211043647993 0 -0.9341723510700028
vn 0.5773502691896257 0.5773502691896257 -0.5773502691896257
vn 0.5773502691896257 0.5773502691896257 -0.5773502691896257
vn 0.5773502691896257 0.5773502691896257 -0.5773502691896257
vn 0.5773502691896257 -0.5773502691896257 0.5773502691896257
vn 0.5773502691896257 -0.5773502691896257 0.5773502691896257
vn 0.5773502691896257 -0.5773502691896257 0.5773502691896257
vn 0 -0.9341723510700028 0.35682211043647993
vn 0 -0.9341723510700028 0.35682211043647993
vn 0 -0.9341723510700028 0.35682211043647993
vn 0 -0.9341723510700028 -0.35682211043647993
vn 0 -0.9341723510700028 -0.35682211043647993
vn 0 -0.9341723510700028 -0.35682211043647993
vn 0.5773502691896257 -0.5773502691896257 -0.5773502691896257
vn 0.5773502691896257 -0.5773502691896257 -0.5773502691896257
vn 0.5773502691896257 -0.5773502691896257 -0.5773502691896257
vn 0.9341723510700028 -0.35682211043647993 0
vn 0.9341723510700028 -0.35682211043647993 0
vn 0.9341723510700028 -0.35682211043647993 0
vn 0.35682211043647993 0 0.9341723510700028
vn 0.35682211043647993 0 0.9341723510700028
vn 0.35682211043647993 0 0.9341723510700028
vn -0.5773502691896257 -0.5773502691896257 0.5773502691896257
vn -0.5773502691896257 -0.5773502691896257 0.5773502691896257
vn -0.5773502691896257 -0.5773502691896257 0.5773502691896257
vn -0.5773502691896257 -0.5773502691896257 -0.5773502691896257
vn -0.5773502691896257 -0.5773502691896257 -0.5773502691896257
vn -0.5773502691896257 -0.5773502691896257 -0.5773502691896257
vn 0.35682211043647993 0 -0.9341723510700028
vn 0.35682211043647993 0 -0.9341723510700028
vn 0.35682211043647993 0 -0.9341723510700028
vn 0.9341723510700028 0.35682211043647993 0
vn 0.9341723510700028 0.35682211043647993 0
vn 0.9341723510700028 0.35682211043647993 0
f 3617/3617/3617 3618/3618/3618 3619/3619/3619
f 3620/3620/3620 3621/3621/3621 3622/3622/3622
f 3623/3623/3623 3624/3624/3624 3625/3625/3625
f 3626/3626/3626 3627/3627/3627 3628/3628/3628
f 3629/3629/3629 3630/3630/3630 3631/3631/3631
f 3632/3632/3632 3633/3633/3633 3634/3634/3634
f 3635/3635/3635 3636/3636/3636 3637/3637/3637
f 3638/3638/3638 3639/3639/3639 3640/3640/3640
f 3641/3641/3641 3642/3642/3642 3643/3643/3643
f 3644/3644/3644 3645/3645/3645 3646/3646/3646
f 3647/3647/3647 3648/3648/3648 3649/3649/3649
f 3650/3650/3650 3651/3651/3651 3652/3652/3652
f 3653/3653/3653 3654/3654/3654 3655/3655/3655
f 3656/3656/3656 3657/3657/3657 3658/3658/3658
f 3659/3659/3659 3660/3660/3660 3661/3661/3661
f 3662/3662/3662 3663/3663/3663 3664/3664/3664
f 3665/3665/3665 3666/3666/3666 3667/3667/3667
f 3668/3668/3668 3669/3669/3669 3670/3670/3670
f 3671/3671/3671 3672/3672/3672 3673/3673/3673
f 3674/3674/3674 3675/3675/3675 3676/3676/3676
o belt_stud
usemtl steelD
v -0.2362161192560046 0.4 -0.2086884796136467
v -0.2192031021678298 0.41051462255418303 -0.20219008507965489
v -0.2297177247220128 0.41701301708817484 -0.2192031021678297
v -0.2192031021678298 0.41051462255418303 -0.20219008507965489
v -0.20868847961364678 0.41701301708817484 -0.2192031021678297
v -0.2297177247220128 0.41701301708817484 -0.2192031021678297
v -0.20868847961364678 0.41701301708817484 -0.2192031021678297
v -0.2192031021678298 0.41051462255418303 -0.23621611925600453
v -0.2297177247220128 0.41701301708817484 -0.2192031021678297
v -0.2192031021678298 0.41051462255418303 -0.23621611925600453
v -0.2362161192560046 0.4 -0.2297177247220127
v -0.2297177247220128 0.41701301708817484 -0.2192031021678297
v -0.2362161192560046 0.4 -0.2297177247220127
v -0.2362161192560046 0.4 -0.2086884796136467
v -0.2297177247220128 0.41701301708817484 -0.2192031021678297
v -0.2192031021678298 0.41051462255418303 -0.20219008507965489
v -0.20219008507965497 0.4 -0.2086884796136467
v -0.20868847961364678 0.41701301708817484 -0.2192031021678297
v -0.2362161192560046 0.4 -0.2086884796136467
v -0.2192031021678298 0.389485377445817 -0.20219008507965489
v -0.2192031021678298 0.41051462255418303 -0.20219008507965489
v -0.2362161192560046 0.4 -0.2297177247220127
v -0.2297177247220128 0.3829869829118252 -0.2192031021678297
v -0.2362161192560046 0.4 -0.2086884796136467
v -0.2192031021678298 0.41051462255418303 -0.23621611925600453
v -0.2192031021678298 0.389485377445817 -0.23621611925600453
v -0.2362161192560046 0.4 -0.2297177247220127
v -0.20868847961364678 0.41701301708817484 -0.2192031021678297
v -0.20219008507965497 0.4 -0.2297177247220127
v -0.2192031021678298 0.41051462255418303 -0.23621611925600453
v -0.20219008507965497 0.4 -0.2086884796136467
v -0.2192031021678298 0.389485377445817 -0.20219008507965489
v -0.20868847961364678 0.3829869829118252 -0.2192031021678297
v -0.2192031021678298 0.389485377445817 -0.20219008507965489
v -0.2297177247220128 0.3829869829118252 -0.2192031021678297
v -0.20868847961364678 0.3829869829118252 -0.2192031021678297
v -0.2297177247220128 0.3829869829118252 -0.2192031021678297
v -0.2192031021678298 0.389485377445817 -0.23621611925600453
v -0.20868847961364678 0.3829869829118252 -0.2192031021678297
v -0.2192031021678298 0.389485377445817 -0.23621611925600453
v -0.20219008507965497 0.4 -0.2297177247220127
v -0.20868847961364678 0.3829869829118252 -0.2192031021678297
v -0.20219008507965497 0.4 -0.2297177247220127
v -0.20219008507965497 0.4 -0.2086884796136467
v -0.20868847961364678 0.3829869829118252 -0.2192031021678297
v -0.20219008507965497 0.4 -0.2086884796136467
v -0.2192031021678298 0.41051462255418303 -0.20219008507965489
v -0.2192031021678298 0.389485377445817 -0.20219008507965489
v -0.2192031021678298 0.389485377445817 -0.20219008507965489
v -0.2362161192560046 0.4 -0.2086884796136467
v -0.2297177247220128 0.3829869829118252 -0.2192031021678297
v -0.2297177247220128 0.3829869829118252 -0.2192031021678297
v -0.2362161192560046 0.4 -0.2297177247220127
v -0.2192031021678298 0.389485377445817 -0.23621611925600453
v -0.2192031021678298 0.389485377445817 -0.23621611925600453
v -0.2192031021678298 0.41051462255418303 -0.23621611925600453
v -0.20219008507965497 0.4 -0.2297177247220127
v -0.20219008507965497 0.4 -0.2297177247220127
v -0.20868847961364678 0.41701301708817484 -0.2192031021678297
v -0.20219008507965497 0.4 -0.2086884796136467
vt 0.5881040692329407 0.5
vt 0.75 0.6762081980705261
vt 0.5 0.8237918019294739
vt 0.75 0.6762081980705261
vt 1 0.8237918019294739
vt 0.5 0.8237918019294739
vt 0 0.8237918019294739
vt 0.25 0.6762081980705261
vt 0.5 0.8237918019294739
vt 0.25 0.6762081980705261
vt 0.41189590096473694 0.5
vt 0.5 0.8237918019294739
vt 0.41189590096473694 0.5
vt 0.5881040692329407 0.5
vt 0.5 0.8237918019294739
vt 0.75 0.6762081980705261
vt 0.9118959307670593 0.5
vt 1 0.8237918019294739
vt 0.5881040692329407 0.5
vt 0.75 0.3237918019294739
vt 0.75 0.6762081980705261
vt 0.41189590096473694 0.5
vt 0.5 0.17620819807052612
vt 0.5881040692329407 0.5
vt 0.25 0.6762081980705261
vt 0.25 0.3237918019294739
vt 0.41189590096473694 0.5
vt 0 0.8237918019294739
vt 0.08810409903526306 0.5
vt 0.25 0.6762081980705261
vt 0.9118959307670593 0.5
vt 0.75 0.3237918019294739
vt 1 0.17620819807052612
vt 0.75 0.3237918019294739
vt 0.5 0.17620819807052612
vt 1 0.17620819807052612
vt 0.5 0.17620819807052612
vt 0.25 0.3237918019294739
vt 0 0.17620819807052612
vt 0.25 0.3237918019294739
vt 0.08810409903526306 0.5
vt 0 0.17620819807052612
vt 1.0881041288375854 0.5
vt 0.9118959307670593 0.5
vt 1 0.17620819807052612
vt 0.9118959307670593 0.5
vt 0.75 0.6762081980705261
vt 0.75 0.3237918019294739
vt 0.75 0.3237918019294739
vt 0.5881040692329407 0.5
vt 0.5 0.17620819807052612
vt 0.5 0.17620819807052612
vt 0.41189590096473694 0.5
vt 0.25 0.3237918019294739
vt 0.25 0.3237918019294739
vt 0.25 0.6762081980705261
vt 0.08810409903526306 0.5
vt 1.0881041288375854 0.5
vt 1 0.8237918019294739
vt 0.9118959307670593 0.5
vn -0.5773502691896257 0.5773502691896257 0.5773502691896257
vn -0.5773502691896257 0.5773502691896257 0.5773502691896257
vn -0.5773502691896257 0.5773502691896257 0.5773502691896257
vn 0 0.9341723510700028 0.35682211043647993
vn 0 0.9341723510700028 0.35682211043647993
vn 0 0.9341723510700028 0.35682211043647993
vn 0 0.9341723510700028 -0.35682211043647993
vn 0 0.9341723510700028 -0.35682211043647993
vn 0 0.9341723510700028 -0.35682211043647993
vn -0.5773502691896257 0.5773502691896257 -0.5773502691896257
vn -0.5773502691896257 0.5773502691896257 -0.5773502691896257
vn -0.5773502691896257 0.5773502691896257 -0.5773502691896257
vn -0.9341723510700028 0.35682211043647993 0
vn -0.9341723510700028 0.35682211043647993 0
vn -0.9341723510700028 0.35682211043647993 0
vn 0.5773502691896257 0.5773502691896257 0.5773502691896257
vn 0.5773502691896257 0.5773502691896257 0.5773502691896257
vn 0.5773502691896257 0.5773502691896257 0.5773502691896257
vn -0.35682211043647993 0 0.9341723510700028
vn -0.35682211043647993 0 0.9341723510700028
vn -0.35682211043647993 0 0.9341723510700028
vn -0.9341723510700028 -0.35682211043647993 0
vn -0.9341723510700028 -0.35682211043647993 0
vn -0.9341723510700028 -0.35682211043647993 0
vn -0.35682211043647993 0 -0.9341723510700028
vn -0.35682211043647993 0 -0.9341723510700028
vn -0.35682211043647993 0 -0.9341723510700028
vn 0.5773502691896257 0.5773502691896257 -0.5773502691896257
vn 0.5773502691896257 0.5773502691896257 -0.5773502691896257
vn 0.5773502691896257 0.5773502691896257 -0.5773502691896257
vn 0.5773502691896257 -0.5773502691896257 0.5773502691896257
vn 0.5773502691896257 -0.5773502691896257 0.5773502691896257
vn 0.5773502691896257 -0.5773502691896257 0.5773502691896257
vn 0 -0.9341723510700028 0.35682211043647993
vn 0 -0.9341723510700028 0.35682211043647993
vn 0 -0.9341723510700028 0.35682211043647993
vn 0 -0.9341723510700028 -0.35682211043647993
vn 0 -0.9341723510700028 -0.35682211043647993
vn 0 -0.9341723510700028 -0.35682211043647993
vn 0.5773502691896257 -0.5773502691896257 -0.5773502691896257
vn 0.5773502691896257 -0.5773502691896257 -0.5773502691896257
vn 0.5773502691896257 -0.5773502691896257 -0.5773502691896257
vn 0.9341723510700028 -0.35682211043647993 0
vn 0.9341723510700028 -0.35682211043647993 0
vn 0.9341723510700028 -0.35682211043647993 0
vn 0.35682211043647993 0 0.9341723510700028
vn 0.35682211043647993 0 0.9341723510700028
vn 0.35682211043647993 0 0.9341723510700028
vn -0.5773502691896257 -0.5773502691896257 0.5773502691896257
vn -0.5773502691896257 -0.5773502691896257 0.5773502691896257
vn -0.5773502691896257 -0.5773502691896257 0.5773502691896257
vn -0.5773502691896257 -0.5773502691896257 -0.5773502691896257
vn -0.5773502691896257 -0.5773502691896257 -0.5773502691896257
vn -0.5773502691896257 -0.5773502691896257 -0.5773502691896257
vn 0.35682211043647993 0 -0.9341723510700028
vn 0.35682211043647993 0 -0.9341723510700028
vn 0.35682211043647993 0 -0.9341723510700028
vn 0.9341723510700028 0.35682211043647993 0
vn 0.9341723510700028 0.35682211043647993 0
vn 0.9341723510700028 0.35682211043647993 0
f 3677/3677/3677 3678/3678/3678 3679/3679/3679
f 3680/3680/3680 3681/3681/3681 3682/3682/3682
f 3683/3683/3683 3684/3684/3684 3685/3685/3685
f 3686/3686/3686 3687/3687/3687 3688/3688/3688
f 3689/3689/3689 3690/3690/3690 3691/3691/3691
f 3692/3692/3692 3693/3693/3693 3694/3694/3694
f 3695/3695/3695 3696/3696/3696 3697/3697/3697
f 3698/3698/3698 3699/3699/3699 3700/3700/3700
f 3701/3701/3701 3702/3702/3702 3703/3703/3703
f 3704/3704/3704 3705/3705/3705 3706/3706/3706
f 3707/3707/3707 3708/3708/3708 3709/3709/3709
f 3710/3710/3710 3711/3711/3711 3712/3712/3712
f 3713/3713/3713 3714/3714/3714 3715/3715/3715
f 3716/3716/3716 3717/3717/3717 3718/3718/3718
f 3719/3719/3719 3720/3720/3720 3721/3721/3721
f 3722/3722/3722 3723/3723/3723 3724/3724/3724
f 3725/3725/3725 3726/3726/3726 3727/3727/3727
f 3728/3728/3728 3729/3729/3729 3730/3730/3730
f 3731/3731/3731 3732/3732/3732 3733/3733/3733
f 3734/3734/3734 3735/3735/3735 3736/3736/3736
o belt_stud
usemtl steelD
v -0.017013017088174875 0.4 -0.299485377445817
v -5.694607616035192e-17 0.41051462255418303 -0.2929869829118252
v -0.010514622554183064 0.41701301708817484 -0.31
v -5.694607616035192e-17 0.41051462255418303 -0.2929869829118252
v 0.010514622554182949 0.41701301708817484 -0.31
v -0.010514622554183064 0.41701301708817484 -0.31
v 0.010514622554182949 0.41701301708817484 -0.31
v -5.694607616035192e-17 0.41051462255418303 -0.3270130170881748
v -0.010514622554183064 0.41701301708817484 -0.31
v -5.694607616035192e-17 0.41051462255418303 -0.3270130170881748
v -0.017013017088174875 0.4 -0.320514622554183
v -0.010514622554183064 0.41701301708817484 -0.31
v -0.017013017088174875 0.4 -0.320514622554183
v -0.017013017088174875 0.4 -0.299485377445817
v -0.010514622554183064 0.41701301708817484 -0.31
v -5.694607616035192e-17 0.41051462255418303 -0.2929869829118252
v 0.017013017088174764 0.4 -0.299485377445817
v 0.010514622554182949 0.41701301708817484 -0.31
v -0.017013017088174875 0.4 -0.299485377445817
v -5.694607616035192e-17 0.389485377445817 -0.2929869829118252
v -5.694607616035192e-17 0.41051462255418303 -0.2929869829118252
v -0.017013017088174875 0.4 -0.320514622554183
v -0.010514622554183064 0.3829869829118252 -0.31
v -0.017013017088174875 0.4 -0.299485377445817
v -5.694607616035192e-17 0.41051462255418303 -0.3270130170881748
v -5.694607616035192e-17 0.389485377445817 -0.3270130170881748
v -0.017013017088174875 0.4 -0.320514622554183
v 0.010514622554182949 0.41701301708817484 -0.31
v 0.017013017088174764 0.4 -0.320514622554183
v -5.694607616035192e-17 0.41051462255418303 -0.3270130170881748
v 0.017013017088174764 0.4 -0.299485377445817
v -5.694607616035192e-17 0.389485377445817 -0.2929869829118252
v 0.010514622554182949 0.3829869829118252 -0.31
v -5.694607616035192e-17 0.389485377445817 -0.2929869829118252
v -0.010514622554183064 0.3829869829118252 -0.31
v 0.010514622554182949 0.3829869829118252 -0.31
v -0.010514622554183064 0.3829869829118252 -0.31
v -5.694607616035192e-17 0.389485377445817 -0.3270130170881748
v 0.010514622554182949 0.3829869829118252 -0.31
v -5.694607616035192e-17 0.389485377445817 -0.3270130170881748
v 0.017013017088174764 0.4 -0.320514622554183
v 0.010514622554182949 0.3829869829118252 -0.31
v 0.017013017088174764 0.4 -0.320514622554183
v 0.017013017088174764 0.4 -0.299485377445817
v 0.010514622554182949 0.3829869829118252 -0.31
v 0.017013017088174764 0.4 -0.299485377445817
v -5.694607616035192e-17 0.41051462255418303 -0.2929869829118252
v -5.694607616035192e-17 0.389485377445817 -0.2929869829118252
v -5.694607616035192e-17 0.389485377445817 -0.2929869829118252
v -0.017013017088174875 0.4 -0.299485377445817
v -0.010514622554183064 0.3829869829118252 -0.31
v -0.010514622554183064 0.3829869829118252 -0.31
v -0.017013017088174875 0.4 -0.320514622554183
v -5.694607616035192e-17 0.389485377445817 -0.3270130170881748
v -5.694607616035192e-17 0.389485377445817 -0.3270130170881748
v -5.694607616035192e-17 0.41051462255418303 -0.3270130170881748
v 0.017013017088174764 0.4 -0.320514622554183
v 0.017013017088174764 0.4 -0.320514622554183
v 0.010514622554182949 0.41701301708817484 -0.31
v 0.017013017088174764 0.4 -0.299485377445817
vt 0.5881040692329407 0.5
vt 0.75 0.6762081980705261
vt 0.5 0.8237918019294739
vt 0.75 0.6762081980705261
vt 1 0.8237918019294739
vt 0.5 0.8237918019294739
vt 0 0.8237918019294739
vt 0.25 0.6762081980705261
vt 0.5 0.8237918019294739
vt 0.25 0.6762081980705261
vt 0.41189590096473694 0.5
vt 0.5 0.8237918019294739
vt 0.41189590096473694 0.5
vt 0.5881040692329407 0.5
vt 0.5 0.8237918019294739
vt 0.75 0.6762081980705261
vt 0.9118959307670593 0.5
vt 1 0.8237918019294739
vt 0.5881040692329407 0.5
vt 0.75 0.3237918019294739
vt 0.75 0.6762081980705261
vt 0.41189590096473694 0.5
vt 0.5 0.17620819807052612
vt 0.5881040692329407 0.5
vt 0.25 0.6762081980705261
vt 0.25 0.3237918019294739
vt 0.41189590096473694 0.5
vt 0 0.8237918019294739
vt 0.08810409903526306 0.5
vt 0.25 0.6762081980705261
vt 0.9118959307670593 0.5
vt 0.75 0.3237918019294739
vt 1 0.17620819807052612
vt 0.75 0.3237918019294739
vt 0.5 0.17620819807052612
vt 1 0.17620819807052612
vt 0.5 0.17620819807052612
vt 0.25 0.3237918019294739
vt 0 0.17620819807052612
vt 0.25 0.3237918019294739
vt 0.08810409903526306 0.5
vt 0 0.17620819807052612
vt 1.0881041288375854 0.5
vt 0.9118959307670593 0.5
vt 1 0.17620819807052612
vt 0.9118959307670593 0.5
vt 0.75 0.6762081980705261
vt 0.75 0.3237918019294739
vt 0.75 0.3237918019294739
vt 0.5881040692329407 0.5
vt 0.5 0.17620819807052612
vt 0.5 0.17620819807052612
vt 0.41189590096473694 0.5
vt 0.25 0.3237918019294739
vt 0.25 0.3237918019294739
vt 0.25 0.6762081980705261
vt 0.08810409903526306 0.5
vt 1.0881041288375854 0.5
vt 1 0.8237918019294739
vt 0.9118959307670593 0.5
vn -0.5773502691896257 0.5773502691896257 0.5773502691896257
vn -0.5773502691896257 0.5773502691896257 0.5773502691896257
vn -0.5773502691896257 0.5773502691896257 0.5773502691896257
vn 0 0.9341723510700028 0.35682211043647993
vn 0 0.9341723510700028 0.35682211043647993
vn 0 0.9341723510700028 0.35682211043647993
vn 0 0.9341723510700028 -0.35682211043647993
vn 0 0.9341723510700028 -0.35682211043647993
vn 0 0.9341723510700028 -0.35682211043647993
vn -0.5773502691896257 0.5773502691896257 -0.5773502691896257
vn -0.5773502691896257 0.5773502691896257 -0.5773502691896257
vn -0.5773502691896257 0.5773502691896257 -0.5773502691896257
vn -0.9341723510700028 0.35682211043647993 0
vn -0.9341723510700028 0.35682211043647993 0
vn -0.9341723510700028 0.35682211043647993 0
vn 0.5773502691896257 0.5773502691896257 0.5773502691896257
vn 0.5773502691896257 0.5773502691896257 0.5773502691896257
vn 0.5773502691896257 0.5773502691896257 0.5773502691896257
vn -0.35682211043647993 0 0.9341723510700028
vn -0.35682211043647993 0 0.9341723510700028
vn -0.35682211043647993 0 0.9341723510700028
vn -0.9341723510700028 -0.35682211043647993 0
vn -0.9341723510700028 -0.35682211043647993 0
vn -0.9341723510700028 -0.35682211043647993 0
vn -0.35682211043647993 0 -0.9341723510700028
vn -0.35682211043647993 0 -0.9341723510700028
vn -0.35682211043647993 0 -0.9341723510700028
vn 0.5773502691896257 0.5773502691896257 -0.5773502691896257
vn 0.5773502691896257 0.5773502691896257 -0.5773502691896257
vn 0.5773502691896257 0.5773502691896257 -0.5773502691896257
vn 0.5773502691896257 -0.5773502691896257 0.5773502691896257
vn 0.5773502691896257 -0.5773502691896257 0.5773502691896257
vn 0.5773502691896257 -0.5773502691896257 0.5773502691896257
vn 0 -0.9341723510700028 0.35682211043647993
vn 0 -0.9341723510700028 0.35682211043647993
vn 0 -0.9341723510700028 0.35682211043647993
vn 0 -0.9341723510700028 -0.35682211043647993
vn 0 -0.9341723510700028 -0.35682211043647993
vn 0 -0.9341723510700028 -0.35682211043647993
vn 0.5773502691896257 -0.5773502691896257 -0.5773502691896257
vn 0.5773502691896257 -0.5773502691896257 -0.5773502691896257
vn 0.5773502691896257 -0.5773502691896257 -0.5773502691896257
vn 0.9341723510700028 -0.35682211043647993 0
vn 0.9341723510700028 -0.35682211043647993 0
vn 0.9341723510700028 -0.35682211043647993 0
vn 0.35682211043647993 0 0.9341723510700028
vn 0.35682211043647993 0 0.9341723510700028
vn 0.35682211043647993 0 0.9341723510700028
vn -0.5773502691896257 -0.5773502691896257 0.5773502691896257
vn -0.5773502691896257 -0.5773502691896257 0.5773502691896257
vn -0.5773502691896257 -0.5773502691896257 0.5773502691896257
vn -0.5773502691896257 -0.5773502691896257 -0.5773502691896257
vn -0.5773502691896257 -0.5773502691896257 -0.5773502691896257
vn -0.5773502691896257 -0.5773502691896257 -0.5773502691896257
vn 0.35682211043647993 0 -0.9341723510700028
vn 0.35682211043647993 0 -0.9341723510700028
vn 0.35682211043647993 0 -0.9341723510700028
vn 0.9341723510700028 0.35682211043647993 0
vn 0.9341723510700028 0.35682211043647993 0
vn 0.9341723510700028 0.35682211043647993 0
f 3737/3737/3737 3738/3738/3738 3739/3739/3739
f 3740/3740/3740 3741/3741/3741 3742/3742/3742
f 3743/3743/3743 3744/3744/3744 3745/3745/3745
f 3746/3746/3746 3747/3747/3747 3748/3748/3748
f 3749/3749/3749 3750/3750/3750 3751/3751/3751
f 3752/3752/3752 3753/3753/3753 3754/3754/3754
f 3755/3755/3755 3756/3756/3756 3757/3757/3757
f 3758/3758/3758 3759/3759/3759 3760/3760/3760
f 3761/3761/3761 3762/3762/3762 3763/3763/3763
f 3764/3764/3764 3765/3765/3765 3766/3766/3766
f 3767/3767/3767 3768/3768/3768 3769/3769/3769
f 3770/3770/3770 3771/3771/3771 3772/3772/3772
f 3773/3773/3773 3774/3774/3774 3775/3775/3775
f 3776/3776/3776 3777/3777/3777 3778/3778/3778
f 3779/3779/3779 3780/3780/3780 3781/3781/3781
f 3782/3782/3782 3783/3783/3783 3784/3784/3784
f 3785/3785/3785 3786/3786/3786 3787/3787/3787
f 3788/3788/3788 3789/3789/3789 3790/3790/3790
f 3791/3791/3791 3792/3792/3792 3793/3793/3793
f 3794/3794/3794 3795/3795/3795 3796/3796/3796
o belt_stud
usemtl steelD
v 0.20219008507965486 0.4 -0.20868847961364678
v 0.21920310216782968 0.41051462255418303 -0.20219008507965497
v 0.20868847961364667 0.41701301708817484 -0.2192031021678298
v 0.21920310216782968 0.41051462255418303 -0.20219008507965497
v 0.22971772472201268 0.41701301708817484 -0.2192031021678298
v 0.20868847961364667 0.41701301708817484 -0.2192031021678298
v 0.22971772472201268 0.41701301708817484 -0.2192031021678298
v 0.21920310216782968 0.41051462255418303 -0.2362161192560046
v 0.20868847961364667 0.41701301708817484 -0.2192031021678298
v 0.21920310216782968 0.41051462255418303 -0.2362161192560046
v 0.20219008507965486 0.4 -0.2297177247220128
v 0.20868847961364667 0.41701301708817484 -0.2192031021678298
v 0.20219008507965486 0.4 -0.2297177247220128
v 0.20219008507965486 0.4 -0.20868847961364678
v 0.20868847961364667 0.41701301708817484 -0.2192031021678298
v 0.21920310216782968 0.41051462255418303 -0.20219008507965497
v 0.2362161192560045 0.4 -0.20868847961364678
v 0.22971772472201268 0.41701301708817484 -0.2192031021678298
v 0.20219008507965486 0.4 -0.20868847961364678
v 0.21920310216782968 0.389485377445817 -0.20219008507965497
v 0.21920310216782968 0.41051462255418303 -0.20219008507965497
v 0.20219008507965486 0.4 -0.2297177247220128
v 0.20868847961364667 0.3829869829118252 -0.2192031021678298
v 0.20219008507965486 0.4 -0.20868847961364678
v 0.21920310216782968 0.41051462255418303 -0.2362161192560046
v 0.21920310216782968 0.389485377445817 -0.2362161192560046
v 0.20219008507965486 0.4 -0.2297177247220128
v 0.22971772472201268 0.41701301708817484 -0.2192031021678298
v 0.2362161192560045 0.4 -0.2297177247220128
v 0.21920310216782968 0.41051462255418303 -0.2362161192560046
v 0.2362161192560045 0.4 -0.20868847961364678
v 0.21920310216782968 0.389485377445817 -0.20219008507965497
v 0.22971772472201268 0.3829869829118252 -0.2192031021678298
v 0.21920310216782968 0.389485377445817 -0.20219008507965497
v 0.20868847961364667 0.3829869829118252 -0.2192031021678298
v 0.22971772472201268 0.3829869829118252 -0.2192031021678298
v 0.20868847961364667 0.3829869829118252 -0.2192031021678298
v 0.21920310216782968 0.389485377445817 -0.2362161192560046
v 0.22971772472201268 0.3829869829118252 -0.2192031021678298
v 0.21920310216782968 0.389485377445817 -0.2362161192560046
v 0.2362161192560045 0.4 -0.2297177247220128
v 0.22971772472201268 0.3829869829118252 -0.2192031021678298
v 0.2362161192560045 0.4 -0.2297177247220128
v 0.2362161192560045 0.4 -0.20868847961364678
v 0.22971772472201268 0.3829869829118252 -0.2192031021678298
v 0.2362161192560045 0.4 -0.20868847961364678
v 0.21920310216782968 0.41051462255418303 -0.20219008507965497
v 0.21920310216782968 0.389485377445817 -0.20219008507965497
v 0.21920310216782968 0.389485377445817 -0.20219008507965497
v 0.20219008507965486 0.4 -0.20868847961364678
v 0.20868847961364667 0.3829869829118252 -0.2192031021678298
v 0.20868847961364667 0.3829869829118252 -0.2192031021678298
v 0.20219008507965486 0.4 -0.2297177247220128
v 0.21920310216782968 0.389485377445817 -0.2362161192560046
v 0.21920310216782968 0.389485377445817 -0.2362161192560046
v 0.21920310216782968 0.41051462255418303 -0.2362161192560046
v 0.2362161192560045 0.4 -0.2297177247220128
v 0.2362161192560045 0.4 -0.2297177247220128
v 0.22971772472201268 0.41701301708817484 -0.2192031021678298
v 0.2362161192560045 0.4 -0.20868847961364678
vt 0.5881040692329407 0.5
vt 0.75 0.6762081980705261
vt 0.5 0.8237918019294739
vt 0.75 0.6762081980705261
vt 1 0.8237918019294739
vt 0.5 0.8237918019294739
vt 0 0.8237918019294739
vt 0.25 0.6762081980705261
vt 0.5 0.8237918019294739
vt 0.25 0.6762081980705261
vt 0.41189590096473694 0.5
vt 0.5 0.8237918019294739
vt 0.41189590096473694 0.5
vt 0.5881040692329407 0.5
vt 0.5 0.8237918019294739
vt 0.75 0.6762081980705261
vt 0.9118959307670593 0.5
vt 1 0.8237918019294739
vt 0.5881040692329407 0.5
vt 0.75 0.3237918019294739
vt 0.75 0.6762081980705261
vt 0.41189590096473694 0.5
vt 0.5 0.17620819807052612
vt 0.5881040692329407 0.5
vt 0.25 0.6762081980705261
vt 0.25 0.3237918019294739
vt 0.41189590096473694 0.5
vt 0 0.8237918019294739
vt 0.08810409903526306 0.5
vt 0.25 0.6762081980705261
vt 0.9118959307670593 0.5
vt 0.75 0.3237918019294739
vt 1 0.17620819807052612
vt 0.75 0.3237918019294739
vt 0.5 0.17620819807052612
vt 1 0.17620819807052612
vt 0.5 0.17620819807052612
vt 0.25 0.3237918019294739
vt 0 0.17620819807052612
vt 0.25 0.3237918019294739
vt 0.08810409903526306 0.5
vt 0 0.17620819807052612
vt 1.0881041288375854 0.5
vt 0.9118959307670593 0.5
vt 1 0.17620819807052612
vt 0.9118959307670593 0.5
vt 0.75 0.6762081980705261
vt 0.75 0.3237918019294739
vt 0.75 0.3237918019294739
vt 0.5881040692329407 0.5
vt 0.5 0.17620819807052612
vt 0.5 0.17620819807052612
vt 0.41189590096473694 0.5
vt 0.25 0.3237918019294739
vt 0.25 0.3237918019294739
vt 0.25 0.6762081980705261
vt 0.08810409903526306 0.5
vt 1.0881041288375854 0.5
vt 1 0.8237918019294739
vt 0.9118959307670593 0.5
vn -0.5773502691896257 0.5773502691896257 0.5773502691896257
vn -0.5773502691896257 0.5773502691896257 0.5773502691896257
vn -0.5773502691896257 0.5773502691896257 0.5773502691896257
vn 0 0.9341723510700028 0.35682211043647993
vn 0 0.9341723510700028 0.35682211043647993
vn 0 0.9341723510700028 0.35682211043647993
vn 0 0.9341723510700028 -0.35682211043647993
vn 0 0.9341723510700028 -0.35682211043647993
vn 0 0.9341723510700028 -0.35682211043647993
vn -0.5773502691896257 0.5773502691896257 -0.5773502691896257
vn -0.5773502691896257 0.5773502691896257 -0.5773502691896257
vn -0.5773502691896257 0.5773502691896257 -0.5773502691896257
vn -0.9341723510700028 0.35682211043647993 0
vn -0.9341723510700028 0.35682211043647993 0
vn -0.9341723510700028 0.35682211043647993 0
vn 0.5773502691896257 0.5773502691896257 0.5773502691896257
vn 0.5773502691896257 0.5773502691896257 0.5773502691896257
vn 0.5773502691896257 0.5773502691896257 0.5773502691896257
vn -0.35682211043647993 0 0.9341723510700028
vn -0.35682211043647993 0 0.9341723510700028
vn -0.35682211043647993 0 0.9341723510700028
vn -0.9341723510700028 -0.35682211043647993 0
vn -0.9341723510700028 -0.35682211043647993 0
vn -0.9341723510700028 -0.35682211043647993 0
vn -0.35682211043647993 0 -0.9341723510700028
vn -0.35682211043647993 0 -0.9341723510700028
vn -0.35682211043647993 0 -0.9341723510700028
vn 0.5773502691896257 0.5773502691896257 -0.5773502691896257
vn 0.5773502691896257 0.5773502691896257 -0.5773502691896257
vn 0.5773502691896257 0.5773502691896257 -0.5773502691896257
vn 0.5773502691896257 -0.5773502691896257 0.5773502691896257
vn 0.5773502691896257 -0.5773502691896257 0.5773502691896257
vn 0.5773502691896257 -0.5773502691896257 0.5773502691896257
vn 0 -0.9341723510700028 0.35682211043647993
vn 0 -0.9341723510700028 0.35682211043647993
vn 0 -0.9341723510700028 0.35682211043647993
vn 0 -0.9341723510700028 -0.35682211043647993
vn 0 -0.9341723510700028 -0.35682211043647993
vn 0 -0.9341723510700028 -0.35682211043647993
vn 0.5773502691896257 -0.5773502691896257 -0.5773502691896257
vn 0.5773502691896257 -0.5773502691896257 -0.5773502691896257
vn 0.5773502691896257 -0.5773502691896257 -0.5773502691896257
vn 0.9341723510700028 -0.35682211043647993 0
vn 0.9341723510700028 -0.35682211043647993 0
vn 0.9341723510700028 -0.35682211043647993 0
vn 0.35682211043647993 0 0.9341723510700028
vn 0.35682211043647993 0 0.9341723510700028
vn 0.35682211043647993 0 0.9341723510700028
vn -0.5773502691896257 -0.5773502691896257 0.5773502691896257
vn -0.5773502691896257 -0.5773502691896257 0.5773502691896257
vn -0.5773502691896257 -0.5773502691896257 0.5773502691896257
vn -0.5773502691896257 -0.5773502691896257 -0.5773502691896257
vn -0.5773502691896257 -0.5773502691896257 -0.5773502691896257
vn -0.5773502691896257 -0.5773502691896257 -0.5773502691896257
vn 0.35682211043647993 0 -0.9341723510700028
vn 0.35682211043647993 0 -0.9341723510700028
vn 0.35682211043647993 0 -0.9341723510700028
vn 0.9341723510700028 0.35682211043647993 0
vn 0.9341723510700028 0.35682211043647993 0
vn 0.9341723510700028 0.35682211043647993 0
f 3797/3797/3797 3798/3798/3798 3799/3799/3799
f 3800/3800/3800 3801/3801/3801 3802/3802/3802
f 3803/3803/3803 3804/3804/3804 3805/3805/3805
f 3806/3806/3806 3807/3807/3807 3808/3808/3808
f 3809/3809/3809 3810/3810/3810 3811/3811/3811
f 3812/3812/3812 3813/3813/3813 3814/3814/3814
f 3815/3815/3815 3816/3816/3816 3817/3817/3817
f 3818/3818/3818 3819/3819/3819 3820/3820/3820
f 3821/3821/3821 3822/3822/3822 3823/3823/3823
f 3824/3824/3824 3825/3825/3825 3826/3826/3826
f 3827/3827/3827 3828/3828/3828 3829/3829/3829
f 3830/3830/3830 3831/3831/3831 3832/3832/3832
f 3833/3833/3833 3834/3834/3834 3835/3835/3835
f 3836/3836/3836 3837/3837/3837 3838/3838/3838
f 3839/3839/3839 3840/3840/3840 3841/3841/3841
f 3842/3842/3842 3843/3843/3843 3844/3844/3844
f 3845/3845/3845 3846/3846/3846 3847/3847/3847
f 3848/3848/3848 3849/3849/3849 3850/3850/3850
f 3851/3851/3851 3852/3852/3852 3853/3853/3853
f 3854/3854/3854 3855/3855/3855 3856/3856/3856
o belt_pouch
usemtl navyD
v -0.28860447718940657 0.4350000029802322 0.2404837956861713
v -0.20186215333744353 0.4350000029802322 0.19072669015555993
v -0.28860447718940657 0.28499999701976775 0.2404837956861713
v -0.20186215333744353 0.28499999701976775 0.19072669015555993
v -0.26654638719076434 0.4350000029802322 0.077961674964534
v -0.3532887110427274 0.4350000029802322 0.12771878049514535
v -0.26654638719076434 0.28499999701976775 0.077961674964534
v -0.3532887110427274 0.28499999701976775 0.12771878049514535
v -0.26654638719076434 0.4350000029802322 0.077961674964534
v -0.20186215333744353 0.4350000029802322 0.19072669015555993
v -0.3532887110427274 0.4350000029802322 0.12771878049514535
v -0.28860447718940657 0.4350000029802322 0.2404837956861713
v -0.3532887110427274 0.28499999701976775 0.12771878049514535
v -0.28860447718940657 0.28499999701976775 0.2404837956861713
v -0.26654638719076434 0.28499999701976775 0.077961674964534
v -0.20186215333744353 0.28499999701976775 0.19072669015555993
v -0.3532887110427274 0.4350000029802322 0.12771878049514535
v -0.28860447718940657 0.4350000029802322 0.2404837956861713
v -0.3532887110427274 0.28499999701976775 0.12771878049514535
v -0.28860447718940657 0.28499999701976775 0.2404837956861713
v -0.20186215333744353 0.4350000029802322 0.19072669015555993
v -0.26654638719076434 0.4350000029802322 0.077961674964534
v -0.20186215333744353 0.28499999701976775 0.19072669015555993
v -0.26654638719076434 0.28499999701976775 0.077961674964534
vt 0 1
vt 1 1
vt 0 0
vt 1 0
vt 0 1
vt 1 1
vt 0 0
vt 1 0
vt 0 1
vt 1 1
vt 0 0
vt 1 0
vt 0 1
vt 1 1
vt 0 0
vt 1 0
vt 0 1
vt 1 1
vt 0 0
vt 1 0
vt 0 1
vt 1 1
vt 0 0
vt 1 0
vn 0.4975710478917268 0 0.867423225594017
vn 0.4975710478917268 0 0.867423225594017
vn 0.4975710478917268 0 0.867423225594017
vn 0.4975710478917268 0 0.867423225594017
vn -0.4975710478917268 0 -0.867423225594017
vn -0.4975710478917268 0 -0.867423225594017
vn -0.4975710478917268 0 -0.867423225594017
vn -0.4975710478917268 0 -0.867423225594017
vn 0 1 0
vn 0 1 0
vn 0 1 0
vn 0 1 0
vn 0 -1 0
vn 0 -1 0
vn 0 -1 0
vn 0 -1 0
vn -0.867423225594017 0 0.4975710478917268
vn -0.867423225594017 0 0.4975710478917268
vn -0.867423225594017 0 0.4975710478917268
vn -0.867423225594017 0 0.4975710478917268
vn 0.867423225594017 0 -0.4975710478917268
vn 0.867423225594017 0 -0.4975710478917268
vn 0.867423225594017 0 -0.4975710478917268
vn 0.867423225594017 0 -0.4975710478917268
f 3857/3857/3857 3859/3859/3859 3858/3858/3858
f 3859/3859/3859 3860/3860/3860 3858/3858/3858
f 3861/3861/3861 3863/3863/3863 3862/3862/3862
f 3863/3863/3863 3864/3864/3864 3862/3862/3862
f 3865/3865/3865 3867/3867/3867 3866/3866/3866
f 3867/3867/3867 3868/3868/3868 3866/3866/3866
f 3869/3869/3869 3871/3871/3871 3870/3870/3870
f 3871/3871/3871 3872/3872/3872 3870/3870/3870
f 3873/3873/3873 3875/3875/3875 3874/3874/3874
f 3875/3875/3875 3876/3876/3876 3874/3874/3874
f 3877/3877/3877 3879/3879/3879 3878/3878/3878
f 3879/3879/3879 3880/3880/3880 3878/3878/3878
o pouch_flap
usemtl black
v -0.29912796809447567 0.46500000037252903 0.2522844793401206
v -0.20371141379615834 0.46500000037252903 0.1975516643686061
v -0.29912796809447567 0.414999999627471 0.2522844793401206
v -0.20371141379615834 0.414999999627471 0.1975516643686061
v -0.27337136079757557 0.46500000037252903 0.0761124122684192
v -0.3687879150958929 0.46500000037252903 0.1308452272399337
v -0.27337136079757557 0.414999999627471 0.0761124122684192
v -0.3687879150958929 0.414999999627471 0.1308452272399337
v -0.27337136079757557 0.46500000037252903 0.0761124122684192
v -0.20371141379615834 0.46500000037252903 0.1975516643686061
v -0.3687879150958929 0.46500000037252903 0.1308452272399337
v -0.29912796809447567 0.46500000037252903 0.2522844793401206
v -0.3687879150958929 0.414999999627471 0.1308452272399337
v -0.29912796809447567 0.414999999627471 0.2522844793401206
v -0.27337136079757557 0.414999999627471 0.0761124122684192
v -0.20371141379615834 0.414999999627471 0.1975516643686061
v -0.3687879150958929 0.46500000037252903 0.1308452272399337
v -0.29912796809447567 0.46500000037252903 0.2522844793401206
v -0.3687879150958929 0.414999999627471 0.1308452272399337
v -0.29912796809447567 0.414999999627471 0.2522844793401206
v -0.20371141379615834 0.46500000037252903 0.1975516643686061
v -0.27337136079757557 0.46500000037252903 0.0761124122684192
v -0.20371141379615834 0.414999999627471 0.1975516643686061
v -0.27337136079757557 0.414999999627471 0.0761124122684192
vt 0 1
vt 1 1
vt 0 0
vt 1 0
vt 0 1
vt 1 1
vt 0 0
vt 1 0
vt 0 1
vt 1 1
vt 0 0
vt 1 0
vt 0 1
vt 1 1
vt 0 0
vt 1 0
vt 0 1
vt 1 1
vt 0 0
vt 1 0
vt 0 1
vt 1 1
vt 0 0
vt 1 0
vn 0.4975710478917268 0 0.867423225594017
vn 0.4975710478917268 0 0.867423225594017
vn 0.4975710478917268 0 0.867423225594017
vn 0.4975710478917268 0 0.867423225594017
vn -0.4975710478917268 0 -0.867423225594017
vn -0.4975710478917268 0 -0.867423225594017
vn -0.4975710478917268 0 -0.867423225594017
vn -0.4975710478917268 0 -0.867423225594017
vn 0 1 0
vn 0 1 0
vn 0 1 0
vn 0 1 0
vn 0 -1 0
vn 0 -1 0
vn 0 -1 0
vn 0 -1 0
vn -0.867423225594017 0 0.4975710478917268
vn -0.867423225594017 0 0.4975710478917268
vn -0.867423225594017 0 0.4975710478917268
vn -0.867423225594017 0 0.4975710478917268
vn 0.867423225594017 0 -0.4975710478917268
vn 0.867423225594017 0 -0.4975710478917268
vn 0.867423225594017 0 -0.4975710478917268
vn 0.867423225594017 0 -0.4975710478917268
f 3881/3881/3881 3883/3883/3883 3882/3882/3882
f 3883/3883/3883 3884/3884/3884 3882/3882/3882
f 3885/3885/3885 3887/3887/3887 3886/3886/3886
f 3887/3887/3887 3888/3888/3888 3886/3886/3886
f 3889/3889/3889 3891/3891/3891 3890/3890/3890
f 3891/3891/3891 3892/3892/3892 3890/3890/3890
f 3893/3893/3893 3895/3895/3895 3894/3894/3894
f 3895/3895/3895 3896/3896/3896 3894/3894/3894
f 3897/3897/3897 3899/3899/3899 3898/3898/3898
f 3899/3899/3899 3900/3900/3900 3898/3898/3898
f 3901/3901/3901 3903/3903/3903 3902/3902/3902
f 3903/3903/3903 3904/3904/3904 3902/3902/3902
o belt_pouch
usemtl navyD
v 0.3532887110427274 0.4350000029802322 0.12771878049514535
v 0.26654638719076434 0.4350000029802322 0.077961674964534
v 0.3532887110427274 0.28499999701976775 0.12771878049514535
v 0.26654638719076434 0.28499999701976775 0.077961674964534
v 0.20186215333744353 0.4350000029802322 0.19072669015555993
v 0.28860447718940657 0.4350000029802322 0.2404837956861713
v 0.20186215333744353 0.28499999701976775 0.19072669015555993
v 0.28860447718940657 0.28499999701976775 0.2404837956861713
v 0.20186215333744353 0.4350000029802322 0.19072669015555993
v 0.26654638719076434 0.4350000029802322 0.077961674964534
v 0.28860447718940657 0.4350000029802322 0.2404837956861713
v 0.3532887110427274 0.4350000029802322 0.12771878049514535
v 0.28860447718940657 0.28499999701976775 0.2404837956861713
v 0.3532887110427274 0.28499999701976775 0.12771878049514535
v 0.20186215333744353 0.28499999701976775 0.19072669015555993
v 0.26654638719076434 0.28499999701976775 0.077961674964534
v 0.28860447718940657 0.4350000029802322 0.2404837956861713
v 0.3532887110427274 0.4350000029802322 0.12771878049514535
v 0.28860447718940657 0.28499999701976775 0.2404837956861713
v 0.3532887110427274 0.28499999701976775 0.12771878049514535
v 0.26654638719076434 0.4350000029802322 0.077961674964534
v 0.20186215333744353 0.4350000029802322 0.19072669015555993
v 0.26654638719076434 0.28499999701976775 0.077961674964534
v 0.20186215333744353 0.28499999701976775 0.19072669015555993
vt 0 1
vt 1 1
vt 0 0
vt 1 0
vt 0 1
vt 1 1
vt 0 0
vt 1 0
vt 0 1
vt 1 1
vt 0 0
vt 1 0
vt 0 1
vt 1 1
vt 0 0
vt 1 0
vt 0 1
vt 1 1
vt 0 0
vt 1 0
vt 0 1
vt 1 1
vt 0 0
vt 1 0
vn 0.4975710478917268 0 -0.867423225594017
vn 0.4975710478917268 0 -0.867423225594017
vn 0.4975710478917268 0 -0.867423225594017
vn 0.4975710478917268 0 -0.867423225594017
vn -0.4975710478917268 0 0.867423225594017
vn -0.4975710478917268 0 0.867423225594017
vn -0.4975710478917268 0 0.867423225594017
vn -0.4975710478917268 0 0.867423225594017
vn 0 1 0
vn 0 1 0
vn 0 1 0
vn 0 1 0
vn 0 -1 0
vn 0 -1 0
vn 0 -1 0
vn 0 -1 0
vn 0.867423225594017 0 0.4975710478917268
vn 0.867423225594017 0 0.4975710478917268
vn 0.867423225594017 0 0.4975710478917268
vn 0.867423225594017 0 0.4975710478917268
vn -0.867423225594017 0 -0.4975710478917268
vn -0.867423225594017 0 -0.4975710478917268
vn -0.867423225594017 0 -0.4975710478917268
vn -0.867423225594017 0 -0.4975710478917268
f 3905/3905/3905 3907/3907/3907 3906/3906/3906
f 3907/3907/3907 3908/3908/3908 3906/3906/3906
f 3909/3909/3909 3911/3911/3911 3910/3910/3910
f 3911/3911/3911 3912/3912/3912 3910/3910/3910
f 3913/3913/3913 3915/3915/3915 3914/3914/3914
f 3915/3915/3915 3916/3916/3916 3914/3914/3914
f 3917/3917/3917 3919/3919/3919 3918/3918/3918
f 3919/3919/3919 3920/3920/3920 3918/3918/3918
f 3921/3921/3921 3923/3923/3923 3922/3922/3922
f 3923/3923/3923 3924/3924/3924 3922/3922/3922
f 3925/3925/3925 3927/3927/3927 3926/3926/3926
f 3927/3927/3927 3928/3928/3928 3926/3926/3926
o pouch_flap
usemtl black
v 0.3687879150958929 0.46500000037252903 0.1308452272399337
v 0.27337136079757557 0.46500000037252903 0.0761124122684192
v 0.3687879150958929 0.414999999627471 0.1308452272399337
v 0.27337136079757557 0.414999999627471 0.0761124122684192
v 0.20371141379615834 0.46500000037252903 0.1975516643686061
v 0.29912796809447567 0.46500000037252903 0.2522844793401206
v 0.20371141379615834 0.414999999627471 0.1975516643686061
v 0.29912796809447567 0.414999999627471 0.2522844793401206
v 0.20371141379615834 0.46500000037252903 0.1975516643686061
v 0.27337136079757557 0.46500000037252903 0.0761124122684192
v 0.29912796809447567 0.46500000037252903 0.2522844793401206
v 0.3687879150958929 0.46500000037252903 0.1308452272399337
v 0.29912796809447567 0.414999999627471 0.2522844793401206
v 0.3687879150958929 0.414999999627471 0.1308452272399337
v 0.20371141379615834 0.414999999627471 0.1975516643686061
v 0.27337136079757557 0.414999999627471 0.0761124122684192
v 0.29912796809447567 0.46500000037252903 0.2522844793401206
v 0.3687879150958929 0.46500000037252903 0.1308452272399337
v 0.29912796809447567 0.414999999627471 0.2522844793401206
v 0.3687879150958929 0.414999999627471 0.1308452272399337
v 0.27337136079757557 0.46500000037252903 0.0761124122684192
v 0.20371141379615834 0.46500000037252903 0.1975516643686061
v 0.27337136079757557 0.414999999627471 0.0761124122684192
v 0.20371141379615834 0.414999999627471 0.1975516643686061
vt 0 1
vt 1 1
vt 0 0
vt 1 0
vt 0 1
vt 1 1
vt 0 0
vt 1 0
vt 0 1
vt 1 1
vt 0 0
vt 1 0
vt 0 1
vt 1 1
vt 0 0
vt 1 0
vt 0 1
vt 1 1
vt 0 0
vt 1 0
vt 0 1
vt 1 1
vt 0 0
vt 1 0
vn 0.4975710478917268 0 -0.867423225594017
vn 0.4975710478917268 0 -0.867423225594017
vn 0.4975710478917268 0 -0.867423225594017
vn 0.4975710478917268 0 -0.867423225594017
vn -0.4975710478917268 0 0.867423225594017
vn -0.4975710478917268 0 0.867423225594017
vn -0.4975710478917268 0 0.867423225594017
vn -0.4975710478917268 0 0.867423225594017
vn 0 1 0
vn 0 1 0
vn 0 1 0
vn 0 1 0
vn 0 -1 0
vn 0 -1 0
vn 0 -1 0
vn 0 -1 0
vn 0.867423225594017 0 0.4975710478917268
vn 0.867423225594017 0 0.4975710478917268
vn 0.867423225594017 0 0.4975710478917268
vn 0.867423225594017 0 0.4975710478917268
vn -0.867423225594017 0 -0.4975710478917268
vn -0.867423225594017 0 -0.4975710478917268
vn -0.867423225594017 0 -0.4975710478917268
vn -0.867423225594017 0 -0.4975710478917268
f 3929/3929/3929 3931/3931/3931 3930/3930/3930
f 3931/3931/3931 3932/3932/3932 3930/3930/3930
f 3933/3933/3933 3935/3935/3935 3934/3934/3934
f 3935/3935/3935 3936/3936/3936 3934/3934/3934
f 3937/3937/3937 3939/3939/3939 3938/3938/3938
f 3939/3939/3939 3940/3940/3940 3938/3938/3938
f 3941/3941/3941 3943/3943/3943 3942/3942/3942
f 3943/3943/3943 3944/3944/3944 3942/3942/3942
f 3945/3945/3945 3947/3947/3947 3946/3946/3946
f 3947/3947/3947 3948/3948/3948 3946/3946/3946
f 3949/3949/3949 3951/3951/3951 3950/3950/3950
f 3951/3951/3951 3952/3952/3952 3950/3950/3950
o key_ring
usemtl steel
v -0.26 0.32 0.1989999993145466
v -0.26 0.3408632294088602 0.20267874956130982
v -0.26 0.3592100438475609 0.2132712884247303
v -0.26 0.37282754823565484 0.2294999996572733
v -0.26 0.38007327139377595 0.24940746113657952
v -0.26 0.38007327139377595 0.2705925388634205
v -0.26 0.37282754823565484 0.2905000003427267
v -0.26 0.3592100438475609 0.3067287115752697
v -0.26 0.3408632294088602 0.3173212504386902
v -0.26 0.32 0.3210000006854534
v -0.26 0.2991367705911398 0.3173212504386902
v -0.26 0.2807899561524391 0.3067287115752697
v -0.26 0.2671724517643452 0.2905000003427267
v -0.26 0.25992672860622407 0.2705925388634205
v -0.26 0.25992672860622407 0.24940746113657952
v -0.26 0.2671724517643452 0.2294999996572733
v -0.26 0.2807899561524391 0.2132712884247303
v -0.26 0.2991367705911398 0.20267874956130982
v -0.26 0.32 0.1989999993145466
v -0.2522218252904713 0.32 0.20222182407975198
v -0.2522218252904713 0.3397612997144461 0.20570627436041833
v -0.2522218252904713 0.35713909536600114 0.2157393491268158
v -0.2522218252904713 0.37003736540675164 0.231110912039876
v -0.2522218252904713 0.37690039321780205 0.24996692523360253
v -0.2522218252904713 0.37690039321780205 0.2700330747663975
v -0.2522218252904713 0.37003736540675164 0.288889087960124
v -0.2522218252904713 0.35713909536600114 0.3042606508731842
v -0.2522218252904713 0.3397612997144461 0.3142937256395817
v -0.2522218252904713 0.32 0.31777817592024804
v -0.2522218252904713 0.30023870028555394 0.3142937256395817
v -0.2522218252904713 0.2828609046339989 0.3042606508731842
v -0.2522218252904713 0.2699626345932484 0.288889087960124
v -0.2522218252904713 0.26309960678219796 0.2700330747663975
v -0.2522218252904713 0.26309960678219796 0.24996692523360253
v -0.2522218252904713 0.2699626345932484 0.231110912039876
v -0.2522218252904713 0.2828609046339989 0.2157393491268158
v -0.2522218252904713 0.30023870028555394 0.20570627436041833
v -0.2522218252904713 0.32 0.20222182407975198
v -0.24900000005960465 0.32 0.20999999925494195
v -0.24900000005960465 0.33710100658237935 0.21301536843180657
v -0.24900000005960465 0.3521393795311451 0.2216977795958519
v -0.24900000005960465 0.3633012694120407 0.23499999962747098
v -0.24900000005960465 0.3692403879761696 0.2513175906985998
v -0.24900000005960465 0.3692403879761696 0.2686824093014002
v -0.24900000005960465 0.3633012694120407 0.28500000037252904
v -0.24900000005960465 0.3521393795311451 0.2983022204041481
v -0.24900000005960465 0.33710100658237935 0.30698463156819344
v -0.24900000005960465 0.32 0.31000000074505807
v -0.24900000005960465 0.30289899341762067 0.30698463156819344
v -0.24900000005960465 0.2878606204688549 0.2983022204041481
v -0.24900000005960465 0.2766987305879593 0.28500000037252904
v -0.24900000005960465 0.2707596120238304 0.2686824093014002
v -0.24900000005960465 0.2707596120238304 0.2513175906985998
v -0.24900000005960465 0.2766987305879593 0.23499999962747098
v -0.24900000005960465 0.2878606204688549 0.2216977795958519
v -0.24900000005960465 0.30289899341762067 0.21301536843180657
v -0.24900000005960465 0.32 0.20999999925494195
v -0.2522218252904713 0.32 0.21777817443013192
v -0.2522218252904713 0.3344407143816352 0.22032446250319482
v -0.2522218252904713 0.3471396655589342 0.2276562063395977
v -0.2522218252904713 0.3565651734173298 0.23888908721506596
v -0.2522218252904713 0.36158038273453713 0.2526682570949197
v -0.2522218252904713 0.36158038273453713 0.2673317429050803
v -0.2522218252904713 0.3565651734173298 0.28111091278493405
v -0.2522218252904713 0.3471396655589342 0.2923437936604023
v -0.2522218252904713 0.3344407143816352 0.2996755374968052
v -0.2522218252904713 0.32 0.3022218255698681
v -0.2522218252904713 0.3055592856183648 0.2996755374968052
v -0.2522218252904713 0.2928603344410658 0.2923437936604023
v -0.2522218252904713 0.2834348265826702 0.28111091278493405
v -0.2522218252904713 0.2784196172654629 0.2673317429050803
v -0.2522218252904713 0.2784196172654629 0.2526682570949197
v -0.2522218252904713 0.2834348265826702 0.23888908721506596
v -0.2522218252904713 0.2928603344410658 0.2276562063395977
v -0.2522218252904713 0.3055592856183648 0.22032446250319482
v -0.2522218252904713 0.32 0.21777817443013192
v -0.26 0.32 0.2209999991953373
v -0.26 0.33333878561854363 0.22335198730230332
v -0.26 0.34506871707737446 0.2301242670416832
v -0.26 0.3537749905884266 0.24049999959766866
v -0.26 0.35840750083327294 0.2532277211919427
v -0.26 0.35840750083327294 0.2667722788080573
v -0.26 0.3537749905884266 0.27950000040233136
v -0.26 0.34506871707737446 0.2898757329583168
v -0.26 0.33333878561854363 0.2966480126976967
v -0.26 0.32 0.2990000008046627
v -0.26 0.3066612143814564 0.2966480126976967
v -0.26 0.29493128292262555 0.2898757329583168
v -0.26 0.2862250094115734 0.27950000040233136
v -0.26 0.2815924991667271 0.2667722788080573
v -0.26 0.2815924991667271 0.2532277211919427
v -0.26 0.2862250094115734 0.24049999959766866
v -0.26 0.29493128292262555 0.2301242670416832
v -0.26 0.3066612143814564 0.22335198730230332
v -0.26 0.32 0.2209999991953373
v -0.2677781747095287 0.32 0.21777817443013192
v -0.2677781747095287 0.3344407143816352 0.22032446250319482
v -0.2677781747095287 0.3471396655589342 0.2276562063395977
v -0.2677781747095287 0.3565651734173298 0.23888908721506596
v -0.2677781747095287 0.36158038273453713 0.2526682570949197
v -0.2677781747095287 0.36158038273453713 0.2673317429050803
v -0.2677781747095287 0.3565651734173298 0.28111091278493405
v -0.2677781747095287 0.3471396655589342 0.2923437936604023
v -0.2677781747095287 0.3344407143816352 0.2996755374968052
v -0.2677781747095287 0.32 0.3022218255698681
v -0.2677781747095287 0.3055592856183648 0.2996755374968052
v -0.2677781747095287 0.2928603344410658 0.2923437936604023
v -0.2677781747095287 0.2834348265826702 0.28111091278493405
v -0.2677781747095287 0.2784196172654629 0.2673317429050803
v -0.2677781747095287 0.2784196172654629 0.2526682570949197
v -0.2677781747095287 0.2834348265826702 0.23888908721506596
v -0.2677781747095287 0.2928603344410658 0.2276562063395977
v -0.2677781747095287 0.3055592856183648 0.22032446250319482
v -0.2677781747095287 0.32 0.21777817443013192
v -0.27099999994039536 0.32 0.20999999925494195
v -0.27099999994039536 0.33710100658237935 0.21301536843180657
v -0.27099999994039536 0.3521393795311451 0.2216977795958519
v -0.27099999994039536 0.3633012694120407 0.23499999962747098
v -0.27099999994039536 0.3692403879761696 0.2513175906985998
v -0.27099999994039536 0.3692403879761696 0.2686824093014002
v -0.27099999994039536 0.3633012694120407 0.28500000037252904
v -0.27099999994039536 0.3521393795311451 0.2983022204041481
v -0.27099999994039536 0.33710100658237935 0.30698463156819344
v -0.27099999994039536 0.32 0.31000000074505807
v -0.27099999994039536 0.30289899341762067 0.30698463156819344
v -0.27099999994039536 0.2878606204688549 0.2983022204041481
v -0.27099999994039536 0.2766987305879593 0.28500000037252904
v -0.27099999994039536 0.2707596120238304 0.2686824093014002
v -0.27099999994039536 0.2707596120238304 0.2513175906985998
v -0.27099999994039536 0.2766987305879593 0.23499999962747098
v -0.27099999994039536 0.2878606204688549 0.2216977795958519
v -0.27099999994039536 0.30289899341762067 0.21301536843180657
v -0.27099999994039536 0.32 0.20999999925494195
v -0.2677781747095287 0.32 0.20222182407975198
v -0.2677781747095287 0.3397612997144461 0.20570627436041833
v -0.2677781747095287 0.35713909536600114 0.2157393491268158
v -0.2677781747095287 0.37003736540675164 0.231110912039876
v -0.2677781747095287 0.37690039321780205 0.24996692523360253
v -0.2677781747095287 0.37690039321780205 0.2700330747663975
v -0.2677781747095287 0.37003736540675164 0.288889087960124
v -0.2677781747095287 0.35713909536600114 0.3042606508731842
v -0.2677781747095287 0.3397612997144461 0.3142937256395817
v -0.2677781747095287 0.32 0.31777817592024804
v -0.2677781747095287 0.30023870028555394 0.3142937256395817
v -0.2677781747095287 0.2828609046339989 0.3042606508731842
v -0.2677781747095287 0.2699626345932484 0.288889087960124
v -0.2677781747095287 0.26309960678219796 0.2700330747663975
v -0.2677781747095287 0.26309960678219796 0.24996692523360253
v -0.2677781747095287 0.2699626345932484 0.231110912039876
v -0.2677781747095287 0.2828609046339989 0.2157393491268158
v -0.2677781747095287 0.30023870028555394 0.20570627436041833
v -0.2677781747095287 0.32 0.20222182407975198
v -0.26 0.32 0.1989999993145466
v -0.26 0.3408632294088602 0.20267874956130982
v -0.26 0.3592100438475609 0.2132712884247303
v -0.26 0.37282754823565484 0.2294999996572733
v -0.26 0.38007327139377595 0.24940746113657952
v -0.26 0.38007327139377595 0.2705925388634205
v -0.26 0.37282754823565484 0.2905000003427267
v -0.26 0.3592100438475609 0.3067287115752697
v -0.26 0.3408632294088602 0.3173212504386902
v -0.26 0.32 0.3210000006854534
v -0.26 0.2991367705911398 0.3173212504386902
v -0.26 0.2807899561524391 0.3067287115752697
v -0.26 0.2671724517643452 0.2905000003427267
v -0.26 0.25992672860622407 0.2705925388634205
v -0.26 0.25992672860622407 0.24940746113657952
v -0.26 0.2671724517643452 0.2294999996572733
v -0.26 0.2807899561524391 0.2132712884247303
v -0.26 0.2991367705911398 0.20267874956130982
v -0.26 0.32 0.1989999993145466
vt 0 0
vt 0.0555555559694767 0
vt 0.1111111119389534 0
vt 0.1666666716337204 0
vt 0.2222222238779068 0
vt 0.2777777910232544 0
vt 0.3333333432674408 0
vt 0.3888888955116272 0
vt 0.4444444477558136 0
vt 0.5 0
vt 0.5555555820465088 0
vt 0.6111111044883728 0
vt 0.6666666865348816 0
vt 0.7222222089767456 0
vt 0.7777777910232544 0
vt 0.8333333134651184 0
vt 0.8888888955116272 0
vt 0.9444444179534912 0
vt 1 0
vt 0 0.125
vt 0.0555555559694767 0.125
vt 0.1111111119389534 0.125
vt 0.1666666716337204 0.125
vt 0.2222222238779068 0.125
vt 0.2777777910232544 0.125
vt 0.3333333432674408 0.125
vt 0.3888888955116272 0.125
vt 0.4444444477558136 0.125
vt 0.5 0.125
vt 0.5555555820465088 0.125
vt 0.6111111044883728 0.125
vt 0.6666666865348816 0.125
vt 0.7222222089767456 0.125
vt 0.7777777910232544 0.125
vt 0.8333333134651184 0.125
vt 0.8888888955116272 0.125
vt 0.9444444179534912 0.125
vt 1 0.125
vt 0 0.25
vt 0.0555555559694767 0.25
vt 0.1111111119389534 0.25
vt 0.1666666716337204 0.25
vt 0.2222222238779068 0.25
vt 0.2777777910232544 0.25
vt 0.3333333432674408 0.25
vt 0.3888888955116272 0.25
vt 0.4444444477558136 0.25
vt 0.5 0.25
vt 0.5555555820465088 0.25
vt 0.6111111044883728 0.25
vt 0.6666666865348816 0.25
vt 0.7222222089767456 0.25
vt 0.7777777910232544 0.25
vt 0.8333333134651184 0.25
vt 0.8888888955116272 0.25
vt 0.9444444179534912 0.25
vt 1 0.25
vt 0 0.375
vt 0.0555555559694767 0.375
vt 0.1111111119389534 0.375
vt 0.1666666716337204 0.375
vt 0.2222222238779068 0.375
vt 0.2777777910232544 0.375
vt 0.3333333432674408 0.375
vt 0.3888888955116272 0.375
vt 0.4444444477558136 0.375
vt 0.5 0.375
vt 0.5555555820465088 0.375
vt 0.6111111044883728 0.375
vt 0.6666666865348816 0.375
vt 0.7222222089767456 0.375
vt 0.7777777910232544 0.375
vt 0.8333333134651184 0.375
vt 0.8888888955116272 0.375
vt 0.9444444179534912 0.375
vt 1 0.375
vt 0 0.5
vt 0.0555555559694767 0.5
vt 0.1111111119389534 0.5
vt 0.1666666716337204 0.5
vt 0.2222222238779068 0.5
vt 0.2777777910232544 0.5
vt 0.3333333432674408 0.5
vt 0.3888888955116272 0.5
vt 0.4444444477558136 0.5
vt 0.5 0.5
vt 0.5555555820465088 0.5
vt 0.6111111044883728 0.5
vt 0.6666666865348816 0.5
vt 0.7222222089767456 0.5
vt 0.7777777910232544 0.5
vt 0.8333333134651184 0.5
vt 0.8888888955116272 0.5
vt 0.9444444179534912 0.5
vt 1 0.5
vt 0 0.625
vt 0.0555555559694767 0.625
vt 0.1111111119389534 0.625
vt 0.1666666716337204 0.625
vt 0.2222222238779068 0.625
vt 0.2777777910232544 0.625
vt 0.3333333432674408 0.625
vt 0.3888888955116272 0.625
vt 0.4444444477558136 0.625
vt 0.5 0.625
vt 0.5555555820465088 0.625
vt 0.6111111044883728 0.625
vt 0.6666666865348816 0.625
vt 0.7222222089767456 0.625
vt 0.7777777910232544 0.625
vt 0.8333333134651184 0.625
vt 0.8888888955116272 0.625
vt 0.9444444179534912 0.625
vt 1 0.625
vt 0 0.75
vt 0.0555555559694767 0.75
vt 0.1111111119389534 0.75
vt 0.1666666716337204 0.75
vt 0.2222222238779068 0.75
vt 0.2777777910232544 0.75
vt 0.3333333432674408 0.75
vt 0.3888888955116272 0.75
vt 0.4444444477558136 0.75
vt 0.5 0.75
vt 0.5555555820465088 0.75
vt 0.6111111044883728 0.75
vt 0.6666666865348816 0.75
vt 0.7222222089767456 0.75
vt 0.7777777910232544 0.75
vt 0.8333333134651184 0.75
vt 0.8888888955116272 0.75
vt 0.9444444179534912 0.75
vt 1 0.75
vt 0 0.875
vt 0.0555555559694767 0.875
vt 0.1111111119389534 0.875
vt 0.1666666716337204 0.875
vt 0.2222222238779068 0.875
vt 0.2777777910232544 0.875
vt 0.3333333432674408 0.875
vt 0.3888888955116272 0.875
vt 0.4444444477558136 0.875
vt 0.5 0.875
vt 0.5555555820465088 0.875
vt 0.6111111044883728 0.875
vt 0.6666666865348816 0.875
vt 0.7222222089767456 0.875
vt 0.7777777910232544 0.875
vt 0.8333333134651184 0.875
vt 0.8888888955116272 0.875
vt 0.9444444179534912 0.875
vt 1 0.875
vt 0 1
vt 0.0555555559694767 1
vt 0.1111111119389534 1
vt 0.1666666716337204 1
vt 0.2222222238779068 1
vt 0.2777777910232544 1
vt 0.3333333432674408 1
vt 0.3888888955116272 1
vt 0.4444444477558136 1
vt 0.5 1
vt 0.5555555820465088 1
vt 0.6111111044883728 1
vt 0.6666666865348816 1
vt 0.7222222089767456 1
vt 0.7777777910232544 1
vt 0.8333333134651184 1
vt 0.8888888955116272 1
vt 0.9444444179534912 1
vt 1 1
vn 2.220446049250313e-16 0 -1
vn 2.0865367585936971e-16 0.34202015414019754 -0.9396926168497417
vn 1.7009603244386322e-16 0.6427876273097093 -0.7660444283313822
vn 1.1102230395700616e-16 0.8660253998985324 -0.5000000067305869
vn 3.8557642086486993e-17 0.9848077521541907 -0.17364818253298778
vn -3.8557642086486993e-17 0.9848077521541907 0.17364818253298778
vn -1.1102230395700616e-16 0.8660253998985324 0.5000000067305869
vn -1.7009603244386322e-16 0.6427876273097093 0.7660444283313822
vn -2.0865367585936971e-16 0.34202015414019754 0.9396926168497417
vn -2.220446049250313e-16 1.2246468525851679e-16 1
vn -2.0865367585936971e-16 -0.34202015414019754 0.9396926168497417
vn -1.7009603244386322e-16 -0.6427876273097093 0.7660444283313822
vn -1.1102230395700616e-16 -0.8660253998985324 0.5000000067305869
vn -3.8557642086486993e-17 -0.9848077521541907 0.17364818253298778
vn 3.8557642086486993e-17 -0.9848077521541907 -0.17364818253298778
vn 1.1102230395700616e-16 -0.8660253998985324 -0.5000000067305869
vn 1.7009603244386322e-16 -0.6427876273097093 -0.7660444283313822
vn 2.0865367585936971e-16 -0.34202015414019754 -0.9396926168497417
vn 2.220446049250313e-16 -2.4492937051703357e-16 -1
vn 0.7071067811865477 0 -0.7071067811865475
vn 0.7071067670191712 0.241844757684849 -0.6644630412717116
vn 0.7071067782288359 0.4545194863444319 -0.5416752170037222
vn 0.7071067669986165 0.6123724561743086 -0.35355338349930804
vn 0.707106783241326 0.6963642378983899 -0.12278780586971595
vn 0.707106783241326 0.6963642378983899 0.12278780586971626
vn 0.7071067669986163 0.6123724561743086 0.35355338349930837
vn 0.7071067782288357 0.4545194863444319 0.5416752170037225
vn 0.707106767019171 0.241844757684849 0.6644630412717119
vn 0.7071067811865475 8.659560751628624e-17 0.7071067811865477
vn 0.707106767019171 -0.241844757684849 0.6644630412717119
vn 0.7071067782288357 -0.4545194863444319 0.5416752170037225
vn 0.7071067669986163 -0.6123724561743086 0.35355338349930837
vn 0.707106783241326 -0.6963642378983899 0.12278780586971626
vn 0.707106783241326 -0.6963642378983899 -0.12278780586971595
vn 0.7071067669986165 -0.6123724561743086 -0.35355338349930804
vn 0.7071067782288359 -0.4545194863444319 -0.5416752170037222
vn 0.7071067670191712 -0.241844757684849 -0.6644630412717116
vn 0.7071067811865477 -1.7319121503257247e-16 -0.7071067811865475
vn 1 0 2.220446049250313e-16
vn 1 0 2.220446049250313e-16
vn 1 0 2.220446049250313e-16
vn 1 0 2.220446049250313e-16
vn 1 0 2.220446049250313e-16
vn 1 0 2.220446049250313e-16
vn 1 0 2.220446049250313e-16
vn 1 0 2.220446049250313e-16
vn 1 0 2.220446049250313e-16
vn 1 0 2.220446049250313e-16
vn 1 0 2.220446049250313e-16
vn 1 0 2.220446049250313e-16
vn 1 0 2.220446049250313e-16
vn 1 0 2.220446049250313e-16
vn 1 0 2.220446049250313e-16
vn 1 0 2.220446049250313e-16
vn 1 0 2.220446049250313e-16
vn 1 0 2.220446049250313e-16
vn 1 0 2.220446049250313e-16
vn 0.7071067811865475 0 0.7071067811865477
vn 0.707106767019171 -0.241844757684849 0.6644630412717119
vn 0.7071067782288357 -0.4545194863444319 0.5416752170037225
vn 0.7071067669986163 -0.6123724561743086 0.35355338349930837
vn 0.707106783241326 -0.6963642378983899 0.12278780586971626
vn 0.707106783241326 -0.6963642378983899 -0.12278780586971595
vn 0.7071067669986165 -0.6123724561743086 -0.35355338349930804
vn 0.7071067782288359 -0.4545194863444319 -0.5416752170037222
vn 0.7071067670191712 -0.241844757684849 -0.6644630412717116
vn 0.7071067811865477 -8.659560751628624e-17 -0.7071067811865475
vn 0.7071067670191712 0.241844757684849 -0.6644630412717116
vn 0.7071067782288359 0.4545194863444319 -0.5416752170037222
vn 0.7071067669986165 0.6123724561743086 -0.35355338349930804
vn 0.707106783241326 0.6963642378983899 -0.12278780586971595
vn 0.707106783241326 0.6963642378983899 0.12278780586971626
vn 0.7071067669986163 0.6123724561743086 0.35355338349930837
vn 0.7071067782288357 0.4545194863444319 0.5416752170037225
vn 0.707106767019171 0.241844757684849 0.6644630412717119
vn 0.7071067811865475 1.7319121503257247e-16 0.7071067811865477
vn -9.957991966651452e-17 0 1
vn -8.618899055041301e-17 -0.34202015414019754 0.9396926168497417
vn -4.7631348712693376e-17 -0.6427876273097093 0.7660444283313822
vn 1.1442382950029033e-17 -0.8660253998985324 0.5000000067305869
vn 8.3907045961676e-17 -0.9848077521541907 0.17364818253298778
vn 1.6102233013464998e-16 -0.9848077521541907 -0.17364818253298778
vn 2.3348699086404134e-16 -0.8660253998985324 -0.5000000067305869
vn 2.9256071617503305e-16 -0.6427876273097093 -0.7660444283313822
vn 3.311183611683264e-16 -0.34202015414019754 -0.9396926168497417
vn 3.445092901835481e-16 -1.2246468525851679e-16 -1
vn 3.311183611683264e-16 0.34202015414019754 -0.9396926168497417
vn 2.9256071617503305e-16 0.6427876273097093 -0.7660444283313822
vn 2.3348699086404134e-16 0.8660253998985324 -0.5000000067305869
vn 1.6102233013464998e-16 0.9848077521541907 -0.17364818253298778
vn 8.3907045961676e-17 0.9848077521541907 0.17364818253298778
vn 1.1442382950029033e-17 0.8660253998985324 0.5000000067305869
vn -4.7631348712693376e-17 0.6427876273097093 0.7660444283313822
vn -8.618899055041301e-17 0.34202015414019754 0.9396926168497417
vn -9.957991966651452e-17 2.4492937051703357e-16 1
vn -0.7071067811865477 0 0.7071067811865475
vn -0.7071067670191712 -0.241844757684849 0.6644630412717116
vn -0.7071067782288359 -0.4545194863444319 0.5416752170037222
vn -0.7071067669986165 -0.6123724561743086 0.35355338349930804
vn -0.707106783241326 -0.6963642378983899 0.12278780586971595
vn -0.707106783241326 -0.6963642378983899 -0.12278780586971626
vn -0.7071067669986163 -0.6123724561743086 -0.35355338349930837
vn -0.7071067782288357 -0.4545194863444319 -0.5416752170037225
vn -0.707106767019171 -0.241844757684849 -0.6644630412717119
vn -0.7071067811865475 -8.659560751628624e-17 -0.7071067811865477
vn -0.707106767019171 0.241844757684849 -0.6644630412717119
vn -0.7071067782288357 0.4545194863444319 -0.5416752170037225
vn -0.7071067669986163 0.6123724561743086 -0.35355338349930837
vn -0.707106783241326 0.6963642378983899 -0.12278780586971626
vn -0.707106783241326 0.6963642378983899 0.12278780586971595
vn -0.7071067669986165 0.6123724561743086 0.35355338349930804
vn -0.7071067782288359 0.4545194863444319 0.5416752170037222
vn -0.7071067670191712 0.241844757684849 0.6644630412717116
vn -0.7071067811865477 1.7319121503257247e-16 0.7071067811865475
vn -1 0 -2.220446049250313e-16
vn -1 0 -2.220446049250313e-16
vn -1 0 -2.220446049250313e-16
vn -1 0 -2.220446049250313e-16
vn -1 0 -2.220446049250313e-16
vn -1 0 -2.220446049250313e-16
vn -1 0 -2.220446049250313e-16
vn -1 0 -2.220446049250313e-16
vn -1 0 -2.220446049250313e-16
vn -1 0 -2.220446049250313e-16
vn -1 0 -2.220446049250313e-16
vn -1 0 -2.220446049250313e-16
vn -1 0 -2.220446049250313e-16
vn -1 0 -2.220446049250313e-16
vn -1 0 -2.220446049250313e-16
vn -1 0 -2.220446049250313e-16
vn -1 0 -2.220446049250313e-16
vn -1 0 -2.220446049250313e-16
vn -1 0 -2.220446049250313e-16
vn -0.7071067811865475 0 -0.7071067811865477
vn -0.707106767019171 0.241844757684849 -0.6644630412717119
vn -0.7071067782288357 0.4545194863444319 -0.5416752170037225
vn -0.7071067669986163 0.6123724561743086 -0.35355338349930837
vn -0.707106783241326 0.6963642378983899 -0.12278780586971626
vn -0.707106783241326 0.6963642378983899 0.12278780586971595
vn -0.7071067669986165 0.6123724561743086 0.35355338349930804
vn -0.7071067782288359 0.4545194863444319 0.5416752170037222
vn -0.7071067670191712 0.241844757684849 0.6644630412717116
vn -0.7071067811865477 8.659560751628624e-17 0.7071067811865475
vn -0.7071067670191712 -0.241844757684849 0.6644630412717116
vn -0.7071067782288359 -0.4545194863444319 0.5416752170037222
vn -0.7071067669986165 -0.6123724561743086 0.35355338349930804
vn -0.707106783241326 -0.6963642378983899 0.12278780586971595
vn -0.707106783241326 -0.6963642378983899 -0.12278780586971626
vn -0.7071067669986163 -0.6123724561743086 -0.35355338349930837
vn -0.7071067782288357 -0.4545194863444319 -0.5416752170037225
vn -0.707106767019171 -0.241844757684849 -0.6644630412717119
vn -0.7071067811865475 -1.7319121503257247e-16 -0.7071067811865477
vn -2.2884765592002263e-17 0 -1
vn -3.62756947585437e-17 0.34202015414019754 -0.9396926168497417
vn -7.483333501847646e-17 0.6427876273097093 -0.7660444283313822
vn -1.3390706985706422e-16 0.8660253998985324 -0.5000000067305869
vn -2.06371734009839e-16 0.9848077521541907 -0.17364818253298778
vn -2.83487018182813e-16 0.9848077521541907 0.17364818253298778
vn -3.5595167777107656e-16 0.8660253998985324 0.5000000067305869
vn -4.1502539990620286e-16 0.6427876273097093 0.7660444283313822
vn -4.535830464772832e-16 0.34202015414019754 0.9396926168497417
vn -4.669739754420649e-16 1.2246468525851679e-16 1
vn -4.535830464772832e-16 -0.34202015414019754 0.9396926168497417
vn -4.1502539990620286e-16 -0.6427876273097093 0.7660444283313822
vn -3.5595167777107656e-16 -0.8660253998985324 0.5000000067305869
vn -2.83487018182813e-16 -0.9848077521541907 0.17364818253298778
vn -2.06371734009839e-16 -0.9848077521541907 -0.17364818253298778
vn -1.3390706985706422e-16 -0.8660253998985324 -0.5000000067305869
vn -7.483333501847646e-17 -0.6427876273097093 -0.7660444283313822
vn -3.62756947585437e-17 -0.34202015414019754 -0.9396926168497417
vn -2.2884765592002263e-17 -2.4492937051703357e-16 -1
f 3972/3972/3972 3953/3953/3953 3973/3973/3973
f 3953/3953/3953 3954/3954/3954 3973/3973/3973
f 3973/3973/3973 3954/3954/3954 3974/3974/3974
f 3954/3954/3954 3955/3955/3955 3974/3974/3974
f 3974/3974/3974 3955/3955/3955 3975/3975/3975
f 3955/3955/3955 3956/3956/3956 3975/3975/3975
f 3975/3975/3975 3956/3956/3956 3976/3976/3976
f 3956/3956/3956 3957/3957/3957 3976/3976/3976
f 3976/3976/3976 3957/3957/3957 3977/3977/3977
f 3957/3957/3957 3958/3958/3958 3977/3977/3977
f 3977/3977/3977 3958/3958/3958 3978/3978/3978
f 3958/3958/3958 3959/3959/3959 3978/3978/3978
f 3978/3978/3978 3959/3959/3959 3979/3979/3979
f 3959/3959/3959 3960/3960/3960 3979/3979/3979
f 3979/3979/3979 3960/3960/3960 3980/3980/3980
f 3960/3960/3960 3961/3961/3961 3980/3980/3980
f 3980/3980/3980 3961/3961/3961 3981/3981/3981
f 3961/3961/3961 3962/3962/3962 3981/3981/3981
f 3981/3981/3981 3962/3962/3962 3982/3982/3982
f 3962/3962/3962 3963/3963/3963 3982/3982/3982
f 3982/3982/3982 3963/3963/3963 3983/3983/3983
f 3963/3963/3963 3964/3964/3964 3983/3983/3983
f 3983/3983/3983 3964/3964/3964 3984/3984/3984
f 3964/3964/3964 3965/3965/3965 3984/3984/3984
f 3984/3984/3984 3965/3965/3965 3985/3985/3985
f 3965/3965/3965 3966/3966/3966 3985/3985/3985
f 3985/3985/3985 3966/3966/3966 3986/3986/3986
f 3966/3966/3966 3967/3967/3967 3986/3986/3986
f 3986/3986/3986 3967/3967/3967 3987/3987/3987
f 3967/3967/3967 3968/3968/3968 3987/3987/3987
f 3987/3987/3987 3968/3968/3968 3988/3988/3988
f 3968/3968/3968 3969/3969/3969 3988/3988/3988
f 3988/3988/3988 3969/3969/3969 3989/3989/3989
f 3969/3969/3969 3970/3970/3970 3989/3989/3989
f 3989/3989/3989 3970/3970/3970 3990/3990/3990
f 3970/3970/3970 3971/3971/3971 3990/3990/3990
f 3991/3991/3991 3972/3972/3972 3992/3992/3992
f 3972/3972/3972 3973/3973/3973 3992/3992/3992
f 3992/3992/3992 3973/3973/3973 3993/3993/3993
f 3973/3973/3973 3974/3974/3974 3993/3993/3993
f 3993/3993/3993 3974/3974/3974 3994/3994/3994
f 3974/3974/3974 3975/3975/3975 3994/3994/3994
f 3994/3994/3994 3975/3975/3975 3995/3995/3995
f 3975/3975/3975 3976/3976/3976 3995/3995/3995
f 3995/3995/3995 3976/3976/3976 3996/3996/3996
f 3976/3976/3976 3977/3977/3977 3996/3996/3996
f 3996/3996/3996 3977/3977/3977 3997/3997/3997
f 3977/3977/3977 3978/3978/3978 3997/3997/3997
f 3997/3997/3997 3978/3978/3978 3998/3998/3998
f 3978/3978/3978 3979/3979/3979 3998/3998/3998
f 3998/3998/3998 3979/3979/3979 3999/3999/3999
f 3979/3979/3979 3980/3980/3980 3999/3999/3999
f 3999/3999/3999 3980/3980/3980 4000/4000/4000
f 3980/3980/3980 3981/3981/3981 4000/4000/4000
f 4000/4000/4000 3981/3981/3981 4001/4001/4001
f 3981/3981/3981 3982/3982/3982 4001/4001/4001
f 4001/4001/4001 3982/3982/3982 4002/4002/4002
f 3982/3982/3982 3983/3983/3983 4002/4002/4002
f 4002/4002/4002 3983/3983/3983 4003/4003/4003
f 3983/3983/3983 3984/3984/3984 4003/4003/4003
f 4003/4003/4003 3984/3984/3984 4004/4004/4004
f 3984/3984/3984 3985/3985/3985 4004/4004/4004
f 4004/4004/4004 3985/3985/3985 4005/4005/4005
f 3985/3985/3985 3986/3986/3986 4005/4005/4005
f 4005/4005/4005 3986/3986/3986 4006/4006/4006
f 3986/3986/3986 3987/3987/3987 4006/4006/4006
f 4006/4006/4006 3987/3987/3987 4007/4007/4007
f 3987/3987/3987 3988/3988/3988 4007/4007/4007
f 4007/4007/4007 3988/3988/3988 4008/4008/4008
f 3988/3988/3988 3989/3989/3989 4008/4008/4008
f 4008/4008/4008 3989/3989/3989 4009/4009/4009
f 3989/3989/3989 3990/3990/3990 4009/4009/4009
f 4010/4010/4010 3991/3991/3991 4011/4011/4011
f 3991/3991/3991 3992/3992/3992 4011/4011/4011
f 4011/4011/4011 3992/3992/3992 4012/4012/4012
f 3992/3992/3992 3993/3993/3993 4012/4012/4012
f 4012/4012/4012 3993/3993/3993 4013/4013/4013
f 3993/3993/3993 3994/3994/3994 4013/4013/4013
f 4013/4013/4013 3994/3994/3994 4014/4014/4014
f 3994/3994/3994 3995/3995/3995 4014/4014/4014
f 4014/4014/4014 3995/3995/3995 4015/4015/4015
f 3995/3995/3995 3996/3996/3996 4015/4015/4015
f 4015/4015/4015 3996/3996/3996 4016/4016/4016
f 3996/3996/3996 3997/3997/3997 4016/4016/4016
f 4016/4016/4016 3997/3997/3997 4017/4017/4017
f 3997/3997/3997 3998/3998/3998 4017/4017/4017
f 4017/4017/4017 3998/3998/3998 4018/4018/4018
f 3998/3998/3998 3999/3999/3999 4018/4018/4018
f 4018/4018/4018 3999/3999/3999 4019/4019/4019
f 3999/3999/3999 4000/4000/4000 4019/4019/4019
f 4019/4019/4019 4000/4000/4000 4020/4020/4020
f 4000/4000/4000 4001/4001/4001 4020/4020/4020
f 4020/4020/4020 4001/4001/4001 4021/4021/4021
f 4001/4001/4001 4002/4002/4002 4021/4021/4021
f 4021/4021/4021 4002/4002/4002 4022/4022/4022
f 4002/4002/4002 4003/4003/4003 4022/4022/4022
f 4022/4022/4022 4003/4003/4003 4023/4023/4023
f 4003/4003/4003 4004/4004/4004 4023/4023/4023
f 4023/4023/4023 4004/4004/4004 4024/4024/4024
f 4004/4004/4004 4005/4005/4005 4024/4024/4024
f 4024/4024/4024 4005/4005/4005 4025/4025/4025
f 4005/4005/4005 4006/4006/4006 4025/4025/4025
f 4025/4025/4025 4006/4006/4006 4026/4026/4026
f 4006/4006/4006 4007/4007/4007 4026/4026/4026
f 4026/4026/4026 4007/4007/4007 4027/4027/4027
f 4007/4007/4007 4008/4008/4008 4027/4027/4027
f 4027/4027/4027 4008/4008/4008 4028/4028/4028
f 4008/4008/4008 4009/4009/4009 4028/4028/4028
f 4029/4029/4029 4010/4010/4010 4030/4030/4030
f 4010/4010/4010 4011/4011/4011 4030/4030/4030
f 4030/4030/4030 4011/4011/4011 4031/4031/4031
f 4011/4011/4011 4012/4012/4012 4031/4031/4031
f 4031/4031/4031 4012/4012/4012 4032/4032/4032
f 4012/4012/4012 4013/4013/4013 4032/4032/4032
f 4032/4032/4032 4013/4013/4013 4033/4033/4033
f 4013/4013/4013 4014/4014/4014 4033/4033/4033
f 4033/4033/4033 4014/4014/4014 4034/4034/4034
f 4014/4014/4014 4015/4015/4015 4034/4034/4034
f 4034/4034/4034 4015/4015/4015 4035/4035/4035
f 4015/4015/4015 4016/4016/4016 4035/4035/4035
f 4035/4035/4035 4016/4016/4016 4036/4036/4036
f 4016/4016/4016 4017/4017/4017 4036/4036/4036
f 4036/4036/4036 4017/4017/4017 4037/4037/4037
f 4017/4017/4017 4018/4018/4018 4037/4037/4037
f 4037/4037/4037 4018/4018/4018 4038/4038/4038
f 4018/4018/4018 4019/4019/4019 4038/4038/4038
f 4038/4038/4038 4019/4019/4019 4039/4039/4039
f 4019/4019/4019 4020/4020/4020 4039/4039/4039
f 4039/4039/4039 4020/4020/4020 4040/4040/4040
f 4020/4020/4020 4021/4021/4021 4040/4040/4040
f 4040/4040/4040 4021/4021/4021 4041/4041/4041
f 4021/4021/4021 4022/4022/4022 4041/4041/4041
f 4041/4041/4041 4022/4022/4022 4042/4042/4042
f 4022/4022/4022 4023/4023/4023 4042/4042/4042
f 4042/4042/4042 4023/4023/4023 4043/4043/4043
f 4023/4023/4023 4024/4024/4024 4043/4043/4043
f 4043/4043/4043 4024/4024/4024 4044/4044/4044
f 4024/4024/4024 4025/4025/4025 4044/4044/4044
f 4044/4044/4044 4025/4025/4025 4045/4045/4045
f 4025/4025/4025 4026/4026/4026 4045/4045/4045
f 4045/4045/4045 4026/4026/4026 4046/4046/4046
f 4026/4026/4026 4027/4027/4027 4046/4046/4046
f 4046/4046/4046 4027/4027/4027 4047/4047/4047
f 4027/4027/4027 4028/4028/4028 4047/4047/4047
f 4048/4048/4048 4029/4029/4029 4049/4049/4049
f 4029/4029/4029 4030/4030/4030 4049/4049/4049
f 4049/4049/4049 4030/4030/4030 4050/4050/4050
f 4030/4030/4030 4031/4031/4031 4050/4050/4050
f 4050/4050/4050 4031/4031/4031 4051/4051/4051
f 4031/4031/4031 4032/4032/4032 4051/4051/4051
f 4051/4051/4051 4032/4032/4032 4052/4052/4052
f 4032/4032/4032 4033/4033/4033 4052/4052/4052
f 4052/4052/4052 4033/4033/4033 4053/4053/4053
f 4033/4033/4033 4034/4034/4034 4053/4053/4053
f 4053/4053/4053 4034/4034/4034 4054/4054/4054
f 4034/4034/4034 4035/4035/4035 4054/4054/4054
f 4054/4054/4054 4035/4035/4035 4055/4055/4055
f 4035/4035/4035 4036/4036/4036 4055/4055/4055
f 4055/4055/4055 4036/4036/4036 4056/4056/4056
f 4036/4036/4036 4037/4037/4037 4056/4056/4056
f 4056/4056/4056 4037/4037/4037 4057/4057/4057
f 4037/4037/4037 4038/4038/4038 4057/4057/4057
f 4057/4057/4057 4038/4038/4038 4058/4058/4058
f 4038/4038/4038 4039/4039/4039 4058/4058/4058
f 4058/4058/4058 4039/4039/4039 4059/4059/4059
f 4039/4039/4039 4040/4040/4040 4059/4059/4059
f 4059/4059/4059 4040/4040/4040 4060/4060/4060
f 4040/4040/4040 4041/4041/4041 4060/4060/4060
f 4060/4060/4060 4041/4041/4041 4061/4061/4061
f 4041/4041/4041 4042/4042/4042 4061/4061/4061
f 4061/4061/4061 4042/4042/4042 4062/4062/4062
f 4042/4042/4042 4043/4043/4043 4062/4062/4062
f 4062/4062/4062 4043/4043/4043 4063/4063/4063
f 4043/4043/4043 4044/4044/4044 4063/4063/4063
f 4063/4063/4063 4044/4044/4044 4064/4064/4064
f 4044/4044/4044 4045/4045/4045 4064/4064/4064
f 4064/4064/4064 4045/4045/4045 4065/4065/4065
f 4045/4045/4045 4046/4046/4046 4065/4065/4065
f 4065/4065/4065 4046/4046/4046 4066/4066/4066
f 4046/4046/4046 4047/4047/4047 4066/4066/4066
f 4067/4067/4067 4048/4048/4048 4068/4068/4068
f 4048/4048/4048 4049/4049/4049 4068/4068/4068
f 4068/4068/4068 4049/4049/4049 4069/4069/4069
f 4049/4049/4049 4050/4050/4050 4069/4069/4069
f 4069/4069/4069 4050/4050/4050 4070/4070/4070
f 4050/4050/4050 4051/4051/4051 4070/4070/4070
f 4070/4070/4070 4051/4051/4051 4071/4071/4071
f 4051/4051/4051 4052/4052/4052 4071/4071/4071
f 4071/4071/4071 4052/4052/4052 4072/4072/4072
f 4052/4052/4052 4053/4053/4053 4072/4072/4072
f 4072/4072/4072 4053/4053/4053 4073/4073/4073
f 4053/4053/4053 4054/4054/4054 4073/4073/4073
f 4073/4073/4073 4054/4054/4054 4074/4074/4074
f 4054/4054/4054 4055/4055/4055 4074/4074/4074
f 4074/4074/4074 4055/4055/4055 4075/4075/4075
f 4055/4055/4055 4056/4056/4056 4075/4075/4075
f 4075/4075/4075 4056/4056/4056 4076/4076/4076
f 4056/4056/4056 4057/4057/4057 4076/4076/4076
f 4076/4076/4076 4057/4057/4057 4077/4077/4077
f 4057/4057/4057 4058/4058/4058 4077/4077/4077
f 4077/4077/4077 4058/4058/4058 4078/4078/4078
f 4058/4058/4058 4059/4059/4059 4078/4078/4078
f 4078/4078/4078 4059/4059/4059 4079/4079/4079
f 4059/4059/4059 4060/4060/4060 4079/4079/4079
f 4079/4079/4079 4060/4060/4060 4080/4080/4080
f 4060/4060/4060 4061/4061/4061 4080/4080/4080
f 4080/4080/4080 4061/4061/4061 4081/4081/4081
f 4061/4061/4061 4062/4062/4062 4081/4081/4081
f 4081/4081/4081 4062/4062/4062 4082/4082/4082
f 4062/4062/4062 4063/4063/4063 4082/4082/4082
f 4082/4082/4082 4063/4063/4063 4083/4083/4083
f 4063/4063/4063 4064/4064/4064 4083/4083/4083
f 4083/4083/4083 4064/4064/4064 4084/4084/4084
f 4064/4064/4064 4065/4065/4065 4084/4084/4084
f 4084/4084/4084 4065/4065/4065 4085/4085/4085
f 4065/4065/4065 4066/4066/4066 4085/4085/4085
f 4086/4086/4086 4067/4067/4067 4087/4087/4087
f 4067/4067/4067 4068/4068/4068 4087/4087/4087
f 4087/4087/4087 4068/4068/4068 4088/4088/4088
f 4068/4068/4068 4069/4069/4069 4088/4088/4088
f 4088/4088/4088 4069/4069/4069 4089/4089/4089
f 4069/4069/4069 4070/4070/4070 4089/4089/4089
f 4089/4089/4089 4070/4070/4070 4090/4090/4090
f 4070/4070/4070 4071/4071/4071 4090/4090/4090
f 4090/4090/4090 4071/4071/4071 4091/4091/4091
f 4071/4071/4071 4072/4072/4072 4091/4091/4091
f 4091/4091/4091 4072/4072/4072 4092/4092/4092
f 4072/4072/4072 4073/4073/4073 4092/4092/4092
f 4092/4092/4092 4073/4073/4073 4093/4093/4093
f 4073/4073/4073 4074/4074/4074 4093/4093/4093
f 4093/4093/4093 4074/4074/4074 4094/4094/4094
f 4074/4074/4074 4075/4075/4075 4094/4094/4094
f 4094/4094/4094 4075/4075/4075 4095/4095/4095
f 4075/4075/4075 4076/4076/4076 4095/4095/4095
f 4095/4095/4095 4076/4076/4076 4096/4096/4096
f 4076/4076/4076 4077/4077/4077 4096/4096/4096
f 4096/4096/4096 4077/4077/4077 4097/4097/4097
f 4077/4077/4077 4078/4078/4078 4097/4097/4097
f 4097/4097/4097 4078/4078/4078 4098/4098/4098
f 4078/4078/4078 4079/4079/4079 4098/4098/4098
f 4098/4098/4098 4079/4079/4079 4099/4099/4099
f 4079/4079/4079 4080/4080/4080 4099/4099/4099
f 4099/4099/4099 4080/4080/4080 4100/4100/4100
f 4080/4080/4080 4081/4081/4081 4100/4100/4100
f 4100/4100/4100 4081/4081/4081 4101/4101/4101
f 4081/4081/4081 4082/4082/4082 4101/4101/4101
f 4101/4101/4101 4082/4082/4082 4102/4102/4102
f 4082/4082/4082 4083/4083/4083 4102/4102/4102
f 4102/4102/4102 4083/4083/4083 4103/4103/4103
f 4083/4083/4083 4084/4084/4084 4103/4103/4103
f 4103/4103/4103 4084/4084/4084 4104/4104/4104
f 4084/4084/4084 4085/4085/4085 4104/4104/4104
f 4105/4105/4105 4086/4086/4086 4106/4106/4106
f 4086/4086/4086 4087/4087/4087 4106/4106/4106
f 4106/4106/4106 4087/4087/4087 4107/4107/4107
f 4087/4087/4087 4088/4088/4088 4107/4107/4107
f 4107/4107/4107 4088/4088/4088 4108/4108/4108
f 4088/4088/4088 4089/4089/4089 4108/4108/4108
f 4108/4108/4108 4089/4089/4089 4109/4109/4109
f 4089/4089/4089 4090/4090/4090 4109/4109/4109
f 4109/4109/4109 4090/4090/4090 4110/4110/4110
f 4090/4090/4090 4091/4091/4091 4110/4110/4110
f 4110/4110/4110 4091/4091/4091 4111/4111/4111
f 4091/4091/4091 4092/4092/4092 4111/4111/4111
f 4111/4111/4111 4092/4092/4092 4112/4112/4112
f 4092/4092/4092 4093/4093/4093 4112/4112/4112
f 4112/4112/4112 4093/4093/4093 4113/4113/4113
f 4093/4093/4093 4094/4094/4094 4113/4113/4113
f 4113/4113/4113 4094/4094/4094 4114/4114/4114
f 4094/4094/4094 4095/4095/4095 4114/4114/4114
f 4114/4114/4114 4095/4095/4095 4115/4115/4115
f 4095/4095/4095 4096/4096/4096 4115/4115/4115
f 4115/4115/4115 4096/4096/4096 4116/4116/4116
f 4096/4096/4096 4097/4097/4097 4116/4116/4116
f 4116/4116/4116 4097/4097/4097 4117/4117/4117
f 4097/4097/4097 4098/4098/4098 4117/4117/4117
f 4117/4117/4117 4098/4098/4098 4118/4118/4118
f 4098/4098/4098 4099/4099/4099 4118/4118/4118
f 4118/4118/4118 4099/4099/4099 4119/4119/4119
f 4099/4099/4099 4100/4100/4100 4119/4119/4119
f 4119/4119/4119 4100/4100/4100 4120/4120/4120
f 4100/4100/4100 4101/4101/4101 4120/4120/4120
f 4120/4120/4120 4101/4101/4101 4121/4121/4121
f 4101/4101/4101 4102/4102/4102 4121/4121/4121
f 4121/4121/4121 4102/4102/4102 4122/4122/4122
f 4102/4102/4102 4103/4103/4103 4122/4122/4122
f 4122/4122/4122 4103/4103/4103 4123/4123/4123
f 4103/4103/4103 4104/4104/4104 4123/4123/4123
o hip_key
usemtl brass
v -0.24441715753076348 0.2889760532617699 0.24400000005215408
v -0.24441715753076348 0.2889760532617699 0.23199999994784595
v -0.25364802937083947 0.1693316202055598 0.24400000005215408
v -0.25364802937083947 0.1693316202055598 0.23199999994784595
v -0.26635197062916055 0.2906683797944402 0.23199999994784595
v -0.26635197062916055 0.2906683797944402 0.24400000005215408
v -0.27558284246923653 0.17102394673823013 0.23199999994784595
v -0.27558284246923653 0.17102394673823013 0.24400000005215408
v -0.26635197062916055 0.2906683797944402 0.23199999994784595
v -0.24441715753076348 0.2889760532617699 0.23199999994784595
v -0.26635197062916055 0.2906683797944402 0.24400000005215408
v -0.24441715753076348 0.2889760532617699 0.24400000005215408
v -0.27558284246923653 0.17102394673823013 0.24400000005215408
v -0.25364802937083947 0.1693316202055598 0.24400000005215408
v -0.27558284246923653 0.17102394673823013 0.23199999994784595
v -0.25364802937083947 0.1693316202055598 0.23199999994784595
v -0.26635197062916055 0.2906683797944402 0.24400000005215408
v -0.24441715753076348 0.2889760532617699 0.24400000005215408
v -0.27558284246923653 0.17102394673823013 0.24400000005215408
v -0.25364802937083947 0.1693316202055598 0.24400000005215408
v -0.24441715753076348 0.2889760532617699 0.23199999994784595
v -0.26635197062916055 0.2906683797944402 0.23199999994784595
v -0.25364802937083947 0.1693316202055598 0.23199999994784595
v -0.27558284246923653 0.17102394673823013 0.23199999994784595
vt 0 1
vt 1 1
vt 0 0
vt 1 0
vt 0 1
vt 1 1
vt 0 0
vt 1 0
vt 0 1
vt 1 1
vt 0 0
vt 1 0
vt 0 1
vt 1 1
vt 0 0
vt 1 0
vt 0 1
vt 1 1
vt 0 0
vt 1 0
vt 0 1
vt 1 1
vt 0 0
vt 1 0
vn 0.9970369644205967 -0.07692393372001734 0
vn 0.9970369644205967 -0.07692393372001734 0
vn 0.9970369644205967 -0.07692393372001734 0
vn 0.9970369644205967 -0.07692393372001734 0
vn -0.9970369644205967 0.07692393372001734 0
vn -0.9970369644205967 0.07692393372001734 0
vn -0.9970369644205967 0.07692393372001734 0
vn -0.9970369644205967 0.07692393372001734 0
vn 0.07692393372001734 0.9970369644205967 0
vn 0.07692393372001734 0.9970369644205967 0
vn 0.07692393372001734 0.9970369644205967 0
vn 0.07692393372001734 0.9970369644205967 0
vn -0.07692393372001734 -0.9970369644205967 0
vn -0.07692393372001734 -0.9970369644205967 0
vn -0.07692393372001734 -0.9970369644205967 0
vn -0.07692393372001734 -0.9970369644205967 0
vn 0 0 1
vn 0 0 1
vn 0 0 1
vn 0 0 1
vn 0 0 -1
vn 0 0 -1
vn 0 0 -1
vn 0 0 -1
f 4124/4124/4124 4126/4126/4126 4125/4125/4125
f 4126/4126/4126 4127/4127/4127 4125/4125/4125
f 4128/4128/4128 4130/4130/4130 4129/4129/4129
f 4130/4130/4130 4131/4131/4131 4129/4129/4129
f 4132/4132/4132 4134/4134/4134 4133/4133/4133
f 4134/4134/4134 4135/4135/4135 4133/4133/4133
f 4136/4136/4136 4138/4138/4138 4137/4137/4137
f 4138/4138/4138 4139/4139/4139 4137/4137/4137
f 4140/4140/4140 4142/4142/4142 4141/4141/4141
f 4142/4142/4142 4143/4143/4143 4141/4141/4141
f 4144/4144/4144 4146/4146/4146 4145/4145/4145
f 4146/4146/4146 4147/4147/4147 4145/4145/4145
o hip_key
usemtl brass
v -0.2494202661191235 0.2900755280356818 0.2680000000521541
v -0.2494202661191235 0.2900755280356818 0.25599999994784595
v -0.248580272997882 0.17007847070582016 0.2680000000521541
v -0.248580272997882 0.17007847070582016 0.25599999994784595
v -0.271419727002118 0.28992152929417986 0.25599999994784595
v -0.271419727002118 0.28992152929417986 0.2680000000521541
v -0.2705797338808765 0.1699244719643182 0.25599999994784595
v -0.2705797338808765 0.1699244719643182 0.2680000000521541
v -0.271419727002118 0.28992152929417986 0.25599999994784595
v -0.2494202661191235 0.2900755280356818 0.25599999994784595
v -0.271419727002118 0.28992152929417986 0.2680000000521541
v -0.2494202661191235 0.2900755280356818 0.2680000000521541
v -0.2705797338808765 0.1699244719643182 0.2680000000521541
v -0.248580272997882 0.17007847070582016 0.2680000000521541
v -0.2705797338808765 0.1699244719643182 0.25599999994784595
v -0.248580272997882 0.17007847070582016 0.25599999994784595
v -0.271419727002118 0.28992152929417986 0.2680000000521541
v -0.2494202661191235 0.2900755280356818 0.2680000000521541
v -0.2705797338808765 0.1699244719643182 0.2680000000521541
v -0.248580272997882 0.17007847070582016 0.2680000000521541
v -0.2494202661191235 0.2900755280356818 0.25599999994784595
v -0.271419727002118 0.28992152929417986 0.25599999994784595
v -0.248580272997882 0.17007847070582016 0.25599999994784595
v -0.2705797338808765 0.1699244719643182 0.25599999994784595
vt 0 1
vt 1 1
vt 0 0
vt 1 0
vt 0 1
vt 1 1
vt 0 0
vt 1 0
vt 0 1
vt 1 1
vt 0 0
vt 1 0
vt 0 1
vt 1 1
vt 0 0
vt 1 0
vt 0 1
vt 1 1
vt 0 0
vt 1 0
vt 0 1
vt 1 1
vt 0 0
vt 1 0
vn 0.9999755001000415 0.006999942833473391 0
vn 0.9999755001000415 0.006999942833473391 0
vn 0.9999755001000415 0.006999942833473391 0
vn 0.9999755001000415 0.006999942833473391 0
vn -0.9999755001000415 -0.006999942833473391 0
vn -0.9999755001000415 -0.006999942833473391 0
vn -0.9999755001000415 -0.006999942833473391 0
vn -0.9999755001000415 -0.006999942833473391 0
vn -0.006999942833473391 0.9999755001000415 0
vn -0.006999942833473391 0.9999755001000415 0
vn -0.006999942833473391 0.9999755001000415 0
vn -0.006999942833473391 0.9999755001000415 0
vn 0.006999942833473391 -0.9999755001000415 0
vn 0.006999942833473391 -0.9999755001000415 0
vn 0.006999942833473391 -0.9999755001000415 0
vn 0.006999942833473391 -0.9999755001000415 0
vn 0 0 1
vn 0 0 1
vn 0 0 1
vn 0 0 1
vn 0 0 -1
vn 0 0 -1
vn 0 0 -1
vn 0 0 -1
f 4148/4148/4148 4150/4150/4150 4149/4149/4149
f 4150/4150/4150 4151/4151/4151 4149/4149/4149
f 4152/4152/4152 4154/4154/4154 4153/4153/4153
f 4154/4154/4154 4155/4155/4155 4153/4153/4153
f 4156/4156/4156 4158/4158/4158 4157/4157/4157
f 4158/4158/4158 4159/4159/4159 4157/4157/4157
f 4160/4160/4160 4162/4162/4162 4161/4161/4161
f 4162/4162/4162 4163/4163/4163 4161/4161/4161
f 4164/4164/4164 4166/4166/4166 4165/4165/4165
f 4166/4166/4166 4167/4167/4167 4165/4165/4165
f 4168/4168/4168 4170/4170/4170 4169/4169/4169
f 4170/4170/4170 4171/4171/4171 4169/4169/4169
o hip_key
usemtl brass
v -0.25449798142551555 0.2907513590741984 0.2920000000521541
v -0.25449798142551555 0.2907513590741984 0.27999999994784597
v -0.2435930468501686 0.17124787896513527 0.2920000000521541
v -0.2435930468501686 0.17124787896513527 0.27999999994784597
v -0.27640695314983144 0.28875212103486475 0.27999999994784597
v -0.27640695314983144 0.28875212103486475 0.2920000000521541
v -0.26550201857448447 0.1692486409258016 0.27999999994784597
v -0.26550201857448447 0.1692486409258016 0.2920000000521541
v -0.27640695314983144 0.28875212103486475 0.27999999994784597
v -0.25449798142551555 0.2907513590741984 0.27999999994784597
v -0.27640695314983144 0.28875212103486475 0.2920000000521541
v -0.25449798142551555 0.2907513590741984 0.2920000000521541
v -0.26550201857448447 0.1692486409258016 0.2920000000521541
v -0.2435930468501686 0.17124787896513527 0.2920000000521541
v -0.26550201857448447 0.1692486409258016 0.27999999994784597
v -0.2435930468501686 0.17124787896513527 0.27999999994784597
v -0.27640695314983144 0.28875212103486475 0.2920000000521541
v -0.25449798142551555 0.2907513590741984 0.2920000000521541
v -0.26550201857448447 0.1692486409258016 0.2920000000521541
v -0.2435930468501686 0.17124787896513527 0.2920000000521541
v -0.25449798142551555 0.2907513590741984 0.27999999994784597
v -0.27640695314983144 0.28875212103486475 0.27999999994784597
v -0.2435930468501686 0.17124787896513527 0.27999999994784597
v -0.26550201857448447 0.1692486409258016 0.27999999994784597
vt 0 1
vt 1 1
vt 0 0
vt 1 0
vt 0 1
vt 1 1
vt 0 0
vt 1 0
vt 0 1
vt 1 1
vt 0 0
vt 1 0
vt 0 1
vt 1 1
vt 0 0
vt 1 0
vt 0 1
vt 1 1
vt 0 0
vt 1 0
vt 0 1
vt 1 1
vt 0 0
vt 1 0
vn 0.9958623565014509 0.09087445682576008 0
vn 0.9958623565014509 0.09087445682576008 0
vn 0.9958623565014509 0.09087445682576008 0
vn 0.9958623565014509 0.09087445682576008 0
vn -0.9958623565014509 -0.09087445682576008 0
vn -0.9958623565014509 -0.09087445682576008 0
vn -0.9958623565014509 -0.09087445682576008 0
vn -0.9958623565014509 -0.09087445682576008 0
vn -0.09087445682576008 0.9958623565014509 0
vn -0.09087445682576008 0.9958623565014509 0
vn -0.09087445682576008 0.9958623565014509 0
vn -0.09087445682576008 0.9958623565014509 0
vn 0.09087445682576008 -0.9958623565014509 0
vn 0.09087445682576008 -0.9958623565014509 0
vn 0.09087445682576008 -0.9958623565014509 0
vn 0.09087445682576008 -0.9958623565014509 0
vn 0 0 1
vn 0 0 1
vn 0 0 1
vn 0 0 1
vn 0 0 -1
vn 0 0 -1
vn 0 0 -1
vn 0 0 -1
f 4172/4172/4172 4174/4174/4174 4173/4173/4173
f 4174/4174/4174 4175/4175/4175 4173/4173/4173
f 4176/4176/4176 4178/4178/4178 4177/4177/4177
f 4178/4178/4178 4179/4179/4179 4177/4177/4177
f 4180/4180/4180 4182/4182/4182 4181/4181/4181
f 4182/4182/4182 4183/4183/4183 4181/4181/4181
f 4184/4184/4184 4186/4186/4186 4185/4185/4185
f 4186/4186/4186 4187/4187/4187 4185/4185/4185
f 4188/4188/4188 4190/4190/4190 4189/4189/4189
f 4190/4190/4190 4191/4191/4191 4189/4189/4189
f 4192/4192/4192 4194/4194/4194 4193/4193/4193
f 4194/4194/4194 4195/4195/4195 4193/4193/4193
o epaulette
usemtl navyD
v -0.3132976114028023 1.0337344298279751 0.07500000298023224
v -0.3132976114028023 1.0337344298279751 -0.07500000298023224
v -0.3188737486580412 0.9991814747627199 0.07500000298023224
v -0.3188737486580412 0.9991814747627199 -0.07500000298023224
v -0.48112625134195885 1.0608185252372802 -0.07500000298023224
v -0.48112625134195885 1.0608185252372802 0.07500000298023224
v -0.4867023885971977 1.026265570172025 -0.07500000298023224
v -0.4867023885971977 1.026265570172025 0.07500000298023224
v -0.48112625134195885 1.0608185252372802 -0.07500000298023224
v -0.3132976114028023 1.0337344298279751 -0.07500000298023224
v -0.48112625134195885 1.0608185252372802 0.07500000298023224
v -0.3132976114028023 1.0337344298279751 0.07500000298023224
v -0.4867023885971977 1.026265570172025 0.07500000298023224
v -0.3188737486580412 0.9991814747627199 0.07500000298023224
v -0.4867023885971977 1.026265570172025 -0.07500000298023224
v -0.3188737486580412 0.9991814747627199 -0.07500000298023224
v -0.48112625134195885 1.0608185252372802 0.07500000298023224
v -0.3132976114028023 1.0337344298279751 0.07500000298023224
v -0.4867023885971977 1.026265570172025 0.07500000298023224
v -0.3188737486580412 0.9991814747627199 0.07500000298023224
v -0.3132976114028023 1.0337344298279751 -0.07500000298023224
v -0.48112625134195885 1.0608185252372802 -0.07500000298023224
v -0.3188737486580412 0.9991814747627199 -0.07500000298023224
v -0.4867023885971977 1.026265570172025 -0.07500000298023224
vt 0 1
vt 1 1
vt 0 0
vt 1 0
vt 0 1
vt 1 1
vt 0 0
vt 1 0
vt 0 1
vt 1 1
vt 0 0
vt 1 0
vt 0 1
vt 1 1
vt 0 0
vt 1 0
vt 0 1
vt 1 1
vt 0 0
vt 1 0
vt 0 1
vt 1 1
vt 0 0
vt 1 0
vn 0.9872272833756269 -0.15931820661424598 0
vn 0.9872272833756269 -0.15931820661424598 0
vn 0.9872272833756269 -0.15931820661424598 0
vn 0.9872272833756269 -0.15931820661424598 0
vn -0.9872272833756269 0.15931820661424598 0
vn -0.9872272833756269 0.15931820661424598 0
vn -0.9872272833756269 0.15931820661424598 0
vn -0.9872272833756269 0.15931820661424598 0
vn 0.15931820661424598 0.9872272833756269 0
vn 0.15931820661424598 0.9872272833756269 0
vn 0.15931820661424598 0.9872272833756269 0
vn 0.15931820661424598 0.9872272833756269 0
vn -0.15931820661424598 -0.9872272833756269 0
vn -0.15931820661424598 -0.9872272833756269 0
vn -0.15931820661424598 -0.9872272833756269 0
vn -0.15931820661424598 -0.9872272833756269 0
vn 0 0 1
vn 0 0 1
vn 0 0 1
vn 0 0 1
vn 0 0 -1
vn 0 0 -1
vn 0 0 -1
vn 0 0 -1
f 4196/4196/4196 4198/4198/4198 4197/4197/4197
f 4198/4198/4198 4199/4199/4199 4197/4197/4197
f 4200/4200/4200 4202/4202/4202 4201/4201/4201
f 4202/4202/4202 4203/4203/4203 4201/4201/4201
f 4204/4204/4204 4206/4206/4206 4205/4205/4205
f 4206/4206/4206 4207/4207/4207 4205/4205/4205
f 4208/4208/4208 4210/4210/4210 4209/4209/4209
f 4210/4210/4210 4211/4211/4211 4209/4209/4209
f 4212/4212/4212 4214/4214/4214 4213/4213/4213
f 4214/4214/4214 4215/4215/4215 4213/4213/4213
f 4216/4216/4216 4218/4218/4218 4217/4217/4217
f 4218/4218/4218 4219/4219/4219 4217/4217/4217
o rank_bar
usemtl hazard
v -0.33933250052363384 1.0493259529847065 -0.02099999956786633
v -0.33933250052363384 1.0493259529847065 -0.04900000043213368
v -0.3422002281192409 1.0315558626489088 -0.02099999956786633
v -0.3422002281192409 1.0315558626489088 -0.04900000043213368
v -0.45779977188075915 1.0684441373510913 -0.04900000043213368
v -0.45779977188075915 1.0684441373510913 -0.02099999956786633
v -0.4606674994763662 1.0506740470152935 -0.04900000043213368
v -0.4606674994763662 1.0506740470152935 -0.02099999956786633
v -0.45779977188075915 1.0684441373510913 -0.04900000043213368
v -0.33933250052363384 1.0493259529847065 -0.04900000043213368
v -0.45779977188075915 1.0684441373510913 -0.02099999956786633
v -0.33933250052363384 1.0493259529847065 -0.02099999956786633
v -0.4606674994763662 1.0506740470152935 -0.02099999956786633
v -0.3422002281192409 1.0315558626489088 -0.02099999956786633
v -0.4606674994763662 1.0506740470152935 -0.04900000043213368
v -0.3422002281192409 1.0315558626489088 -0.04900000043213368
v -0.45779977188075915 1.0684441373510913 -0.02099999956786633
v -0.33933250052363384 1.0493259529847065 -0.02099999956786633
v -0.4606674994763662 1.0506740470152935 -0.02099999956786633
v -0.3422002281192409 1.0315558626489088 -0.02099999956786633
v -0.33933250052363384 1.0493259529847065 -0.04900000043213368
v -0.45779977188075915 1.0684441373510913 -0.04900000043213368
v -0.3422002281192409 1.0315558626489088 -0.04900000043213368
v -0.4606674994763662 1.0506740470152935 -0.04900000043213368
vt 0 1
vt 1 1
vt 0 0
vt 1 0
vt 0 1
vt 1 1
vt 0 0
vt 1 0
vt 0 1
vt 1 1
vt 0 0
vt 1 0
vt 0 1
vt 1 1
vt 0 0
vt 1 0
vt 0 1
vt 1 1
vt 0 0
vt 1 0
vt 0 1
vt 1 1
vt 0 0
vt 1 0
vn 0.9872272833756269 -0.15931820661424598 0
vn 0.9872272833756269 -0.15931820661424598 0
vn 0.9872272833756269 -0.15931820661424598 0
vn 0.9872272833756269 -0.15931820661424598 0
vn -0.9872272833756269 0.15931820661424598 0
vn -0.9872272833756269 0.15931820661424598 0
vn -0.9872272833756269 0.15931820661424598 0
vn -0.9872272833756269 0.15931820661424598 0
vn 0.15931820661424598 0.9872272833756269 0
vn 0.15931820661424598 0.9872272833756269 0
vn 0.15931820661424598 0.9872272833756269 0
vn 0.15931820661424598 0.9872272833756269 0
vn -0.15931820661424598 -0.9872272833756269 0
vn -0.15931820661424598 -0.9872272833756269 0
vn -0.15931820661424598 -0.9872272833756269 0
vn -0.15931820661424598 -0.9872272833756269 0
vn 0 0 1
vn 0 0 1
vn 0 0 1
vn 0 0 1
vn 0 0 -1
vn 0 0 -1
vn 0 0 -1
vn 0 0 -1
f 4220/4220/4220 4222/4222/4222 4221/4221/4221
f 4222/4222/4222 4223/4223/4223 4221/4221/4221
f 4224/4224/4224 4226/4226/4226 4225/4225/4225
f 4226/4226/4226 4227/4227/4227 4225/4225/4225
f 4228/4228/4228 4230/4230/4230 4229/4229/4229
f 4230/4230/4230 4231/4231/4231 4229/4229/4229
f 4232/4232/4232 4234/4234/4234 4233/4233/4233
f 4234/4234/4234 4235/4235/4235 4233/4233/4233
f 4236/4236/4236 4238/4238/4238 4237/4237/4237
f 4238/4238/4238 4239/4239/4239 4237/4237/4237
f 4240/4240/4240 4242/4242/4242 4241/4241/4241
f 4242/4242/4242 4243/4243/4243 4241/4241/4241
o rank_bar
usemtl hazard
v -0.33933250052363384 1.0493259529847065 0.039000000432133676
v -0.33933250052363384 1.0493259529847065 0.010999999567866327
v -0.3422002281192409 1.0315558626489088 0.039000000432133676
v -0.3422002281192409 1.0315558626489088 0.010999999567866327
v -0.45779977188075915 1.0684441373510913 0.010999999567866327
v -0.45779977188075915 1.0684441373510913 0.039000000432133676
v -0.4606674994763662 1.0506740470152935 0.010999999567866327
v -0.4606674994763662 1.0506740470152935 0.039000000432133676
v -0.45779977188075915 1.0684441373510913 0.010999999567866327
v -0.33933250052363384 1.0493259529847065 0.010999999567866327
v -0.45779977188075915 1.0684441373510913 0.039000000432133676
v -0.33933250052363384 1.0493259529847065 0.039000000432133676
v -0.4606674994763662 1.0506740470152935 0.039000000432133676
v -0.3422002281192409 1.0315558626489088 0.039000000432133676
v -0.4606674994763662 1.0506740470152935 0.010999999567866327
v -0.3422002281192409 1.0315558626489088 0.010999999567866327
v -0.45779977188075915 1.0684441373510913 0.039000000432133676
v -0.33933250052363384 1.0493259529847065 0.039000000432133676
v -0.4606674994763662 1.0506740470152935 0.039000000432133676
v -0.3422002281192409 1.0315558626489088 0.039000000432133676
v -0.33933250052363384 1.0493259529847065 0.010999999567866327
v -0.45779977188075915 1.0684441373510913 0.010999999567866327
v -0.3422002281192409 1.0315558626489088 0.010999999567866327
v -0.4606674994763662 1.0506740470152935 0.010999999567866327
vt 0 1
vt 1 1
vt 0 0
vt 1 0
vt 0 1
vt 1 1
vt 0 0
vt 1 0
vt 0 1
vt 1 1
vt 0 0
vt 1 0
vt 0 1
vt 1 1
vt 0 0
vt 1 0
vt 0 1
vt 1 1
vt 0 0
vt 1 0
vt 0 1
vt 1 1
vt 0 0
vt 1 0
vn 0.9872272833756269 -0.15931820661424598 0
vn 0.9872272833756269 -0.15931820661424598 0
vn 0.9872272833756269 -0.15931820661424598 0
vn 0.9872272833756269 -0.15931820661424598 0
vn -0.9872272833756269 0.15931820661424598 0
vn -0.9872272833756269 0.15931820661424598 0
vn -0.9872272833756269 0.15931820661424598 0
vn -0.9872272833756269 0.15931820661424598 0
vn 0.15931820661424598 0.9872272833756269 0
vn 0.15931820661424598 0.9872272833756269 0
vn 0.15931820661424598 0.9872272833756269 0
vn 0.15931820661424598 0.9872272833756269 0
vn -0.15931820661424598 -0.9872272833756269 0
vn -0.15931820661424598 -0.9872272833756269 0
vn -0.15931820661424598 -0.9872272833756269 0
vn -0.15931820661424598 -0.9872272833756269 0
vn 0 0 1
vn 0 0 1
vn 0 0 1
vn 0 0 1
vn 0 0 -1
vn 0 0 -1
vn 0 0 -1
vn 0 0 -1
f 4244/4244/4244 4246/4246/4246 4245/4245/4245
f 4246/4246/4246 4247/4247/4247 4245/4245/4245
f 4248/4248/4248 4250/4250/4250 4249/4249/4249
f 4250/4250/4250 4251/4251/4251 4249/4249/4249
f 4252/4252/4252 4254/4254/4254 4253/4253/4253
f 4254/4254/4254 4255/4255/4255 4253/4253/4253
f 4256/4256/4256 4258/4258/4258 4257/4257/4257
f 4258/4258/4258 4259/4259/4259 4257/4257/4257
f 4260/4260/4260 4262/4262/4262 4261/4261/4261
f 4262/4262/4262 4263/4263/4263 4261/4261/4261
f 4264/4264/4264 4266/4266/4266 4265/4265/4265
f 4266/4266/4266 4267/4267/4267 4265/4265/4265
o epaulette
usemtl navyD
v 0.48112625134195885 1.0608185252372802 0.07500000298023224
v 0.48112625134195885 1.0608185252372802 -0.07500000298023224
v 0.4867023885971977 1.026265570172025 0.07500000298023224
v 0.4867023885971977 1.026265570172025 -0.07500000298023224
v 0.3132976114028023 1.0337344298279751 -0.07500000298023224
v 0.3132976114028023 1.0337344298279751 0.07500000298023224
v 0.3188737486580412 0.9991814747627199 -0.07500000298023224
v 0.3188737486580412 0.9991814747627199 0.07500000298023224
v 0.3132976114028023 1.0337344298279751 -0.07500000298023224
v 0.48112625134195885 1.0608185252372802 -0.07500000298023224
v 0.3132976114028023 1.0337344298279751 0.07500000298023224
v 0.48112625134195885 1.0608185252372802 0.07500000298023224
v 0.3188737486580412 0.9991814747627199 0.07500000298023224
v 0.4867023885971977 1.026265570172025 0.07500000298023224
v 0.3188737486580412 0.9991814747627199 -0.07500000298023224
v 0.4867023885971977 1.026265570172025 -0.07500000298023224
v 0.3132976114028023 1.0337344298279751 0.07500000298023224
v 0.48112625134195885 1.0608185252372802 0.07500000298023224
v 0.3188737486580412 0.9991814747627199 0.07500000298023224
v 0.4867023885971977 1.026265570172025 0.07500000298023224
v 0.48112625134195885 1.0608185252372802 -0.07500000298023224
v 0.3132976114028023 1.0337344298279751 -0.07500000298023224
v 0.4867023885971977 1.026265570172025 -0.07500000298023224
v 0.3188737486580412 0.9991814747627199 -0.07500000298023224
vt 0 1
vt 1 1
vt 0 0
vt 1 0
vt 0 1
vt 1 1
vt 0 0
vt 1 0
vt 0 1
vt 1 1
vt 0 0
vt 1 0
vt 0 1
vt 1 1
vt 0 0
vt 1 0
vt 0 1
vt 1 1
vt 0 0
vt 1 0
vt 0 1
vt 1 1
vt 0 0
vt 1 0
vn 0.9872272833756269 0.15931820661424598 0
vn 0.9872272833756269 0.15931820661424598 0
vn 0.9872272833756269 0.15931820661424598 0
vn 0.9872272833756269 0.15931820661424598 0
vn -0.9872272833756269 -0.15931820661424598 0
vn -0.9872272833756269 -0.15931820661424598 0
vn -0.9872272833756269 -0.15931820661424598 0
vn -0.9872272833756269 -0.15931820661424598 0
vn -0.15931820661424598 0.9872272833756269 0
vn -0.15931820661424598 0.9872272833756269 0
vn -0.15931820661424598 0.9872272833756269 0
vn -0.15931820661424598 0.9872272833756269 0
vn 0.15931820661424598 -0.9872272833756269 0
vn 0.15931820661424598 -0.9872272833756269 0
vn 0.15931820661424598 -0.9872272833756269 0
vn 0.15931820661424598 -0.9872272833756269 0
vn 0 0 1
vn 0 0 1
vn 0 0 1
vn 0 0 1
vn 0 0 -1
vn 0 0 -1
vn 0 0 -1
vn 0 0 -1
f 4268/4268/4268 4270/4270/4270 4269/4269/4269
f 4270/4270/4270 4271/4271/4271 4269/4269/4269
f 4272/4272/4272 4274/4274/4274 4273/4273/4273
f 4274/4274/4274 4275/4275/4275 4273/4273/4273
f 4276/4276/4276 4278/4278/4278 4277/4277/4277
f 4278/4278/4278 4279/4279/4279 4277/4277/4277
f 4280/4280/4280 4282/4282/4282 4281/4281/4281
f 4282/4282/4282 4283/4283/4283 4281/4281/4281
f 4284/4284/4284 4286/4286/4286 4285/4285/4285
f 4286/4286/4286 4287/4287/4287 4285/4285/4285
f 4288/4288/4288 4290/4290/4290 4289/4289/4289
f 4290/4290/4290 4291/4291/4291 4289/4289/4289
o rank_bar
usemtl hazard
v 0.45779977188075915 1.0684441373510913 -0.02099999956786633
v 0.45779977188075915 1.0684441373510913 -0.04900000043213368
v 0.4606674994763662 1.0506740470152935 -0.02099999956786633
v 0.4606674994763662 1.0506740470152935 -0.04900000043213368
v 0.33933250052363384 1.0493259529847065 -0.04900000043213368
v 0.33933250052363384 1.0493259529847065 -0.02099999956786633
v 0.3422002281192409 1.0315558626489088 -0.04900000043213368
v 0.3422002281192409 1.0315558626489088 -0.02099999956786633
v 0.33933250052363384 1.0493259529847065 -0.04900000043213368
v 0.45779977188075915 1.0684441373510913 -0.04900000043213368
v 0.33933250052363384 1.0493259529847065 -0.02099999956786633
v 0.45779977188075915 1.0684441373510913 -0.02099999956786633
v 0.3422002281192409 1.0315558626489088 -0.02099999956786633
v 0.4606674994763662 1.0506740470152935 -0.02099999956786633
v 0.3422002281192409 1.0315558626489088 -0.04900000043213368
v 0.4606674994763662 1.0506740470152935 -0.04900000043213368
v 0.33933250052363384 1.0493259529847065 -0.02099999956786633
v 0.45779977188075915 1.0684441373510913 -0.02099999956786633
v 0.3422002281192409 1.0315558626489088 -0.02099999956786633
v 0.4606674994763662 1.0506740470152935 -0.02099999956786633
v 0.45779977188075915 1.0684441373510913 -0.04900000043213368
v 0.33933250052363384 1.0493259529847065 -0.04900000043213368
v 0.4606674994763662 1.0506740470152935 -0.04900000043213368
v 0.3422002281192409 1.0315558626489088 -0.04900000043213368
vt 0 1
vt 1 1
vt 0 0
vt 1 0
vt 0 1
vt 1 1
vt 0 0
vt 1 0
vt 0 1
vt 1 1
vt 0 0
vt 1 0
vt 0 1
vt 1 1
vt 0 0
vt 1 0
vt 0 1
vt 1 1
vt 0 0
vt 1 0
vt 0 1
vt 1 1
vt 0 0
vt 1 0
vn 0.9872272833756269 0.15931820661424598 0
vn 0.9872272833756269 0.15931820661424598 0
vn 0.9872272833756269 0.15931820661424598 0
vn 0.9872272833756269 0.15931820661424598 0
vn -0.9872272833756269 -0.15931820661424598 0
vn -0.9872272833756269 -0.15931820661424598 0
vn -0.9872272833756269 -0.15931820661424598 0
vn -0.9872272833756269 -0.15931820661424598 0
vn -0.15931820661424598 0.9872272833756269 0
vn -0.15931820661424598 0.9872272833756269 0
vn -0.15931820661424598 0.9872272833756269 0
vn -0.15931820661424598 0.9872272833756269 0
vn 0.15931820661424598 -0.9872272833756269 0
vn 0.15931820661424598 -0.9872272833756269 0
vn 0.15931820661424598 -0.9872272833756269 0
vn 0.15931820661424598 -0.9872272833756269 0
vn 0 0 1
vn 0 0 1
vn 0 0 1
vn 0 0 1
vn 0 0 -1
vn 0 0 -1
vn 0 0 -1
vn 0 0 -1
f 4292/4292/4292 4294/4294/4294 4293/4293/4293
f 4294/4294/4294 4295/4295/4295 4293/4293/4293
f 4296/4296/4296 4298/4298/4298 4297/4297/4297
f 4298/4298/4298 4299/4299/4299 4297/4297/4297
f 4300/4300/4300 4302/4302/4302 4301/4301/4301
f 4302/4302/4302 4303/4303/4303 4301/4301/4301
f 4304/4304/4304 4306/4306/4306 4305/4305/4305
f 4306/4306/4306 4307/4307/4307 4305/4305/4305
f 4308/4308/4308 4310/4310/4310 4309/4309/4309
f 4310/4310/4310 4311/4311/4311 4309/4309/4309
f 4312/4312/4312 4314/4314/4314 4313/4313/4313
f 4314/4314/4314 4315/4315/4315 4313/4313/4313
o rank_bar
usemtl hazard
v 0.45779977188075915 1.0684441373510913 0.039000000432133676
v 0.45779977188075915 1.0684441373510913 0.010999999567866327
v 0.4606674994763662 1.0506740470152935 0.039000000432133676
v 0.4606674994763662 1.0506740470152935 0.010999999567866327
v 0.33933250052363384 1.0493259529847065 0.010999999567866327
v 0.33933250052363384 1.0493259529847065 0.039000000432133676
v 0.3422002281192409 1.0315558626489088 0.010999999567866327
v 0.3422002281192409 1.0315558626489088 0.039000000432133676
v 0.33933250052363384 1.0493259529847065 0.010999999567866327
v 0.45779977188075915 1.0684441373510913 0.010999999567866327
v 0.33933250052363384 1.0493259529847065 0.039000000432133676
v 0.45779977188075915 1.0684441373510913 0.039000000432133676
v 0.3422002281192409 1.0315558626489088 0.039000000432133676
v 0.4606674994763662 1.0506740470152935 0.039000000432133676
v 0.3422002281192409 1.0315558626489088 0.010999999567866327
v 0.4606674994763662 1.0506740470152935 0.010999999567866327
v 0.33933250052363384 1.0493259529847065 0.039000000432133676
v 0.45779977188075915 1.0684441373510913 0.039000000432133676
v 0.3422002281192409 1.0315558626489088 0.039000000432133676
v 0.4606674994763662 1.0506740470152935 0.039000000432133676
v 0.45779977188075915 1.0684441373510913 0.010999999567866327
v 0.33933250052363384 1.0493259529847065 0.010999999567866327
v 0.4606674994763662 1.0506740470152935 0.010999999567866327
v 0.3422002281192409 1.0315558626489088 0.010999999567866327
vt 0 1
vt 1 1
vt 0 0
vt 1 0
vt 0 1
vt 1 1
vt 0 0
vt 1 0
vt 0 1
vt 1 1
vt 0 0
vt 1 0
vt 0 1
vt 1 1
vt 0 0
vt 1 0
vt 0 1
vt 1 1
vt 0 0
vt 1 0
vt 0 1
vt 1 1
vt 0 0
vt 1 0
vn 0.9872272833756269 0.15931820661424598 0
vn 0.9872272833756269 0.15931820661424598 0
vn 0.9872272833756269 0.15931820661424598 0
vn 0.9872272833756269 0.15931820661424598 0
vn -0.9872272833756269 -0.15931820661424598 0
vn -0.9872272833756269 -0.15931820661424598 0
vn -0.9872272833756269 -0.15931820661424598 0
vn -0.9872272833756269 -0.15931820661424598 0
vn -0.15931820661424598 0.9872272833756269 0
vn -0.15931820661424598 0.9872272833756269 0
vn -0.15931820661424598 0.9872272833756269 0
vn -0.15931820661424598 0.9872272833756269 0
vn 0.15931820661424598 -0.9872272833756269 0
vn 0.15931820661424598 -0.9872272833756269 0
vn 0.15931820661424598 -0.9872272833756269 0
vn 0.15931820661424598 -0.9872272833756269 0
vn 0 0 1
vn 0 0 1
vn 0 0 1
vn 0 0 1
vn 0 0 -1
vn 0 0 -1
vn 0 0 -1
vn 0 0 -1
f 4316/4316/4316 4318/4318/4318 4317/4317/4317
f 4318/4318/4318 4319/4319/4319 4317/4317/4317
f 4320/4320/4320 4322/4322/4322 4321/4321/4321
f 4322/4322/4322 4323/4323/4323 4321/4321/4321
f 4324/4324/4324 4326/4326/4326 4325/4325/4325
f 4326/4326/4326 4327/4327/4327 4325/4325/4325
f 4328/4328/4328 4330/4330/4330 4329/4329/4329
f 4330/4330/4330 4331/4331/4331 4329/4329/4329
f 4332/4332/4332 4334/4334/4334 4333/4333/4333
f 4334/4334/4334 4335/4335/4335 4333/4333/4333
f 4336/4336/4336 4338/4338/4338 4337/4337/4337
f 4338/4338/4338 4339/4339/4339 4337/4337/4337
o shoulder_pad
usemtl navyD
v -0.5737132263183593 1.000749998986721 0.06458455026149751
v -0.47871322751045225 1.0506562423706054 0.10449999868869782
v -0.5198889133334159 1.0573801082372665 0
v -0.5737132263183593 1.000749998986721 0.06458455026149751
v -0.514999998807907 0.9699062433838844 0.1690845489501953
v -0.47871322751045225 1.0506562423706054 0.10449999868869782
v -0.5816236567497253 0.92 0.10987780466675759
v -0.514999998807907 0.9699062433838844 0.1690845489501953
v -0.5737132263183593 1.000749998986721 0.06458455026149751
v -0.514999998807907 0.9699062433838844 0.1690845489501953
v -0.42 1.0049055763334036 0.1777860224246979
v -0.47871322751045225 1.0506562423706054 0.10449999868869782
v -0.47871322751045225 1.0506562423706054 0.10449999868869782
v -0.42 1.081499997973442 0
v -0.5198889133334159 1.0573801082372665 0
v -0.47871322751045225 1.0506562423706054 0.10449999868869782
v -0.3612867724895477 1.0506562423706054 0.10449999868869782
v -0.42 1.081499997973442 0
v -0.42 1.0049055763334036 0.1777860224246979
v -0.3612867724895477 1.0506562423706054 0.10449999868869782
v -0.47871322751045225 1.0506562423706054 0.10449999868869782
v -0.3612867724895477 1.0506562423706054 0.10449999868869782
v -0.320111086666584 1.0573801082372665 0
v -0.42 1.081499997973442 0
v -0.42 1.081499997973442 0
v -0.47871322751045225 1.0506562423706054 -0.10449999868869782
v -0.5198889133334159 1.0573801082372665 0
v -0.42 1.081499997973442 0
v -0.3612867724895477 1.0506562423706054 -0.10449999868869782
v -0.47871322751045225 1.0506562423706054 -0.10449999868869782
v -0.320111086666584 1.0573801082372665 0
v -0.3612867724895477 1.0506562423706054 -0.10449999868869782
v -0.42 1.081499997973442 0
v -0.3612867724895477 1.0506562423706054 -0.10449999868869782
v -0.42 1.0049055763334036 -0.1777860224246979
v -0.47871322751045225 1.0506562423706054 -0.10449999868869782
v -0.47871322751045225 1.0506562423706054 -0.10449999868869782
v -0.5737132263183593 1.000749998986721 -0.06458455026149751
v -0.5198889133334159 1.0573801082372665 0
v -0.47871322751045225 1.0506562423706054 -0.10449999868869782
v -0.514999998807907 0.9699062433838844 -0.1690845489501953
v -0.5737132263183593 1.000749998986721 -0.06458455026149751
v -0.42 1.0049055763334036 -0.1777860224246979
v -0.514999998807907 0.9699062433838844 -0.1690845489501953
v -0.47871322751045225 1.0506562423706054 -0.10449999868869782
v -0.514999998807907 0.9699062433838844 -0.1690845489501953
v -0.5816236567497253 0.92 -0.10987780466675759
v -0.5737132263183593 1.000749998986721 -0.06458455026149751
v -0.5737132263183593 1.000749998986721 -0.06458455026149751
v -0.5737132263183593 1.000749998986721 0.06458455026149751
v -0.5198889133334159 1.0573801082372665 0
v -0.5737132263183593 1.000749998986721 -0.06458455026149751
v -0.6099999976158141 0.92 0
v -0.5737132263183593 1.000749998986721 0.06458455026149751
v -0.5816236567497253 0.92 -0.10987780466675759
v -0.6099999976158141 0.92 0
v -0.5737132263183593 1.000749998986721 -0.06458455026149751
v -0.6099999976158141 0.92 0
v -0.5816236567497253 0.92 0.10987780466675759
v -0.5737132263183593 1.000749998986721 0.06458455026149751
v -0.3612867724895477 1.0506562423706054 0.10449999868869782
v -0.2662867736816406 1.000749998986721 0.06458455026149751
v -0.320111086666584 1.0573801082372665 0
v -0.3612867724895477 1.0506562423706054 0.10449999868869782
v -0.3250000011920929 0.9699062433838844 0.1690845489501953
v -0.2662867736816406 1.000749998986721 0.06458455026149751
v -0.42 1.0049055763334036 0.1777860224246979
v -0.3250000011920929 0.9699062433838844 0.1690845489501953
v -0.3612867724895477 1.0506562423706054 0.10449999868869782
v -0.3250000011920929 0.9699062433838844 0.1690845489501953
v -0.25837634325027464 0.92 0.10987780466675759
v -0.2662867736816406 1.000749998986721 0.06458455026149751
v -0.514999998807907 0.9699062433838844 0.1690845489501953
v -0.42 0.92 0.20899999737739564
v -0.42 1.0049055763334036 0.1777860224246979
v -0.514999998807907 0.9699062433838844 0.1690845489501953
v -0.514999998807907 0.8700937566161157 0.1690845489501953
v -0.42 0.92 0.20899999737739564
v -0.5816236567497253 0.92 0.10987780466675759
v -0.514999998807907 0.8700937566161157 0.1690845489501953
v -0.514999998807907 0.9699062433838844 0.1690845489501953
v -0.514999998807907 0.8700937566161157 0.1690845489501953
v -0.42 0.8350944236665965 0.1777860224246979
v -0.42 0.92 0.20899999737739564
v -0.6099999976158141 0.92 0
v -0.5737132263183593 0.839250001013279 0.06458455026149751
v -0.5816236567497253 0.92 0.10987780466675759
v -0.6099999976158141 0.92 0
v -0.5737132263183593 0.839250001013279 -0.06458455026149751
v -0.5737132263183593 0.839250001013279 0.06458455026149751
v -0.5816236567497253 0.92 -0.10987780466675759
v -0.5737132263183593 0.839250001013279 -0.06458455026149751
v -0.6099999976158141 0.92 0
v -0.5737132263183593 0.839250001013279 -0.06458455026149751
v -0.5198889133334159 0.7826198917627335 0
v -0.5737132263183593 0.839250001013279 0.06458455026149751
v -0.514999998807907 0.9699062433838844 -0.1690845489501953
v -0.514999998807907 0.8700937566161157 -0.1690845489501953
v -0.5816236567497253 0.92 -0.10987780466675759
v -0.514999998807907 0.9699062433838844 -0.1690845489501953
v -0.42 0.92 -0.20899999737739564
v -0.514999998807907 0.8700937566161157 -0.1690845489501953
v -0.42 1.0049055763334036 -0.1777860224246979
v -0.42 0.92 -0.20899999737739564
v -0.514999998807907 0.9699062433838844 -0.1690845489501953
v -0.42 0.92 -0.20899999737739564
v -0.42 0.8350944236665965 -0.1777860224246979
v -0.514999998807907 0.8700937566161157 -0.1690845489501953
v -0.3612867724895477 1.0506562423706054 -0.10449999868869782
v -0.3250000011920929 0.9699062433838844 -0.1690845489501953
v -0.42 1.0049055763334036 -0.1777860224246979
v -0.3612867724895477 1.0506562423706054 -0.10449999868869782
v -0.2662867736816406 1.000749998986721 -0.06458455026149751
v -0.3250000011920929 0.9699062433838844 -0.1690845489501953
v -0.320111086666584 1.0573801082372665 0
v -0.2662867736816406 1.000749998986721 -0.06458455026149751
v -0.3612867724895477 1.0506562423706054 -0.10449999868869782
v -0.2662867736816406 1.000749998986721 -0.06458455026149751
v -0.25837634325027464 0.92 -0.10987780466675759
v -0.3250000011920929 0.9699062433838844 -0.1690845489501953
v -0.2662867736816406 0.839250001013279 0.06458455026149751
v -0.3612867724895477 0.7893437576293946 0.10449999868869782
v -0.320111086666584 0.7826198917627335 0
v -0.2662867736816406 0.839250001013279 0.06458455026149751
v -0.3250000011920929 0.8700937566161157 0.1690845489501953
v -0.3612867724895477 0.7893437576293946 0.10449999868869782
v -0.25837634325027464 0.92 0.10987780466675759
v -0.3250000011920929 0.8700937566161157 0.1690845489501953
v -0.2662867736816406 0.839250001013279 0.06458455026149751
v -0.3250000011920929 0.8700937566161157 0.1690845489501953
v -0.42 0.8350944236665965 0.1777860224246979
v -0.3612867724895477 0.7893437576293946 0.10449999868869782
v -0.3612867724895477 0.7893437576293946 0.10449999868869782
v -0.42 0.758500002026558 0
v -0.320111086666584 0.7826198917627335 0
v -0.3612867724895477 0.7893437576293946 0.10449999868869782
v -0.47871322751045225 0.7893437576293946 0.10449999868869782
v -0.42 0.758500002026558 0
v -0.42 0.8350944236665965 0.1777860224246979
v -0.47871322751045225 0.7893437576293946 0.10449999868869782
v -0.3612867724895477 0.7893437576293946 0.10449999868869782
v -0.47871322751045225 0.7893437576293946 0.10449999868869782
v -0.5198889133334159 0.7826198917627335 0
v -0.42 0.758500002026558 0
v -0.42 0.758500002026558 0
v -0.3612867724895477 0.7893437576293946 -0.10449999868869782
v -0.320111086666584 0.7826198917627335 0
v -0.42 0.758500002026558 0
v -0.47871322751045225 0.7893437576293946 -0.10449999868869782
v -0.3612867724895477 0.7893437576293946 -0.10449999868869782
v -0.5198889133334159 0.7826198917627335 0
v -0.47871322751045225 0.7893437576293946 -0.10449999868869782
v -0.42 0.758500002026558 0
v -0.47871322751045225 0.7893437576293946 -0.10449999868869782
v -0.42 0.8350944236665965 -0.1777860224246979
v -0.3612867724895477 0.7893437576293946 -0.10449999868869782
v -0.3612867724895477 0.7893437576293946 -0.10449999868869782
v -0.2662867736816406 0.839250001013279 -0.06458455026149751
v -0.320111086666584 0.7826198917627335 0
v -0.3612867724895477 0.7893437576293946 -0.10449999868869782
v -0.3250000011920929 0.8700937566161157 -0.1690845489501953
v -0.2662867736816406 0.839250001013279 -0.06458455026149751
v -0.42 0.8350944236665965 -0.1777860224246979
v -0.3250000011920929 0.8700937566161157 -0.1690845489501953
v -0.3612867724895477 0.7893437576293946 -0.10449999868869782
v -0.3250000011920929 0.8700937566161157 -0.1690845489501953
v -0.25837634325027464 0.92 -0.10987780466675759
v -0.2662867736816406 0.839250001013279 -0.06458455026149751
v -0.2662867736816406 0.839250001013279 -0.06458455026149751
v -0.2662867736816406 0.839250001013279 0.06458455026149751
v -0.320111086666584 0.7826198917627335 0
v -0.2662867736816406 0.839250001013279 -0.06458455026149751
v -0.23000000238418578 0.92 0
v -0.2662867736816406 0.839250001013279 0.06458455026149751
v -0.25837634325027464 0.92 -0.10987780466675759
v -0.23000000238418578 0.92 0
v -0.2662867736816406 0.839250001013279 -0.06458455026149751
v -0.23000000238418578 0.92 0
v -0.25837634325027464 0.92 0.10987780466675759
v -0.2662867736816406 0.839250001013279 0.06458455026149751
v -0.3250000011920929 0.8700937566161157 0.1690845489501953
v -0.42 0.92 0.20899999737739564
v -0.42 0.8350944236665965 0.1777860224246979
v -0.3250000011920929 0.8700937566161157 0.1690845489501953
v -0.3250000011920929 0.9699062433838844 0.1690845489501953
v -0.42 0.92 0.20899999737739564
v -0.25837634325027464 0.92 0.10987780466675759
v -0.3250000011920929 0.9699062433838844 0.1690845489501953
v -0.3250000011920929 0.8700937566161157 0.1690845489501953
v -0.3250000011920929 0.9699062433838844 0.1690845489501953
v -0.42 1.0049055763334036 0.1777860224246979
v -0.42 0.92 0.20899999737739564
v -0.47871322751045225 0.7893437576293946 0.10449999868869782
v -0.5737132263183593 0.839250001013279 0.06458455026149751
v -0.5198889133334159 0.7826198917627335 0
v -0.47871322751045225 0.7893437576293946 0.10449999868869782
v -0.514999998807907 0.8700937566161157 0.1690845489501953
v -0.5737132263183593 0.839250001013279 0.06458455026149751
v -0.42 0.8350944236665965 0.1777860224246979
v -0.514999998807907 0.8700937566161157 0.1690845489501953
v -0.47871322751045225 0.7893437576293946 0.10449999868869782
v -0.514999998807907 0.8700937566161157 0.1690845489501953
v -0.5816236567497253 0.92 0.10987780466675759
v -0.5737132263183593 0.839250001013279 0.06458455026149751
v -0.47871322751045225 0.7893437576293946 -0.10449999868869782
v -0.514999998807907 0.8700937566161157 -0.1690845489501953
v -0.42 0.8350944236665965 -0.1777860224246979
v -0.47871322751045225 0.7893437576293946 -0.10449999868869782
v -0.5737132263183593 0.839250001013279 -0.06458455026149751
v -0.514999998807907 0.8700937566161157 -0.1690845489501953
v -0.5198889133334159 0.7826198917627335 0
v -0.5737132263183593 0.839250001013279 -0.06458455026149751
v -0.47871322751045225 0.7893437576293946 -0.10449999868869782
v -0.5737132263183593 0.839250001013279 -0.06458455026149751
v -0.5816236567497253 0.92 -0.10987780466675759
v -0.514999998807907 0.8700937566161157 -0.1690845489501953
v -0.3250000011920929 0.8700937566161157 -0.1690845489501953
v -0.3250000011920929 0.9699062433838844 -0.1690845489501953
v -0.25837634325027464 0.92 -0.10987780466675759
v -0.3250000011920929 0.8700937566161157 -0.1690845489501953
v -0.42 0.92 -0.20899999737739564
v -0.3250000011920929 0.9699062433838844 -0.1690845489501953
v -0.42 0.8350944236665965 -0.1777860224246979
v -0.42 0.92 -0.20899999737739564
v -0.3250000011920929 0.8700937566161157 -0.1690845489501953
v -0.42 0.92 -0.20899999737739564
v -0.42 1.0049055763334036 -0.1777860224246979
v -0.3250000011920929 0.9699062433838844 -0.1690845489501953
v -0.23000000238418578 0.92 0
v -0.2662867736816406 1.000749998986721 0.06458455026149751
v -0.25837634325027464 0.92 0.10987780466675759
v -0.23000000238418578 0.92 0
v -0.2662867736816406 1.000749998986721 -0.06458455026149751
v -0.2662867736816406 1.000749998986721 0.06458455026149751
v -0.25837634325027464 0.92 -0.10987780466675759
v -0.2662867736816406 1.000749998986721 -0.06458455026149751
v -0.23000000238418578 0.92 0
v -0.2662867736816406 1.000749998986721 -0.06458455026149751
v -0.320111086666584 1.0573801082372665 0
v -0.2662867736816406 1.000749998986721 0.06458455026149751
vt 0.5580698847770691 0.6666666865348816
vt 0.6618959307670593 0.800000011920929
vt 0.5 0.8237918019294739
vt 0.5580698847770691 0.6666666865348816
vt 0.6618959307670593 0.6000000238418579
vt 0.6618959307670593 0.800000011920929
vt 0.5881040692329407 0.5
vt 0.6618959307670593 0.6000000238418579
vt 0.5580698847770691 0.6666666865348816
vt 0.6618959307670593 0.6000000238418579
vt 0.75 0.6762081980705261
vt 0.6618959307670593 0.800000011920929
vt 0.6618959307670593 0.800000011920929
vt 0.5858913660049438 1
vt 0.5 0.8237918019294739
vt 0.6618959307670593 0.800000011920929
vt 0.8381040692329407 0.800000011920929
vt 0.75 1
vt 0.75 0.6762081980705261
vt 0.8381040692329407 0.800000011920929
vt 0.6618959307670593 0.800000011920929
vt 0.8381040692329407 0.800000011920929
vt 1 0.8237918019294739
vt 0.9141086339950562 1
vt 0.41410863399505615 1
vt 0.33810409903526306 0.800000011920929
vt 0.5 0.8237918019294739
vt 0.25 1
vt 0.16189590096473694 0.800000011920929
vt 0.33810409903526306 0.800000011920929
vt 0 0.8237918019294739
vt 0.16189590096473694 0.800000011920929
vt 0.08589137345552444 1
vt 0.16189590096473694 0.800000011920929
vt 0.25 0.6762081980705261
vt 0.33810409903526306 0.800000011920929
vt 0.33810409903526306 0.800000011920929
vt 0.4419301152229309 0.6666666865348816
vt 0.5 0.8237918019294739
vt 0.33810409903526306 0.800000011920929
vt 0.33810409903526306 0.6000000238418579
vt 0.4419301152229309 0.6666666865348816
vt 0.25 0.6762081980705261
vt 0.33810409903526306 0.6000000238418579
vt 0.33810409903526306 0.800000011920929
vt 0.33810409903526306 0.6000000238418579
vt 0.41189590096473694 0.5
vt 0.4419301152229309 0.6666666865348816
vt 0.4419301152229309 0.6666666865348816
vt 0.5580698847770691 0.6666666865348816
vt 0.5 0.8237918019294739
vt 0.4419301152229309 0.6666666865348816
vt 0.5 0.5
vt 0.5580698847770691 0.6666666865348816
vt 0.41189590096473694 0.5
vt 0.5 0.5
vt 0.4419301152229309 0.6666666865348816
vt 0.5 0.5
vt 0.5881040692329407 0.5
vt 0.5580698847770691 0.6666666865348816
vt 0.8381040692329407 0.800000011920929
vt 0.9419301152229309 0.6666666865348816
vt 1 0.8237918019294739
vt 0.8381040692329407 0.800000011920929
vt 0.8381040692329407 0.6000000238418579
vt 0.9419301152229309 0.6666666865348816
vt 0.75 0.6762081980705261
vt 0.8381040692329407 0.6000000238418579
vt 0.8381040692329407 0.800000011920929
vt 0.8381040692329407 0.6000000238418579
vt 0.9118959307670593 0.5
vt 0.9419301152229309 0.6666666865348816
vt 0.6618959307670593 0.6000000238418579
vt 0.75 0.5
vt 0.75 0.6762081980705261
vt 0.6618959307670593 0.6000000238418579
vt 0.6618959307670593 0.4000000059604645
vt 0.75 0.5
vt 0.5881040692329407 0.5
vt 0.6618959307670593 0.4000000059604645
vt 0.6618959307670593 0.6000000238418579
vt 0.6618959307670593 0.4000000059604645
vt 0.75 0.3237918019294739
vt 0.75 0.5
vt 0.5 0.5
vt 0.5580698847770691 0.3333333432674408
vt 0.5881040692329407 0.5
vt 0.5 0.5
vt 0.4419301152229309 0.3333333432674408
vt 0.5580698847770691 0.3333333432674408
vt 0.41189590096473694 0.5
vt 0.4419301152229309 0.3333333432674408
vt 0.5 0.5
vt 0.4419301152229309 0.3333333432674408
vt 0.5 0.17620819807052612
vt 0.5580698847770691 0.3333333432674408
vt 0.33810409903526306 0.6000000238418579
vt 0.33810409903526306 0.4000000059604645
vt 0.41189590096473694 0.5
vt 0.33810409903526306 0.6000000238418579
vt 0.25 0.5
vt 0.33810409903526306 0.4000000059604645
vt 0.25 0.6762081980705261
vt 0.25 0.5
vt 0.33810409903526306 0.6000000238418579
vt 0.25 0.5
vt 0.25 0.3237918019294739
vt 0.33810409903526306 0.4000000059604645
vt 0.16189590096473694 0.800000011920929
vt 0.16189590096473694 0.6000000238418579
vt 0.25 0.6762081980705261
vt 0.16189590096473694 0.800000011920929
vt 0.05806988105177879 0.6666666865348816
vt 0.16189590096473694 0.6000000238418579
vt 0 0.8237918019294739
vt 0.05806988105177879 0.6666666865348816
vt 0.16189590096473694 0.800000011920929
vt 0.05806988105177879 0.6666666865348816
vt 0.08810409903526306 0.5
vt 0.16189590096473694 0.6000000238418579
vt 0.9419301152229309 0.3333333432674408
vt 0.8381040692329407 0.20000000298023224
vt 1 0.17620819807052612
vt 0.9419301152229309 0.3333333432674408
vt 0.8381040692329407 0.4000000059604645
vt 0.8381040692329407 0.20000000298023224
vt 0.9118959307670593 0.5
vt 0.8381040692329407 0.4000000059604645
vt 0.9419301152229309 0.3333333432674408
vt 0.8381040692329407 0.4000000059604645
vt 0.75 0.3237918019294739
vt 0.8381040692329407 0.20000000298023224
vt 0.8381040692329407 0.20000000298023224
vt 0.9141086339950562 0
vt 1 0.17620819807052612
vt 0.8381040692329407 0.20000000298023224
vt 0.6618959307670593 0.20000000298023224
vt 0.75 0
vt 0.75 0.3237918019294739
vt 0.6618959307670593 0.20000000298023224
vt 0.8381040692329407 0.20000000298023224
vt 0.6618959307670593 0.20000000298023224
vt 0.5 0.17620819807052612
vt 0.5858913660049438 0
vt 0.08589137345552444 0
vt 0.16189590096473694 0.20000000298023224
vt 0 0.17620819807052612
vt 0.25 0
vt 0.33810409903526306 0.20000000298023224
vt 0.16189590096473694 0.20000000298023224
vt 0.5 0.17620819807052612
vt 0.33810409903526306 0.20000000298023224
vt 0.41410863399505615 0
vt 0.33810409903526306 0.20000000298023224
vt 0.25 0.3237918019294739
vt 0.16189590096473694 0.20000000298023224
vt 0.16189590096473694 0.20000000298023224
vt 0.05806988105177879 0.3333333432674408
vt 0 0.17620819807052612
vt 0.16189590096473694 0.20000000298023224
vt 0.16189590096473694 0.4000000059604645
vt 0.05806988105177879 0.3333333432674408
vt 0.25 0.3237918019294739
vt 0.16189590096473694 0.4000000059604645
vt 0.16189590096473694 0.20000000298023224
vt 0.16189590096473694 0.4000000059604645
vt 0.08810409903526306 0.5
vt 0.05806988105177879 0.3333333432674408
vt 1.0580698251724243 0.3333333432674408
vt 0.9419301152229309 0.3333333432674408
vt 1 0.17620819807052612
vt 1.0580698251724243 0.3333333432674408
vt 1 0.5
vt 0.9419301152229309 0.3333333432674408
vt 0.08810409903526306 0.5
vt 0 0.5
vt 0.05806988105177879 0.3333333432674408
vt 1 0.5
vt 0.9118959307670593 0.5
vt 0.9419301152229309 0.3333333432674408
vt 0.8381040692329407 0.4000000059604645
vt 0.75 0.5
vt 0.75 0.3237918019294739
vt 0.8381040692329407 0.4000000059604645
vt 0.8381040692329407 0.6000000238418579
vt 0.75 0.5
vt 0.9118959307670593 0.5
vt 0.8381040692329407 0.6000000238418579
vt 0.8381040692329407 0.4000000059604645
vt 0.8381040692329407 0.6000000238418579
vt 0.75 0.6762081980705261
vt 0.75 0.5
vt 0.6618959307670593 0.20000000298023224
vt 0.5580698847770691 0.3333333432674408
vt 0.5 0.17620819807052612
vt 0.6618959307670593 0.20000000298023224
vt 0.6618959307670593 0.4000000059604645
vt 0.5580698847770691 0.3333333432674408
vt 0.75 0.3237918019294739
vt 0.6618959307670593 0.4000000059604645
vt 0.6618959307670593 0.20000000298023224
vt 0.6618959307670593 0.4000000059604645
vt 0.5881040692329407 0.5
vt 0.5580698847770691 0.3333333432674408
vt 0.33810409903526306 0.20000000298023224
vt 0.33810409903526306 0.4000000059604645
vt 0.25 0.3237918019294739
vt 0.33810409903526306 0.20000000298023224
vt 0.4419301152229309 0.3333333432674408
vt 0.33810409903526306 0.4000000059604645
vt 0.5 0.17620819807052612
vt 0.4419301152229309 0.3333333432674408
vt 0.33810409903526306 0.20000000298023224
vt 0.4419301152229309 0.3333333432674408
vt 0.41189590096473694 0.5
vt 0.33810409903526306 0.4000000059604645
vt 0.16189590096473694 0.4000000059604645
vt 0.16189590096473694 0.6000000238418579
vt 0.08810409903526306 0.5
vt 0.16189590096473694 0.4000000059604645
vt 0.25 0.5
vt 0.16189590096473694 0.6000000238418579
vt 0.25 0.3237918019294739
vt 0.25 0.5
vt 0.16189590096473694 0.4000000059604645
vt 0.25 0.5
vt 0.25 0.6762081980705261
vt 0.16189590096473694 0.6000000238418579
vt 1 0.5
vt 0.9419301152229309 0.6666666865348816
vt 0.9118959307670593 0.5
vt 1 0.5
vt 1.0580698251724243 0.6666666865348816
vt 0.9419301152229309 0.6666666865348816
vt 0.08810409903526306 0.5
vt 0.05806988105177879 0.6666666865348816
vt 0 0.5
vt 1.0580698251724243 0.6666666865348816
vt 1 0.8237918019294739
vt 0.9419301152229309 0.6666666865348816
vn -0.778676039818781 0.5661744164127472 0.27038889624358714
vn -0.2811573297098017 0.8659758038629723 0.41356554870338624
vn -0.46506212343256237 0.8852780474790936 0
vn -0.778676039818781 0.5661744164127472 0.27038889624358714
vn -0.5204144199988661 0.37839271569126093 0.7654983893967617
vn -0.2811573297098017 0.8659758038629723 0.41356554870338624
vn -0.8718179208243638 0 0.48983008577412157
vn -0.5204144199988661 0.37839271569126093 0.7654983893967617
vn -0.778676039818781 0.5661744164127472 0.27038889624358714
vn -0.5204144199988661 0.37839271569126093 0.7654983893967617
vn 0 0.624603936189352 0.780941689818624
vn -0.2811573297098017 0.8659758038629723 0.41356554870338624
vn -0.2811573297098017 0.8659758038629723 0.41356554870338624
vn 0 1 0
vn -0.46506212343256237 0.8852780474790936 0
vn -0.2811573297098017 0.8659758038629723 0.41356554870338624
vn 0.2811573297098017 0.8659758038629723 0.41356554870338624
vn 0 1 0
vn 0 0.624603936189352 0.780941689818624
vn 0.2811573297098017 0.8659758038629723 0.41356554870338624
vn -0.2811573297098017 0.8659758038629723 0.41356554870338624
vn 0.2811573297098017 0.8659758038629723 0.41356554870338624
vn 0.46506212343256237 0.8852780474790936 0
vn 0 1 0
vn 0 1 0
vn -0.2811573297098017 0.8659758038629723 -0.41356554870338624
vn -0.46506212343256237 0.8852780474790936 0
vn 0 1 0
vn 0.2811573297098017 0.8659758038629723 -0.41356554870338624
vn -0.2811573297098017 0.8659758038629723 -0.41356554870338624
vn 0.46506212343256237 0.8852780474790936 0
vn 0.2811573297098017 0.8659758038629723 -0.41356554870338624
vn 0 1 0
vn 0.2811573297098017 0.8659758038629723 -0.41356554870338624
vn 0 0.624603936189352 -0.780941689818624
vn -0.2811573297098017 0.8659758038629723 -0.41356554870338624
vn -0.2811573297098017 0.8659758038629723 -0.41356554870338624
vn -0.778676039818781 0.5661744164127472 -0.27038889624358714
vn -0.46506212343256237 0.8852780474790936 0
vn -0.2811573297098017 0.8659758038629723 -0.41356554870338624
vn -0.5204144199988661 0.37839271569126093 -0.7654983893967617
vn -0.778676039818781 0.5661744164127472 -0.27038889624358714
vn 0 0.624603936189352 -0.780941689818624
vn -0.5204144199988661 0.37839271569126093 -0.7654983893967617
vn -0.2811573297098017 0.8659758038629723 -0.41356554870338624
vn -0.5204144199988661 0.37839271569126093 -0.7654983893967617
vn -0.8718179208243638 0 -0.48983008577412157
vn -0.778676039818781 0.5661744164127472 -0.27038889624358714
vn -0.778676039818781 0.5661744164127472 -0.27038889624358714
vn -0.778676039818781 0.5661744164127472 0.27038889624358714
vn -0.46506212343256237 0.8852780474790936 0
vn -0.778676039818781 0.5661744164127472 -0.27038889624358714
vn -1 0 0
vn -0.778676039818781 0.5661744164127472 0.27038889624358714
vn -0.8718179208243638 0 -0.48983008577412157
vn -1 0 0
vn -0.778676039818781 0.5661744164127472 -0.27038889624358714
vn -1 0 0
vn -0.8718179208243638 0 0.48983008577412157
vn -0.778676039818781 0.5661744164127472 0.27038889624358714
vn 0.2811573297098017 0.8659758038629723 0.41356554870338624
vn 0.778676039818781 0.5661744164127472 0.27038889624358714
vn 0.46506212343256237 0.8852780474790936 0
vn 0.2811573297098017 0.8659758038629723 0.41356554870338624
vn 0.5204144199988661 0.37839271569126093 0.7654983893967617
vn 0.778676039818781 0.5661744164127472 0.27038889624358714
vn 0 0.624603936189352 0.780941689818624
vn 0.5204144199988661 0.37839271569126093 0.7654983893967617
vn 0.2811573297098017 0.8659758038629723 0.41356554870338624
vn 0.5204144199988661 0.37839271569126093 0.7654983893967617
vn 0.8718179208243638 0 0.48983008577412157
vn 0.778676039818781 0.5661744164127472 0.27038889624358714
vn -0.5204144199988661 0.37839271569126093 0.7654983893967617
vn 0 0 0.9999999999999999
vn 0 0.624603936189352 0.780941689818624
vn -0.5204144199988661 0.37839271569126093 0.7654983893967617
vn -0.5204144199988661 -0.37839271569126093 0.7654983893967617
vn 0 0 0.9999999999999999
vn -0.8718179208243638 0 0.48983008577412157
vn -0.5204144199988661 -0.37839271569126093 0.7654983893967617
vn -0.5204144199988661 0.37839271569126093 0.7654983893967617
vn -0.5204144199988661 -0.37839271569126093 0.7654983893967617
vn 0 -0.624603936189352 0.780941689818624
vn 0 0 0.9999999999999999
vn -1 0 0
vn -0.778676039818781 -0.5661744164127472 0.27038889624358714
vn -0.8718179208243638 0 0.48983008577412157
vn -1 0 0
vn -0.778676039818781 -0.5661744164127472 -0.27038889624358714
vn -0.778676039818781 -0.5661744164127472 0.27038889624358714
vn -0.8718179208243638 0 -0.48983008577412157
vn -0.778676039818781 -0.5661744164127472 -0.27038889624358714
vn -1 0 0
vn -0.778676039818781 -0.5661744164127472 -0.27038889624358714
vn -0.46506212343256237 -0.8852780474790936 0
vn -0.778676039818781 -0.5661744164127472 0.27038889624358714
vn -0.5204144199988661 0.37839271569126093 -0.7654983893967617
vn -0.5204144199988661 -0.37839271569126093 -0.7654983893967617
vn -0.8718179208243638 0 -0.48983008577412157
vn -0.5204144199988661 0.37839271569126093 -0.7654983893967617
vn 0 0 -0.9999999999999999
vn -0.5204144199988661 -0.37839271569126093 -0.7654983893967617
vn 0 0.624603936189352 -0.780941689818624
vn 0 0 -0.9999999999999999
vn -0.5204144199988661 0.37839271569126093 -0.7654983893967617
vn 0 0 -0.9999999999999999
vn 0 -0.624603936189352 -0.780941689818624
vn -0.5204144199988661 -0.37839271569126093 -0.7654983893967617
vn 0.2811573297098017 0.8659758038629723 -0.41356554870338624
vn 0.5204144199988661 0.37839271569126093 -0.7654983893967617
vn 0 0.624603936189352 -0.780941689818624
vn 0.2811573297098017 0.8659758038629723 -0.41356554870338624
vn 0.778676039818781 0.5661744164127472 -0.27038889624358714
vn 0.5204144199988661 0.37839271569126093 -0.7654983893967617
vn 0.46506212343256237 0.8852780474790936 0
vn 0.778676039818781 0.5661744164127472 -0.27038889624358714
vn 0.2811573297098017 0.8659758038629723 -0.41356554870338624
vn 0.778676039818781 0.5661744164127472 -0.27038889624358714
vn 0.8718179208243638 0 -0.48983008577412157
vn 0.5204144199988661 0.37839271569126093 -0.7654983893967617
vn 0.778676039818781 -0.5661744164127472 0.27038889624358714
vn 0.2811573297098017 -0.8659758038629723 0.41356554870338624
vn 0.46506212343256237 -0.8852780474790936 0
vn 0.778676039818781 -0.5661744164127472 0.27038889624358714
vn 0.5204144199988661 -0.37839271569126093 0.7654983893967617
vn 0.2811573297098017 -0.8659758038629723 0.41356554870338624
vn 0.8718179208243638 0 0.48983008577412157
vn 0.5204144199988661 -0.37839271569126093 0.7654983893967617
vn 0.778676039818781 -0.5661744164127472 0.27038889624358714
vn 0.5204144199988661 -0.37839271569126093 0.7654983893967617
vn 0 -0.624603936189352 0.780941689818624
vn 0.2811573297098017 -0.8659758038629723 0.41356554870338624
vn 0.2811573297098017 -0.8659758038629723 0.41356554870338624
vn 0 -1 0
vn 0.46506212343256237 -0.8852780474790936 0
vn 0.2811573297098017 -0.8659758038629723 0.41356554870338624
vn -0.2811573297098017 -0.8659758038629723 0.41356554870338624
vn 0 -1 0
vn 0 -0.624603936189352 0.780941689818624
vn -0.2811573297098017 -0.8659758038629723 0.41356554870338624
vn 0.2811573297098017 -0.8659758038629723 0.41356554870338624
vn -0.2811573297098017 -0.8659758038629723 0.41356554870338624
vn -0.46506212343256237 -0.8852780474790936 0
vn 0 -1 0
vn 0 -1 0
vn 0.2811573297098017 -0.8659758038629723 -0.41356554870338624
vn 0.46506212343256237 -0.8852780474790936 0
vn 0 -1 0
vn -0.2811573297098017 -0.8659758038629723 -0.41356554870338624
vn 0.2811573297098017 -0.8659758038629723 -0.41356554870338624
vn -0.46506212343256237 -0.8852780474790936 0
vn -0.2811573297098017 -0.8659758038629723 -0.41356554870338624
vn 0 -1 0
vn -0.2811573297098017 -0.8659758038629723 -0.41356554870338624
vn 0 -0.624603936189352 -0.780941689818624
vn 0.2811573297098017 -0.8659758038629723 -0.41356554870338624
vn 0.2811573297098017 -0.8659758038629723 -0.41356554870338624
vn 0.778676039818781 -0.5661744164127472 -0.27038889624358714
vn 0.46506212343256237 -0.8852780474790936 0
vn 0.2811573297098017 -0.8659758038629723 -0.41356554870338624
vn 0.5204144199988661 -0.37839271569126093 -0.7654983893967617
vn 0.778676039818781 -0.5661744164127472 -0.27038889624358714
vn 0 -0.624603936189352 -0.780941689818624
vn 0.5204144199988661 -0.37839271569126093 -0.7654983893967617
vn 0.2811573297098017 -0.8659758038629723 -0.41356554870338624
vn 0.5204144199988661 -0.37839271569126093 -0.7654983893967617
vn 0.8718179208243638 0 -0.48983008577412157
vn 0.778676039818781 -0.5661744164127472 -0.27038889624358714
vn 0.778676039818781 -0.5661744164127472 -0.27038889624358714
vn 0.778676039818781 -0.5661744164127472 0.27038889624358714
vn 0.46506212343256237 -0.8852780474790936 0
vn 0.778676039818781 -0.5661744164127472 -0.27038889624358714
vn 1 0 0
vn 0.778676039818781 -0.5661744164127472 0.27038889624358714
vn 0.8718179208243638 0 -0.48983008577412157
vn 1 0 0
vn 0.778676039818781 -0.5661744164127472 -0.27038889624358714
vn 1 0 0
vn 0.8718179208243638 0 0.48983008577412157
vn 0.778676039818781 -0.5661744164127472 0.27038889624358714
vn 0.5204144199988661 -0.37839271569126093 0.7654983893967617
vn 0 0 0.9999999999999999
vn 0 -0.624603936189352 0.780941689818624
vn 0.5204144199988661 -0.37839271569126093 0.7654983893967617
vn 0.5204144199988661 0.37839271569126093 0.7654983893967617
vn 0 0 0.9999999999999999
vn 0.8718179208243638 0 0.48983008577412157
vn 0.5204144199988661 0.37839271569126093 0.7654983893967617
vn 0.5204144199988661 -0.37839271569126093 0.7654983893967617
vn 0.5204144199988661 0.37839271569126093 0.7654983893967617
vn 0 0.624603936189352 0.780941689818624
vn 0 0 0.9999999999999999
vn -0.2811573297098017 -0.8659758038629723 0.41356554870338624
vn -0.778676039818781 -0.5661744164127472 0.27038889624358714
vn -0.46506212343256237 -0.8852780474790936 0
vn -0.2811573297098017 -0.8659758038629723 0.41356554870338624
vn -0.5204144199988661 -0.37839271569126093 0.7654983893967617
vn -0.778676039818781 -0.5661744164127472 0.27038889624358714
vn 0 -0.624603936189352 0.780941689818624
vn -0.5204144199988661 -0.37839271569126093 0.7654983893967617
vn -0.2811573297098017 -0.8659758038629723 0.41356554870338624
vn -0.5204144199988661 -0.37839271569126093 0.7654983893967617
vn -0.8718179208243638 0 0.48983008577412157
vn -0.778676039818781 -0.5661744164127472 0.27038889624358714
vn -0.2811573297098017 -0.8659758038629723 -0.41356554870338624
vn -0.5204144199988661 -0.37839271569126093 -0.7654983893967617
vn 0 -0.624603936189352 -0.780941689818624
vn -0.2811573297098017 -0.8659758038629723 -0.41356554870338624
vn -0.778676039818781 -0.5661744164127472 -0.27038889624358714
vn -0.5204144199988661 -0.37839271569126093 -0.7654983893967617
vn -0.46506212343256237 -0.8852780474790936 0
vn -0.778676039818781 -0.5661744164127472 -0.27038889624358714
vn -0.2811573297098017 -0.8659758038629723 -0.41356554870338624
vn -0.778676039818781 -0.5661744164127472 -0.27038889624358714
vn -0.8718179208243638 0 -0.48983008577412157
vn -0.5204144199988661 -0.37839271569126093 -0.7654983893967617
vn 0.5204144199988661 -0.37839271569126093 -0.7654983893967617
vn 0.5204144199988661 0.37839271569126093 -0.7654983893967617
vn 0.8718179208243638 0 -0.48983008577412157
vn 0.5204144199988661 -0.37839271569126093 -0.7654983893967617
vn 0 0 -0.9999999999999999
vn 0.5204144199988661 0.37839271569126093 -0.7654983893967617
vn 0 -0.624603936189352 -0.780941689818624
vn 0 0 -0.9999999999999999
vn 0.5204144199988661 -0.37839271569126093 -0.7654983893967617
vn 0 0 -0.9999999999999999
vn 0 0.624603936189352 -0.780941689818624
vn 0.5204144199988661 0.37839271569126093 -0.7654983893967617
vn 1 0 0
vn 0.778676039818781 0.5661744164127472 0.27038889624358714
vn 0.8718179208243638 0 0.48983008577412157
vn 1 0 0
vn 0.778676039818781 0.5661744164127472 -0.27038889624358714
vn 0.778676039818781 0.5661744164127472 0.27038889624358714
vn 0.8718179208243638 0 -0.48983008577412157
vn 0.778676039818781 0.5661744164127472 -0.27038889624358714
vn 1 0 0
vn 0.778676039818781 0.5661744164127472 -0.27038889624358714
vn 0.46506212343256237 0.8852780474790936 0
vn 0.778676039818781 0.5661744164127472 0.27038889624358714
f 4340/4340/4340 4341/4341/4341 4342/4342/4342
f 4343/4343/4343 4344/4344/4344 4345/4345/4345
f 4346/4346/4346 4347/4347/4347 4348/4348/4348
f 4349/4349/4349 4350/4350/4350 4351/4351/4351
f 4352/4352/4352 4353/4353/4353 4354/4354/4354
f 4355/4355/4355 4356/4356/4356 4357/4357/4357
f 4358/4358/4358 4359/4359/4359 4360/4360/4360
f 4361/4361/4361 4362/4362/4362 4363/4363/4363
f 4364/4364/4364 4365/4365/4365 4366/4366/4366
f 4367/4367/4367 4368/4368/4368 4369/4369/4369
f 4370/4370/4370 4371/4371/4371 4372/4372/4372
f 4373/4373/4373 4374/4374/4374 4375/4375/4375
f 4376/4376/4376 4377/4377/4377 4378/4378/4378
f 4379/4379/4379 4380/4380/4380 4381/4381/4381
f 4382/4382/4382 4383/4383/4383 4384/4384/4384
f 4385/4385/4385 4386/4386/4386 4387/4387/4387
f 4388/4388/4388 4389/4389/4389 4390/4390/4390
f 4391/4391/4391 4392/4392/4392 4393/4393/4393
f 4394/4394/4394 4395/4395/4395 4396/4396/4396
f 4397/4397/4397 4398/4398/4398 4399/4399/4399
f 4400/4400/4400 4401/4401/4401 4402/4402/4402
f 4403/4403/4403 4404/4404/4404 4405/4405/4405
f 4406/4406/4406 4407/4407/4407 4408/4408/4408
f 4409/4409/4409 4410/4410/4410 4411/4411/4411
f 4412/4412/4412 4413/4413/4413 4414/4414/4414
f 4415/4415/4415 4416/4416/4416 4417/4417/4417
f 4418/4418/4418 4419/4419/4419 4420/4420/4420
f 4421/4421/4421 4422/4422/4422 4423/4423/4423
f 4424/4424/4424 4425/4425/4425 4426/4426/4426
f 4427/4427/4427 4428/4428/4428 4429/4429/4429
f 4430/4430/4430 4431/4431/4431 4432/4432/4432
f 4433/4433/4433 4434/4434/4434 4435/4435/4435
f 4436/4436/4436 4437/4437/4437 4438/4438/4438
f 4439/4439/4439 4440/4440/4440 4441/4441/4441
f 4442/4442/4442 4443/4443/4443 4444/4444/4444
f 4445/4445/4445 4446/4446/4446 4447/4447/4447
f 4448/4448/4448 4449/4449/4449 4450/4450/4450
f 4451/4451/4451 4452/4452/4452 4453/4453/4453
f 4454/4454/4454 4455/4455/4455 4456/4456/4456
f 4457/4457/4457 4458/4458/4458 4459/4459/4459
f 4460/4460/4460 4461/4461/4461 4462/4462/4462
f 4463/4463/4463 4464/4464/4464 4465/4465/4465
f 4466/4466/4466 4467/4467/4467 4468/4468/4468
f 4469/4469/4469 4470/4470/4470 4471/4471/4471
f 4472/4472/4472 4473/4473/4473 4474/4474/4474
f 4475/4475/4475 4476/4476/4476 4477/4477/4477
f 4478/4478/4478 4479/4479/4479 4480/4480/4480
f 4481/4481/4481 4482/4482/4482 4483/4483/4483
f 4484/4484/4484 4485/4485/4485 4486/4486/4486
f 4487/4487/4487 4488/4488/4488 4489/4489/4489
f 4490/4490/4490 4491/4491/4491 4492/4492/4492
f 4493/4493/4493 4494/4494/4494 4495/4495/4495
f 4496/4496/4496 4497/4497/4497 4498/4498/4498
f 4499/4499/4499 4500/4500/4500 4501/4501/4501
f 4502/4502/4502 4503/4503/4503 4504/4504/4504
f 4505/4505/4505 4506/4506/4506 4507/4507/4507
f 4508/4508/4508 4509/4509/4509 4510/4510/4510
f 4511/4511/4511 4512/4512/4512 4513/4513/4513
f 4514/4514/4514 4515/4515/4515 4516/4516/4516
f 4517/4517/4517 4518/4518/4518 4519/4519/4519
f 4520/4520/4520 4521/4521/4521 4522/4522/4522
f 4523/4523/4523 4524/4524/4524 4525/4525/4525
f 4526/4526/4526 4527/4527/4527 4528/4528/4528
f 4529/4529/4529 4530/4530/4530 4531/4531/4531
f 4532/4532/4532 4533/4533/4533 4534/4534/4534
f 4535/4535/4535 4536/4536/4536 4537/4537/4537
f 4538/4538/4538 4539/4539/4539 4540/4540/4540
f 4541/4541/4541 4542/4542/4542 4543/4543/4543
f 4544/4544/4544 4545/4545/4545 4546/4546/4546
f 4547/4547/4547 4548/4548/4548 4549/4549/4549
f 4550/4550/4550 4551/4551/4551 4552/4552/4552
f 4553/4553/4553 4554/4554/4554 4555/4555/4555
f 4556/4556/4556 4557/4557/4557 4558/4558/4558
f 4559/4559/4559 4560/4560/4560 4561/4561/4561
f 4562/4562/4562 4563/4563/4563 4564/4564/4564
f 4565/4565/4565 4566/4566/4566 4567/4567/4567
f 4568/4568/4568 4569/4569/4569 4570/4570/4570
f 4571/4571/4571 4572/4572/4572 4573/4573/4573
f 4574/4574/4574 4575/4575/4575 4576/4576/4576
f 4577/4577/4577 4578/4578/4578 4579/4579/4579
o shoulder_bolt
usemtl steelD
v -0.5655195237696171 0.98 0.09577193289995194
v -0.54 0.9957719328999519 0.10551952376961708
v -0.555771932899952 1.005519523769617 0.08
v -0.54 0.9957719328999519 0.10551952376961708
v -0.5242280671000481 1.005519523769617 0.08
v -0.555771932899952 1.005519523769617 0.08
v -0.5242280671000481 1.005519523769617 0.08
v -0.54 0.9957719328999519 0.05448047623038292
v -0.555771932899952 1.005519523769617 0.08
v -0.54 0.9957719328999519 0.05448047623038292
v -0.5655195237696171 0.98 0.06422806710004807
v -0.555771932899952 1.005519523769617 0.08
v -0.5655195237696171 0.98 0.06422806710004807
v -0.5655195237696171 0.98 0.09577193289995194
v -0.555771932899952 1.005519523769617 0.08
v -0.54 0.9957719328999519 0.10551952376961708
v -0.514480476230383 0.98 0.09577193289995194
v -0.5242280671000481 1.005519523769617 0.08
v -0.5655195237696171 0.98 0.09577193289995194
v -0.54 0.964228067100048 0.10551952376961708
v -0.54 0.9957719328999519 0.10551952376961708
v -0.5655195237696171 0.98 0.06422806710004807
v -0.555771932899952 0.9544804762303829 0.08
v -0.5655195237696171 0.98 0.09577193289995194
v -0.54 0.9957719328999519 0.05448047623038292
v -0.54 0.964228067100048 0.05448047623038292
v -0.5655195237696171 0.98 0.06422806710004807
v -0.5242280671000481 1.005519523769617 0.08
v -0.514480476230383 0.98 0.06422806710004807
v -0.54 0.9957719328999519 0.05448047623038292
v -0.514480476230383 0.98 0.09577193289995194
v -0.54 0.964228067100048 0.10551952376961708
v -0.5242280671000481 0.9544804762303829 0.08
v -0.54 0.964228067100048 0.10551952376961708
v -0.555771932899952 0.9544804762303829 0.08
v -0.5242280671000481 0.9544804762303829 0.08
v -0.555771932899952 0.9544804762303829 0.08
v -0.54 0.964228067100048 0.05448047623038292
v -0.5242280671000481 0.9544804762303829 0.08
v -0.54 0.964228067100048 0.05448047623038292
v -0.514480476230383 0.98 0.06422806710004807
v -0.5242280671000481 0.9544804762303829 0.08
v -0.514480476230383 0.98 0.06422806710004807
v -0.514480476230383 0.98 0.09577193289995194
v -0.5242280671000481 0.9544804762303829 0.08
v -0.514480476230383 0.98 0.09577193289995194
v -0.54 0.9957719328999519 0.10551952376961708
v -0.54 0.964228067100048 0.10551952376961708
v -0.54 0.964228067100048 0.10551952376961708
v -0.5655195237696171 0.98 0.09577193289995194
v -0.555771932899952 0.9544804762303829 0.08
v -0.555771932899952 0.9544804762303829 0.08
v -0.5655195237696171 0.98 0.06422806710004807
v -0.54 0.964228067100048 0.05448047623038292
v -0.54 0.964228067100048 0.05448047623038292
v -0.54 0.9957719328999519 0.05448047623038292
v -0.514480476230383 0.98 0.06422806710004807
v -0.514480476230383 0.98 0.06422806710004807
v -0.5242280671000481 1.005519523769617 0.08
v -0.514480476230383 0.98 0.09577193289995194
vt 0.5881040692329407 0.5
vt 0.75 0.6762081980705261
vt 0.5 0.8237918019294739
vt 0.75 0.6762081980705261
vt 1 0.8237918019294739
vt 0.5 0.8237918019294739
vt 0 0.8237918019294739
vt 0.25 0.6762081980705261
vt 0.5 0.8237918019294739
vt 0.25 0.6762081980705261
vt 0.41189590096473694 0.5
vt 0.5 0.8237918019294739
vt 0.41189590096473694 0.5
vt 0.5881040692329407 0.5
vt 0.5 0.8237918019294739
vt 0.75 0.6762081980705261
vt 0.9118959307670593 0.5
vt 1 0.8237918019294739
vt 0.5881040692329407 0.5
vt 0.75 0.3237918019294739
vt 0.75 0.6762081980705261
vt 0.41189590096473694 0.5
vt 0.5 0.17620819807052612
vt 0.5881040692329407 0.5
vt 0.25 0.6762081980705261
vt 0.25 0.3237918019294739
vt 0.41189590096473694 0.5
vt 0 0.8237918019294739
vt 0.08810409903526306 0.5
vt 0.25 0.6762081980705261
vt 0.9118959307670593 0.5
vt 0.75 0.3237918019294739
vt 1 0.17620819807052612
vt 0.75 0.3237918019294739
vt 0.5 0.17620819807052612
vt 1 0.17620819807052612
vt 0.5 0.17620819807052612
vt 0.25 0.3237918019294739
vt 0 0.17620819807052612
vt 0.25 0.3237918019294739
vt 0.08810409903526306 0.5
vt 0 0.17620819807052612
vt 1.0881041288375854 0.5
vt 0.9118959307670593 0.5
vt 1 0.17620819807052612
vt 0.9118959307670593 0.5
vt 0.75 0.6762081980705261
vt 0.75 0.3237918019294739
vt 0.75 0.3237918019294739
vt 0.5881040692329407 0.5
vt 0.5 0.17620819807052612
vt 0.5 0.17620819807052612
vt 0.41189590096473694 0.5
vt 0.25 0.3237918019294739
vt 0.25 0.3237918019294739
vt 0.25 0.6762081980705261
vt 0.08810409903526306 0.5
vt 1.0881041288375854 0.5
vt 1 0.8237918019294739
vt 0.9118959307670593 0.5
vn -0.5773502691896257 0.5773502691896257 0.5773502691896257
vn -0.5773502691896257 0.5773502691896257 0.5773502691896257
vn -0.5773502691896257 0.5773502691896257 0.5773502691896257
vn 0 0.9341723510700028 0.35682211043647993
vn 0 0.9341723510700028 0.35682211043647993
vn 0 0.9341723510700028 0.35682211043647993
vn 0 0.9341723510700028 -0.35682211043647993
vn 0 0.9341723510700028 -0.35682211043647993
vn 0 0.9341723510700028 -0.35682211043647993
vn -0.5773502691896257 0.5773502691896257 -0.5773502691896257
vn -0.5773502691896257 0.5773502691896257 -0.5773502691896257
vn -0.5773502691896257 0.5773502691896257 -0.5773502691896257
vn -0.9341723510700028 0.35682211043647993 0
vn -0.9341723510700028 0.35682211043647993 0
vn -0.9341723510700028 0.35682211043647993 0
vn 0.5773502691896257 0.5773502691896257 0.5773502691896257
vn 0.5773502691896257 0.5773502691896257 0.5773502691896257
vn 0.5773502691896257 0.5773502691896257 0.5773502691896257
vn -0.35682211043647993 0 0.9341723510700028
vn -0.35682211043647993 0 0.9341723510700028
vn -0.35682211043647993 0 0.9341723510700028
vn -0.9341723510700028 -0.35682211043647993 0
vn -0.9341723510700028 -0.35682211043647993 0
vn -0.9341723510700028 -0.35682211043647993 0
vn -0.35682211043647993 0 -0.9341723510700028
vn -0.35682211043647993 0 -0.9341723510700028
vn -0.35682211043647993 0 -0.9341723510700028
vn 0.5773502691896257 0.5773502691896257 -0.5773502691896257
vn 0.5773502691896257 0.5773502691896257 -0.5773502691896257
vn 0.5773502691896257 0.5773502691896257 -0.5773502691896257
vn 0.5773502691896257 -0.5773502691896257 0.5773502691896257
vn 0.5773502691896257 -0.5773502691896257 0.5773502691896257
vn 0.5773502691896257 -0.5773502691896257 0.5773502691896257
vn 0 -0.9341723510700028 0.35682211043647993
vn 0 -0.9341723510700028 0.35682211043647993
vn 0 -0.9341723510700028 0.35682211043647993
vn 0 -0.9341723510700028 -0.35682211043647993
vn 0 -0.9341723510700028 -0.35682211043647993
vn 0 -0.9341723510700028 -0.35682211043647993
vn 0.5773502691896257 -0.5773502691896257 -0.5773502691896257
vn 0.5773502691896257 -0.5773502691896257 -0.5773502691896257
vn 0.5773502691896257 -0.5773502691896257 -0.5773502691896257
vn 0.9341723510700028 -0.35682211043647993 0
vn 0.9341723510700028 -0.35682211043647993 0
vn 0.9341723510700028 -0.35682211043647993 0
vn 0.35682211043647993 0 0.9341723510700028
vn 0.35682211043647993 0 0.9341723510700028
vn 0.35682211043647993 0 0.9341723510700028
vn -0.5773502691896257 -0.5773502691896257 0.5773502691896257
vn -0.5773502691896257 -0.5773502691896257 0.5773502691896257
vn -0.5773502691896257 -0.5773502691896257 0.5773502691896257
vn -0.5773502691896257 -0.5773502691896257 -0.5773502691896257
vn -0.5773502691896257 -0.5773502691896257 -0.5773502691896257
vn -0.5773502691896257 -0.5773502691896257 -0.5773502691896257
vn 0.35682211043647993 0 -0.9341723510700028
vn 0.35682211043647993 0 -0.9341723510700028
vn 0.35682211043647993 0 -0.9341723510700028
vn 0.9341723510700028 0.35682211043647993 0
vn 0.9341723510700028 0.35682211043647993 0
vn 0.9341723510700028 0.35682211043647993 0
f 4580/4580/4580 4581/4581/4581 4582/4582/4582
f 4583/4583/4583 4584/4584/4584 4585/4585/4585
f 4586/4586/4586 4587/4587/4587 4588/4588/4588
f 4589/4589/4589 4590/4590/4590 4591/4591/4591
f 4592/4592/4592 4593/4593/4593 4594/4594/4594
f 4595/4595/4595 4596/4596/4596 4597/4597/4597
f 4598/4598/4598 4599/4599/4599 4600/4600/4600
f 4601/4601/4601 4602/4602/4602 4603/4603/4603
f 4604/4604/4604 4605/4605/4605 4606/4606/4606
f 4607/4607/4607 4608/4608/4608 4609/4609/4609
f 4610/4610/4610 4611/4611/4611 4612/4612/4612
f 4613/4613/4613 4614/4614/4614 4615/4615/4615
f 4616/4616/4616 4617/4617/4617 4618/4618/4618
f 4619/4619/4619 4620/4620/4620 4621/4621/4621
f 4622/4622/4622 4623/4623/4623 4624/4624/4624
f 4625/4625/4625 4626/4626/4626 4627/4627/4627
f 4628/4628/4628 4629/4629/4629 4630/4630/4630
f 4631/4631/4631 4632/4632/4632 4633/4633/4633
f 4634/4634/4634 4635/4635/4635 4636/4636/4636
f 4637/4637/4637 4638/4638/4638 4639/4639/4639
o arm_joint_upper
usemtl black
v -0.5380520683526993 0.72 0.042058490216732025
v -0.47 0.762058490216732 0.06805206835269928
v -0.512058490216732 0.7880520683526993 0
v -0.47 0.762058490216732 0.06805206835269928
v -0.42794150978326795 0.7880520683526993 0
v -0.512058490216732 0.7880520683526993 0
v -0.42794150978326795 0.7880520683526993 0
v -0.47 0.762058490216732 -0.06805206835269928
v -0.512058490216732 0.7880520683526993 0
v -0.47 0.762058490216732 -0.06805206835269928
v -0.5380520683526993 0.72 -0.042058490216732025
v -0.512058490216732 0.7880520683526993 0
v -0.5380520683526993 0.72 -0.042058490216732025
v -0.5380520683526993 0.72 0.042058490216732025
v -0.512058490216732 0.7880520683526993 0
v -0.47 0.762058490216732 0.06805206835269928
v -0.4019479316473007 0.72 0.042058490216732025
v -0.42794150978326795 0.7880520683526993 0
v -0.5380520683526993 0.72 0.042058490216732025
v -0.47 0.677941509783268 0.06805206835269928
v -0.47 0.762058490216732 0.06805206835269928
v -0.5380520683526993 0.72 -0.042058490216732025
v -0.512058490216732 0.6519479316473007 0
v -0.5380520683526993 0.72 0.042058490216732025
v -0.47 0.762058490216732 -0.06805206835269928
v -0.47 0.677941509783268 -0.06805206835269928
v -0.5380520683526993 0.72 -0.042058490216732025
v -0.42794150978326795 0.7880520683526993 0
v -0.4019479316473007 0.72 -0.042058490216732025
v -0.47 0.762058490216732 -0.06805206835269928
v -0.4019479316473007 0.72 0.042058490216732025
v -0.47 0.677941509783268 0.06805206835269928
v -0.42794150978326795 0.6519479316473007 0
v -0.47 0.677941509783268 0.06805206835269928
v -0.512058490216732 0.6519479316473007 0
v -0.42794150978326795 0.6519479316473007 0
v -0.512058490216732 0.6519479316473007 0
v -0.47 0.677941509783268 -0.06805206835269928
v -0.42794150978326795 0.6519479316473007 0
v -0.47 0.677941509783268 -0.06805206835269928
v -0.4019479316473007 0.72 -0.042058490216732025
v -0.42794150978326795 0.6519479316473007 0
v -0.4019479316473007 0.72 -0.042058490216732025
v -0.4019479316473007 0.72 0.042058490216732025
v -0.42794150978326795 0.6519479316473007 0
v -0.4019479316473007 0.72 0.042058490216732025
v -0.47 0.762058490216732 0.06805206835269928
v -0.47 0.677941509783268 0.06805206835269928
v -0.47 0.677941509783268 0.06805206835269928
v -0.5380520683526993 0.72 0.042058490216732025
v -0.512058490216732 0.6519479316473007 0
v -0.512058490216732 0.6519479316473007 0
v -0.5380520683526993 0.72 -0.042058490216732025
v -0.47 0.677941509783268 -0.06805206835269928
v -0.47 0.677941509783268 -0.06805206835269928
v -0.47 0.762058490216732 -0.06805206835269928
v -0.4019479316473007 0.72 -0.042058490216732025
v -0.4019479316473007 0.72 -0.042058490216732025
v -0.42794150978326795 0.7880520683526993 0
v -0.4019479316473007 0.72 0.042058490216732025
vt 0.5881040692329407 0.5
vt 0.75 0.6762081980705261
vt 0.5 0.8237918019294739
vt 0.75 0.6762081980705261
vt 1 0.8237918019294739
vt 0.5 0.8237918019294739
vt 0 0.8237918019294739
vt 0.25 0.6762081980705261
vt 0.5 0.8237918019294739
vt 0.25 0.6762081980705261
vt 0.41189590096473694 0.5
vt 0.5 0.8237918019294739
vt 0.41189590096473694 0.5
vt 0.5881040692329407 0.5
vt 0.5 0.8237918019294739
vt 0.75 0.6762081980705261
vt 0.9118959307670593 0.5
vt 1 0.8237918019294739
vt 0.5881040692329407 0.5
vt 0.75 0.3237918019294739
vt 0.75 0.6762081980705261
vt 0.41189590096473694 0.5
vt 0.5 0.17620819807052612
vt 0.5881040692329407 0.5
vt 0.25 0.6762081980705261
vt 0.25 0.3237918019294739
vt 0.41189590096473694 0.5
vt 0 0.8237918019294739
vt 0.08810409903526306 0.5
vt 0.25 0.6762081980705261
vt 0.9118959307670593 0.5
vt 0.75 0.3237918019294739
vt 1 0.17620819807052612
vt 0.75 0.3237918019294739
vt 0.5 0.17620819807052612
vt 1 0.17620819807052612
vt 0.5 0.17620819807052612
vt 0.25 0.3237918019294739
vt 0 0.17620819807052612
vt 0.25 0.3237918019294739
vt 0.08810409903526306 0.5
vt 0 0.17620819807052612
vt 1.0881041288375854 0.5
vt 0.9118959307670593 0.5
vt 1 0.17620819807052612
vt 0.9118959307670593 0.5
vt 0.75 0.6762081980705261
vt 0.75 0.3237918019294739
vt 0.75 0.3237918019294739
vt 0.5881040692329407 0.5
vt 0.5 0.17620819807052612
vt 0.5 0.17620819807052612
vt 0.41189590096473694 0.5
vt 0.25 0.3237918019294739
vt 0.25 0.3237918019294739
vt 0.25 0.6762081980705261
vt 0.08810409903526306 0.5
vt 1.0881041288375854 0.5
vt 1 0.8237918019294739
vt 0.9118959307670593 0.5
vn -0.5773502691896257 0.5773502691896257 0.5773502691896257
vn -0.5773502691896257 0.5773502691896257 0.5773502691896257
vn -0.5773502691896257 0.5773502691896257 0.5773502691896257
vn 0 0.9341723510700028 0.35682211043647993
vn 0 0.9341723510700028 0.35682211043647993
vn 0 0.9341723510700028 0.35682211043647993
vn 0 0.9341723510700028 -0.35682211043647993
vn 0 0.9341723510700028 -0.35682211043647993
vn 0 0.9341723510700028 -0.35682211043647993
vn -0.5773502691896257 0.5773502691896257 -0.5773502691896257
vn -0.5773502691896257 0.5773502691896257 -0.5773502691896257
vn -0.5773502691896257 0.5773502691896257 -0.5773502691896257
vn -0.9341723510700028 0.35682211043647993 0
vn -0.9341723510700028 0.35682211043647993 0
vn -0.9341723510700028 0.35682211043647993 0
vn 0.5773502691896257 0.5773502691896257 0.5773502691896257
vn 0.5773502691896257 0.5773502691896257 0.5773502691896257
vn 0.5773502691896257 0.5773502691896257 0.5773502691896257
vn -0.35682211043647993 0 0.9341723510700028
vn -0.35682211043647993 0 0.9341723510700028
vn -0.35682211043647993 0 0.9341723510700028
vn -0.9341723510700028 -0.35682211043647993 0
vn -0.9341723510700028 -0.35682211043647993 0
vn -0.9341723510700028 -0.35682211043647993 0
vn -0.35682211043647993 0 -0.9341723510700028
vn -0.35682211043647993 0 -0.9341723510700028
vn -0.35682211043647993 0 -0.9341723510700028
vn 0.5773502691896257 0.5773502691896257 -0.5773502691896257
vn 0.5773502691896257 0.5773502691896257 -0.5773502691896257
vn 0.5773502691896257 0.5773502691896257 -0.5773502691896257
vn 0.5773502691896257 -0.5773502691896257 0.5773502691896257
vn 0.5773502691896257 -0.5773502691896257 0.5773502691896257
vn 0.5773502691896257 -0.5773502691896257 0.5773502691896257
vn 0 -0.9341723510700028 0.35682211043647993
vn 0 -0.9341723510700028 0.35682211043647993
vn 0 -0.9341723510700028 0.35682211043647993
vn 0 -0.9341723510700028 -0.35682211043647993
vn 0 -0.9341723510700028 -0.35682211043647993
vn 0 -0.9341723510700028 -0.35682211043647993
vn 0.5773502691896257 -0.5773502691896257 -0.5773502691896257
vn 0.5773502691896257 -0.5773502691896257 -0.5773502691896257
vn 0.5773502691896257 -0.5773502691896257 -0.5773502691896257
vn 0.9341723510700028 -0.35682211043647993 0
vn 0.9341723510700028 -0.35682211043647993 0
vn 0.9341723510700028 -0.35682211043647993 0
vn 0.35682211043647993 0 0.9341723510700028
vn 0.35682211043647993 0 0.9341723510700028
vn 0.35682211043647993 0 0.9341723510700028
vn -0.5773502691896257 -0.5773502691896257 0.5773502691896257
vn -0.5773502691896257 -0.5773502691896257 0.5773502691896257
vn -0.5773502691896257 -0.5773502691896257 0.5773502691896257
vn -0.5773502691896257 -0.5773502691896257 -0.5773502691896257
vn -0.5773502691896257 -0.5773502691896257 -0.5773502691896257
vn -0.5773502691896257 -0.5773502691896257 -0.5773502691896257
vn 0.35682211043647993 0 -0.9341723510700028
vn 0.35682211043647993 0 -0.9341723510700028
vn 0.35682211043647993 0 -0.9341723510700028
vn 0.9341723510700028 0.35682211043647993 0
vn 0.9341723510700028 0.35682211043647993 0
vn 0.9341723510700028 0.35682211043647993 0
f 4640/4640/4640 4641/4641/4641 4642/4642/4642
f 4643/4643/4643 4644/4644/4644 4645/4645/4645
f 4646/4646/4646 4647/4647/4647 4648/4648/4648
f 4649/4649/4649 4650/4650/4650 4651/4651/4651
f 4652/4652/4652 4653/4653/4653 4654/4654/4654
f 4655/4655/4655 4656/4656/4656 4657/4657/4657
f 4658/4658/4658 4659/4659/4659 4660/4660/4660
f 4661/4661/4661 4662/4662/4662 4663/4663/4663
f 4664/4664/4664 4665/4665/4665 4666/4666/4666
f 4667/4667/4667 4668/4668/4668 4669/4669/4669
f 4670/4670/4670 4671/4671/4671 4672/4672/4672
f 4673/4673/4673 4674/4674/4674 4675/4675/4675
f 4676/4676/4676 4677/4677/4677 4678/4678/4678
f 4679/4679/4679 4680/4680/4680 4681/4681/4681
f 4682/4682/4682 4683/4683/4683 4684/4684/4684
f 4685/4685/4685 4686/4686/4686 4687/4687/4687
f 4688/4688/4688 4689/4689/4689 4690/4690/4690
f 4691/4691/4691 4692/4692/4692 4693/4693/4693
f 4694/4694/4694 4695/4695/4695 4696/4696/4696
f 4697/4697/4697 4698/4698/4698 4699/4699/4699
o gauntlet
usemtl steel
v -0.49999999966730324 0.660000002360859 0.14000000059604645
v -0.4019736186432572 0.6461859389870931 0.09899494796991348
v -0.3613697596073193 0.6404639662274916 8.57252763722393e-18
v -0.4019736186432572 0.6461859389870931 -0.09899494796991348
v -0.49999999966730324 0.660000002360859 -0.14000000059604645
v -0.5980263806913493 0.6738140657346248 -0.09899494796991348
v -0.6386302397272872 0.6795360384942262 -2.571758291167179e-17
v -0.5980263806913493 0.6738140657346248 0.09899494796991348
v -0.4999999996673033 0.660000002360859 0.14000000059604645
v -0.5865167314121233 0.04606607998730611 0.17000000178813934
v -0.46748469678451854 0.029291860102042044 0.12020815163850784
v -0.4181800102853308 0.02234375024826335 1.0409498081537804e-17
v -0.46748469678451854 0.029291860102042044 -0.12020815163850784
v -0.5865167314121233 0.04606607998730611 -0.17000000178813934
v -0.7055487660397282 0.06284029987257017 -0.12020815163850784
v -0.7548534525389158 0.06978840972634887 -3.12284934174328e-17
v -0.7055487660397282 0.06284029987257017 0.12020815163850784
v -0.5865167314121233 0.04606607998730611 0.17000000178813934
v -0.49999999966730324 0.660000002360859 0
v -0.49999999966730324 0.660000002360859 0
v -0.49999999966730324 0.660000002360859 0
v -0.49999999966730324 0.660000002360859 0
v -0.49999999966730324 0.660000002360859 0
v -0.49999999966730324 0.660000002360859 0
v -0.49999999966730324 0.660000002360859 0
v -0.49999999966730324 0.660000002360859 0
v -0.49999999966730324 0.660000002360859 0.14000000059604645
v -0.4019736186432572 0.6461859389870931 0.09899494796991348
v -0.3613697596073193 0.6404639662274916 8.57252763722393e-18
v -0.4019736186432572 0.6461859389870931 -0.09899494796991348
v -0.49999999966730324 0.660000002360859 -0.14000000059604645
v -0.5980263806913493 0.6738140657346248 -0.09899494796991348
v -0.6386302397272872 0.6795360384942262 -2.571758291167179e-17
v -0.5980263806913493 0.6738140657346248 0.09899494796991348
v -0.4999999996673033 0.660000002360859 0.14000000059604645
v -0.5865167314121233 0.04606607998730611 0
v -0.5865167314121233 0.04606607998730611 0
v -0.5865167314121233 0.04606607998730611 0
v -0.5865167314121233 0.04606607998730611 0
v -0.5865167314121233 0.04606607998730611 0
v -0.5865167314121233 0.04606607998730611 0
v -0.5865167314121233 0.04606607998730611 0
v -0.5865167314121233 0.04606607998730611 0
v -0.5865167314121233 0.04606607998730611 0.17000000178813934
v -0.46748469678451854 0.029291860102042044 0.12020815163850784
v -0.4181800102853308 0.02234375024826335 1.0409498081537804e-17
v -0.46748469678451854 0.029291860102042044 -0.12020815163850784
v -0.5865167314121233 0.04606607998730611 -0.17000000178813934
v -0.7055487660397282 0.06284029987257017 -0.12020815163850784
v -0.7548534525389158 0.06978840972634887 -3.12284934174328e-17
v -0.7055487660397282 0.06284029987257017 0.12020815163850784
v -0.5865167314121233 0.04606607998730611 0.17000000178813934
vt 0 1
vt 0.125 1
vt 0.25 1
vt 0.375 1
vt 0.5 1
vt 0.625 1
vt 0.75 1
vt 0.875 1
vt 1 1
vt 0 0
vt 0.125 0
vt 0.25 0
vt 0.375 0
vt 0.5 0
vt 0.625 0
vt 0.75 0
vt 0.875 0
vt 1 0
vt 0.5 0.5
vt 0.5 0.5
vt 0.5 0.5
vt 0.5 0.5
vt 0.5 0.5
vt 0.5 0.5
vt 0.5 0.5
vt 0.5 0.5
vt 1 0.5
vt 0.8535534143447876 0.8535534143447876
vt 0.5 1
vt 0.1464466154575348 0.8535534143447876
vt 0 0.5
vt 0.1464466154575348 0.1464466154575348
vt 0.5 0
vt 0.8535534143447876 0.1464466154575348
vt 1 0.5
vt 0.5 0.5
vt 0.5 0.5
vt 0.5 0.5
vt 0.5 0.5
vt 0.5 0.5
vt 0.5 0.5
vt 0.5 0.5
vt 0.5 0.5
vt 1 0.5
vt 0.8535534143447876 0.1464466154575348
vt 0.5 0
vt 0.1464466154575348 0.1464466154575348
vt 0 0.5
vt 0.1464466154575348 0.8535534143447876
vt 0.5 1
vt 0.8535534143447876 0.8535534143447876
vt 1 0.5
vn 0.006744195912301322 0.047857686787188804 0.9988313960007844
vn 0.7061143985127567 -0.05069888883530183 0.7062804534204762
vn 0.9958030217516771 -0.09152235721521146 6.116078186583064e-17
vn 0.7061143985127567 -0.05069888883530183 -0.7062804534204762
vn 0.006744195912301443 0.04785768678718879 -0.9988313960007844
vn -0.6926260070657835 0.1464142597299719 -0.7062804534204763
vn -0.9823146299270746 0.18723773078958908 -1.8348234559749195e-16
vn -0.6926260070657835 0.1464142597299719 0.7062804534204763
vn 0.00674419591230108 0.04785768678718884 0.9988313960007844
vn 0.006744195912301322 0.047857686787188804 0.9988313960007844
vn 0.7061143985127567 -0.05069888883530183 0.7062804534204762
vn 0.9958030217516771 -0.09152235721521146 6.116078186583064e-17
vn 0.7061143985127567 -0.05069888883530183 -0.7062804534204762
vn 0.006744195912301443 0.04785768678718879 -0.9988313960007844
vn -0.6926260070657835 0.1464142597299719 -0.7062804534204763
vn -0.9823146299270746 0.18723773078958908 -1.8348234559749195e-16
vn -0.6926260070657835 0.1464142597299719 0.7062804534204763
vn 0.00674419591230108 0.04785768678718884 0.9988313960007844
vn 0.1395431146442365 0.9902159962126371 0
vn 0.1395431146442365 0.9902159962126371 0
vn 0.1395431146442365 0.9902159962126371 0
vn 0.1395431146442365 0.9902159962126371 0
vn 0.1395431146442365 0.9902159962126371 0
vn 0.1395431146442365 0.9902159962126371 0
vn 0.1395431146442365 0.9902159962126371 0
vn 0.1395431146442365 0.9902159962126371 0
vn 0.1395431146442365 0.9902159962126371 0
vn 0.1395431146442365 0.9902159962126371 0
vn 0.1395431146442365 0.9902159962126371 0
vn 0.1395431146442365 0.9902159962126371 0
vn 0.1395431146442365 0.9902159962126371 0
vn 0.1395431146442365 0.9902159962126371 0
vn 0.1395431146442365 0.9902159962126371 0
vn 0.1395431146442365 0.9902159962126371 0
vn 0.1395431146442365 0.9902159962126371 0
vn -0.1395431146442365 -0.9902159962126371 0
vn -0.1395431146442365 -0.9902159962126371 0
vn -0.1395431146442365 -0.9902159962126371 0
vn -0.1395431146442365 -0.9902159962126371 0
vn -0.1395431146442365 -0.9902159962126371 0
vn -0.1395431146442365 -0.9902159962126371 0
vn -0.1395431146442365 -0.9902159962126371 0
vn -0.1395431146442365 -0.9902159962126371 0
vn -0.1395431146442365 -0.9902159962126371 0
vn -0.1395431146442365 -0.9902159962126371 0
vn -0.1395431146442365 -0.9902159962126371 0
vn -0.1395431146442365 -0.9902159962126371 0
vn -0.1395431146442365 -0.9902159962126371 0
vn -0.1395431146442365 -0.9902159962126371 0
vn -0.1395431146442365 -0.9902159962126371 0
vn -0.1395431146442365 -0.9902159962126371 0
vn -0.1395431146442365 -0.9902159962126371 0
f 4700/4700/4700 4709/4709/4709 4701/4701/4701
f 4709/4709/4709 4710/4710/4710 4701/4701/4701
f 4701/4701/4701 4710/4710/4710 4702/4702/4702
f 4710/4710/4710 4711/4711/4711 4702/4702/4702
f 4702/4702/4702 4711/4711/4711 4703/4703/4703
f 4711/4711/4711 4712/4712/4712 4703/4703/4703
f 4703/4703/4703 4712/4712/4712 4704/4704/4704
f 4712/4712/4712 4713/4713/4713 4704/4704/4704
f 4704/4704/4704 4713/4713/4713 4705/4705/4705
f 4713/4713/4713 4714/4714/4714 4705/4705/4705
f 4705/4705/4705 4714/4714/4714 4706/4706/4706
f 4714/4714/4714 4715/4715/4715 4706/4706/4706
f 4706/4706/4706 4715/4715/4715 4707/4707/4707
f 4715/4715/4715 4716/4716/4716 4707/4707/4707
f 4707/4707/4707 4716/4716/4716 4708/4708/4708
f 4716/4716/4716 4717/4717/4717 4708/4708/4708
f 4726/4726/4726 4727/4727/4727 4718/4718/4718
f 4727/4727/4727 4728/4728/4728 4719/4719/4719
f 4728/4728/4728 4729/4729/4729 4720/4720/4720
f 4729/4729/4729 4730/4730/4730 4721/4721/4721
f 4730/4730/4730 4731/4731/4731 4722/4722/4722
f 4731/4731/4731 4732/4732/4732 4723/4723/4723
f 4732/4732/4732 4733/4733/4733 4724/4724/4724
f 4733/4733/4733 4734/4734/4734 4725/4725/4725
f 4744/4744/4744 4743/4743/4743 4735/4735/4735
f 4745/4745/4745 4744/4744/4744 4736/4736/4736
f 4746/4746/4746 4745/4745/4745 4737/4737/4737
f 4747/4747/4747 4746/4746/4746 4738/4738/4738
f 4748/4748/4748 4747/4747/4747 4739/4739/4739
f 4749/4749/4749 4748/4748/4748 4740/4740/4740
f 4750/4750/4750 4749/4749/4749 4741/4741/4741
f 4751/4751/4751 4750/4750/4750 4742/4742/4742
o cuff_plate
usemtl navyD
v -0.5013954312400133 0.6500978393738821 0.18000000715255737
v -0.3753615096186609 0.6323369003048929 0.12727922201156616
v -0.3231565448391619 0.6249800777398293 1.102182101152202e-17
v -0.3753615096186609 0.6323369003048929 -0.12727922201156616
v -0.5013954312400133 0.6500978393738821 -0.18000000715255737
v -0.6274293528613657 0.6678587784428713 -0.12727922201156616
v -0.6796343176408647 0.6752156010079348 -3.306546303456606e-17
v -0.6274293528613657 0.6678587784428713 0.12727922201156616
v -0.5013954312400133 0.6500978393738821 0.18000000715255737
v -0.5097680179315256 0.590684880929107 0.17000000178813934
v -0.3907359833039208 0.5739106610438429 0.12020815163850784
v -0.3414312968047331 0.5669625511900642 1.0409498081537804e-17
v -0.3907359833039208 0.5739106610438429 -0.12020815163850784
v -0.5097680179315256 0.590684880929107 -0.17000000178813934
v -0.6288000525591304 0.607459100814371 -0.12020815163850784
v -0.6781047390583181 0.6144072106681497 -3.12284934174328e-17
v -0.6288000525591304 0.607459100814371 0.12020815163850784
v -0.5097680179315256 0.590684880929107 0.17000000178813934
v -0.5013954312400133 0.6500978393738821 0
v -0.5013954312400133 0.6500978393738821 0
v -0.5013954312400133 0.6500978393738821 0
v -0.5013954312400133 0.6500978393738821 0
v -0.5013954312400133 0.6500978393738821 0
v -0.5013954312400133 0.6500978393738821 0
v -0.5013954312400133 0.6500978393738821 0
v -0.5013954312400133 0.6500978393738821 0
v -0.5013954312400133 0.6500978393738821 0.18000000715255737
v -0.3753615096186609 0.6323369003048929 0.12727922201156616
v -0.3231565448391619 0.6249800777398293 1.102182101152202e-17
v -0.3753615096186609 0.6323369003048929 -0.12727922201156616
v -0.5013954312400133 0.6500978393738821 -0.18000000715255737
v -0.6274293528613657 0.6678587784428713 -0.12727922201156616
v -0.6796343176408647 0.6752156010079348 -3.306546303456606e-17
v -0.6274293528613657 0.6678587784428713 0.12727922201156616
v -0.5013954312400133 0.6500978393738821 0.18000000715255737
v -0.5097680179315256 0.590684880929107 0
v -0.5097680179315256 0.590684880929107 0
v -0.5097680179315256 0.590684880929107 0
v -0.5097680179315256 0.590684880929107 0
v -0.5097680179315256 0.590684880929107 0
v -0.5097680179315256 0.590684880929107 0
v -0.5097680179315256 0.590684880929107 0
v -0.5097680179315256 0.590684880929107 0
v -0.5097680179315256 0.590684880929107 0.17000000178813934
v -0.3907359833039208 0.5739106610438429 0.12020815163850784
v -0.3414312968047331 0.5669625511900642 1.0409498081537804e-17
v -0.3907359833039208 0.5739106610438429 -0.12020815163850784
v -0.5097680179315256 0.590684880929107 -0.17000000178813934
v -0.6288000525591304 0.607459100814371 -0.12020815163850784
v -0.6781047390583181 0.6144072106681497 -3.12284934174328e-17
v -0.6288000525591304 0.607459100814371 0.12020815163850784
v -0.5097680179315256 0.590684880929107 0.17000000178813934
vt 0 1
vt 0.125 1
vt 0.25 1
vt 0.375 1
vt 0.5 1
vt 0.625 1
vt 0.75 1
vt 0.875 1
vt 1 1
vt 0 0
vt 0.125 0
vt 0.25 0
vt 0.375 0
vt 0.5 0
vt 0.625 0
vt 0.75 0
vt 0.875 0
vt 1 0
vt 0.5 0.5
vt 0.5 0.5
vt 0.5 0.5
vt 0.5 0.5
vt 0.5 0.5
vt 0.5 0.5
vt 0.5 0.5
vt 0.5 0.5
vt 1 0.5
vt 0.8535534143447876 0.8535534143447876
vt 0.5 1
vt 0.1464466154575348 0.8535534143447876
vt 0 0.5
vt 0.1464466154575348 0.1464466154575348
vt 0.5 0
vt 0.8535534143447876 0.1464466154575348
vt 1 0.5
vt 0.5 0.5
vt 0.5 0.5
vt 0.5 0.5
vt 0.5 0.5
vt 0.5 0.5
vt 0.5 0.5
vt 0.5 0.5
vt 0.5 0.5
vt 1 0.5
vt 0.8535534143447876 0.1464466154575348
vt 0.5 0
vt 0.1464466154575348 0.1464466154575348
vt 0 0.5
vt 0.1464466154575348 0.8535534143447876
vt 0.5 1
vt 0.8535534143447876 0.8535534143447876
vt 1 0.5
vn -0.022940746058562635 -0.16279050220539829 0.986393924637612
vn 0.6677208811069413 -0.26011985474014765 0.6974858321885361
vn 0.9538022966845633 -0.3004349827154829 6.03992060780877e-17
vn 0.6677208811069413 -0.26011985474014765 -0.6974858321885361
vn -0.022940746058562517 -0.1627905022053983 -0.986393924637612
vn -0.7136023752226021 -0.06546116385251644 -0.6974858321885361
vn -0.9996837888016885 -0.025146021695313606 -1.811976182342631e-16
vn -0.7136023752226021 -0.06546116385251644 0.6974858321885361
vn -0.022940746058562875 -0.16279050220539826 0.986393924637612
vn -0.022940746058562635 -0.16279050220539829 0.986393924637612
vn 0.6677208811069413 -0.26011985474014765 0.6974858321885361
vn 0.9538022966845633 -0.3004349827154829 6.03992060780877e-17
vn 0.6677208811069413 -0.26011985474014765 -0.6974858321885361
vn -0.022940746058562517 -0.1627905022053983 -0.986393924637612
vn -0.7136023752226021 -0.06546116385251644 -0.6974858321885361
vn -0.9996837888016885 -0.025146021695313606 -1.811976182342631e-16
vn -0.7136023752226021 -0.06546116385251644 0.6974858321885361
vn -0.022940746058562875 -0.16279050220539826 0.986393924637612
vn 0.1395431146442365 0.9902159962126371 0
vn 0.1395431146442365 0.9902159962126371 0
vn 0.1395431146442365 0.9902159962126371 0
vn 0.1395431146442365 0.9902159962126371 0
vn 0.1395431146442365 0.9902159962126371 0
vn 0.1395431146442365 0.9902159962126371 0
vn 0.1395431146442365 0.9902159962126371 0
vn 0.1395431146442365 0.9902159962126371 0
vn 0.1395431146442365 0.9902159962126371 0
vn 0.1395431146442365 0.9902159962126371 0
vn 0.1395431146442365 0.9902159962126371 0
vn 0.1395431146442365 0.9902159962126371 0
vn 0.1395431146442365 0.9902159962126371 0
vn 0.1395431146442365 0.9902159962126371 0
vn 0.1395431146442365 0.9902159962126371 0
vn 0.1395431146442365 0.9902159962126371 0
vn 0.1395431146442365 0.9902159962126371 0
vn -0.1395431146442365 -0.9902159962126371 0
vn -0.1395431146442365 -0.9902159962126371 0
vn -0.1395431146442365 -0.9902159962126371 0
vn -0.1395431146442365 -0.9902159962126371 0
vn -0.1395431146442365 -0.9902159962126371 0
vn -0.1395431146442365 -0.9902159962126371 0
vn -0.1395431146442365 -0.9902159962126371 0
vn -0.1395431146442365 -0.9902159962126371 0
vn -0.1395431146442365 -0.9902159962126371 0
vn -0.1395431146442365 -0.9902159962126371 0
vn -0.1395431146442365 -0.9902159962126371 0
vn -0.1395431146442365 -0.9902159962126371 0
vn -0.1395431146442365 -0.9902159962126371 0
vn -0.1395431146442365 -0.9902159962126371 0
vn -0.1395431146442365 -0.9902159962126371 0
vn -0.1395431146442365 -0.9902159962126371 0
vn -0.1395431146442365 -0.9902159962126371 0
f 4752/4752/4752 4761/4761/4761 4753/4753/4753
f 4761/4761/4761 4762/4762/4762 4753/4753/4753
f 4753/4753/4753 4762/4762/4762 4754/4754/4754
f 4762/4762/4762 4763/4763/4763 4754/4754/4754
f 4754/4754/4754 4763/4763/4763 4755/4755/4755
f 4763/4763/4763 4764/4764/4764 4755/4755/4755
f 4755/4755/4755 4764/4764/4764 4756/4756/4756
f 4764/4764/4764 4765/4765/4765 4756/4756/4756
f 4756/4756/4756 4765/4765/4765 4757/4757/4757
f 4765/4765/4765 4766/4766/4766 4757/4757/4757
f 4757/4757/4757 4766/4766/4766 4758/4758/4758
f 4766/4766/4766 4767/4767/4767 4758/4758/4758
f 4758/4758/4758 4767/4767/4767 4759/4759/4759
f 4767/4767/4767 4768/4768/4768 4759/4759/4759
f 4759/4759/4759 4768/4768/4768 4760/4760/4760
f 4768/4768/4768 4769/4769/4769 4760/4760/4760
f 4778/4778/4778 4779/4779/4779 4770/4770/4770
f 4779/4779/4779 4780/4780/4780 4771/4771/4771
f 4780/4780/4780 4781/4781/4781 4772/4772/4772
f 4781/4781/4781 4782/4782/4782 4773/4773/4773
f 4782/4782/4782 4783/4783/4783 4774/4774/4774
f 4783/4783/4783 4784/4784/4784 4775/4775/4775
f 4784/4784/4784 4785/4785/4785 4776/4776/4776
f 4785/4785/4785 4786/4786/4786 4777/4777/4777
f 4796/4796/4796 4795/4795/4795 4787/4787/4787
f 4797/4797/4797 4796/4796/4796 4788/4788/4788
f 4798/4798/4798 4797/4797/4797 4789/4789/4789
f 4799/4799/4799 4798/4798/4798 4790/4790/4790
f 4800/4800/4800 4799/4799/4799 4791/4791/4791
f 4801/4801/4801 4800/4800/4800 4792/4792/4792
f 4802/4802/4802 4801/4801/4801 4793/4793/4793
f 4803/4803/4803 4802/4802/4802 4794/4794/4794
o cuff_plate
usemtl navyD
v -0.5111634492651098 0.5807827196389975 0.17499999701976776
v -0.38863047482947327 0.5635151406817095 0.1237436830997467
v -0.3378756528789719 0.556362674992127 1.0715659132939606e-17
v -0.38863047482947327 0.5635151406817095 -0.1237436830997467
v -0.5111634492651098 0.5807827196389975 -0.17499999701976776
v -0.6336964237007464 0.5980502985962856 -0.1237436830997467
v -0.6844512456512477 0.6052027642858681 -3.214697822599943e-17
v -0.6336964237007464 0.5980502985962856 0.1237436830997467
v -0.5111634492651098 0.5807827196389975 0.17499999701976776
v -0.5195360359566221 0.5213697611942224 0.17000000178813934
v -0.4005040013290173 0.5045955413089583 0.12020815163850784
v -0.35119931482982963 0.4976474314551797 1.0409498081537804e-17
v -0.4005040013290173 0.5045955413089583 -0.12020815163850784
v -0.5195360359566221 0.5213697611942224 -0.17000000178813934
v -0.6385680705842269 0.5381439810794865 -0.12020815163850784
v -0.6878727570834147 0.5450920909332652 -3.12284934174328e-17
v -0.6385680705842269 0.5381439810794865 0.12020815163850784
v -0.5195360359566221 0.5213697611942224 0.17000000178813934
v -0.5111634492651098 0.5807827196389975 0
v -0.5111634492651098 0.5807827196389975 0
v -0.5111634492651098 0.5807827196389975 0
v -0.5111634492651098 0.5807827196389975 0
v -0.5111634492651098 0.5807827196389975 0
v -0.5111634492651098 0.5807827196389975 0
v -0.5111634492651098 0.5807827196389975 0
v -0.5111634492651098 0.5807827196389975 0
v -0.5111634492651098 0.5807827196389975 0.17499999701976776
v -0.38863047482947327 0.5635151406817095 0.1237436830997467
v -0.3378756528789719 0.556362674992127 1.0715659132939606e-17
v -0.38863047482947327 0.5635151406817095 -0.1237436830997467
v -0.5111634492651098 0.5807827196389975 -0.17499999701976776
v -0.6336964237007464 0.5980502985962856 -0.1237436830997467
v -0.6844512456512477 0.6052027642858681 -3.214697822599943e-17
v -0.6336964237007464 0.5980502985962856 0.1237436830997467
v -0.5111634492651098 0.5807827196389975 0.17499999701976776
v -0.5195360359566221 0.5213697611942224 0
v -0.5195360359566221 0.5213697611942224 0
v -0.5195360359566221 0.5213697611942224 0
v -0.5195360359566221 0.5213697611942224 0
v -0.5195360359566221 0.5213697611942224 0
v -0.5195360359566221 0.5213697611942224 0
v -0.5195360359566221 0.5213697611942224 0
v -0.5195360359566221 0.5213697611942224 0
v -0.5195360359566221 0.5213697611942224 0.17000000178813934
v -0.4005040013290173 0.5045955413089583 0.12020815163850784
v -0.35119931482982963 0.4976474314551797 1.0409498081537804e-17
v -0.4005040013290173 0.5045955413089583 -0.12020815163850784
v -0.5195360359566221 0.5213697611942224 -0.17000000178813934
v -0.6385680705842269 0.5381439810794865 -0.12020815163850784
v -0.6878727570834147 0.5450920909332652 -3.12284934174328e-17
v -0.6385680705842269 0.5381439810794865 0.12020815163850784
v -0.5195360359566221 0.5213697611942224 0.17000000178813934
vt 0 1
vt 0.125 1
vt 0.25 1
vt 0.375 1
vt 0.5 1
vt 0.625 1
vt 0.75 1
vt 0.875 1
vt 1 1
vt 0 0
vt 0.125 0
vt 0.25 0
vt 0.375 0
vt 0.5 0
vt 0.625 0
vt 0.75 0
vt 0.875 0
vt 1 0
vt 0.5 0.5
vt 0.5 0.5
vt 0.5 0.5
vt 0.5 0.5
vt 0.5 0.5
vt 0.5 0.5
vt 0.5 0.5
vt 0.5 0.5
vt 1 0.5
vt 0.8535534143447876 0.8535534143447876
vt 0.5 1
vt 0.1464466154575348 0.8535534143447876
vt 0 0.5
vt 0.1464466154575348 0.1464466154575348
vt 0.5 0
vt 0.8535534143447876 0.1464466154575348
vt 1 0.5
vt 0.5 0.5
vt 0.5 0.5
vt 0.5 0.5
vt 0.5 0.5
vt 0.5 0.5
vt 0.5 0.5
vt 0.5 0.5
vt 0.5 0.5
vt 1 0.5
vt 0.8535534143447876 0.1464466154575348
vt 0.5 0
vt 0.1464466154575348 0.1464466154575348
vt 0 0.5
vt 0.1464466154575348 0.8535534143447876
vt 0.5 1
vt 0.8535534143447876 0.8535534143447876
vt 1 0.5
vn -0.011588425604254113 -0.08223296744886344 0.9965457578338132
vn 0.686181400747485 -0.1805640083234017 0.7046642634378488
vn 0.9752071247606328 -0.22129406638249477 6.102083081846481e-17
vn 0.686181400747485 -0.1805640083234017 -0.7046642634378488
vn -0.011588425604253992 -0.08223296744886345 -0.9965457578338132
vn -0.7093582504836227 0.01609808387380679 -0.7046642634378488
vn -0.9983839759691409 0.056828131484767924 -1.8306248583794936e-16
vn -0.7093582504836227 0.01609808387380679 0.7046642634378488
vn -0.011588425604254354 -0.08223296744886341 0.9965457578338132
vn -0.011588425604254113 -0.08223296744886344 0.9965457578338132
vn 0.686181400747485 -0.1805640083234017 0.7046642634378488
vn 0.9752071247606328 -0.22129406638249477 6.102083081846481e-17
vn 0.686181400747485 -0.1805640083234017 -0.7046642634378488
vn -0.011588425604253992 -0.08223296744886345 -0.9965457578338132
vn -0.7093582504836227 0.01609808387380679 -0.7046642634378488
vn -0.9983839759691409 0.056828131484767924 -1.8306248583794936e-16
vn -0.7093582504836227 0.01609808387380679 0.7046642634378488
vn -0.011588425604254354 -0.08223296744886341 0.9965457578338132
vn 0.1395431146442365 0.9902159962126371 0
vn 0.1395431146442365 0.9902159962126371 0
vn 0.1395431146442365 0.9902159962126371 0
vn 0.1395431146442365 0.9902159962126371 0
vn 0.1395431146442365 0.9902159962126371 0
vn 0.1395431146442365 0.9902159962126371 0
vn 0.1395431146442365 0.9902159962126371 0
vn 0.1395431146442365 0.9902159962126371 0
vn 0.1395431146442365 0.9902159962126371 0
vn 0.1395431146442365 0.9902159962126371 0
vn 0.1395431146442365 0.9902159962126371 0
vn 0.1395431146442365 0.9902159962126371 0
vn 0.1395431146442365 0.9902159962126371 0
vn 0.1395431146442365 0.9902159962126371 0
vn 0.1395431146442365 0.9902159962126371 0
vn 0.1395431146442365 0.9902159962126371 0
vn 0.1395431146442365 0.9902159962126371 0
vn -0.1395431146442365 -0.9902159962126371 0
vn -0.1395431146442365 -0.9902159962126371 0
vn -0.1395431146442365 -0.9902159962126371 0
vn -0.1395431146442365 -0.9902159962126371 0
vn -0.1395431146442365 -0.9902159962126371 0
vn -0.1395431146442365 -0.9902159962126371 0
vn -0.1395431146442365 -0.9902159962126371 0
vn -0.1395431146442365 -0.9902159962126371 0
vn -0.1395431146442365 -0.9902159962126371 0
vn -0.1395431146442365 -0.9902159962126371 0
vn -0.1395431146442365 -0.9902159962126371 0
vn -0.1395431146442365 -0.9902159962126371 0
vn -0.1395431146442365 -0.9902159962126371 0
vn -0.1395431146442365 -0.9902159962126371 0
vn -0.1395431146442365 -0.9902159962126371 0
vn -0.1395431146442365 -0.9902159962126371 0
vn -0.1395431146442365 -0.9902159962126371 0
f 4804/4804/4804 4813/4813/4813 4805/4805/4805
f 4813/4813/4813 4814/4814/4814 4805/4805/4805
f 4805/4805/4805 4814/4814/4814 4806/4806/4806
f 4814/4814/4814 4815/4815/4815 4806/4806/4806
f 4806/4806/4806 4815/4815/4815 4807/4807/4807
f 4815/4815/4815 4816/4816/4816 4807/4807/4807
f 4807/4807/4807 4816/4816/4816 4808/4808/4808
f 4816/4816/4816 4817/4817/4817 4808/4808/4808
f 4808/4808/4808 4817/4817/4817 4809/4809/4809
f 4817/4817/4817 4818/4818/4818 4809/4809/4809
f 4809/4809/4809 4818/4818/4818 4810/4810/4810
f 4818/4818/4818 4819/4819/4819 4810/4810/4810
f 4810/4810/4810 4819/4819/4819 4811/4811/4811
f 4819/4819/4819 4820/4820/4820 4811/4811/4811
f 4811/4811/4811 4820/4820/4820 4812/4812/4812
f 4820/4820/4820 4821/4821/4821 4812/4812/4812
f 4830/4830/4830 4831/4831/4831 4822/4822/4822
f 4831/4831/4831 4832/4832/4832 4823/4823/4823
f 4832/4832/4832 4833/4833/4833 4824/4824/4824
f 4833/4833/4833 4834/4834/4834 4825/4825/4825
f 4834/4834/4834 4835/4835/4835 4826/4826/4826
f 4835/4835/4835 4836/4836/4836 4827/4827/4827
f 4836/4836/4836 4837/4837/4837 4828/4828/4828
f 4837/4837/4837 4838/4838/4838 4829/4829/4829
f 4848/4848/4848 4847/4847/4847 4839/4839/4839
f 4849/4849/4849 4848/4848/4848 4840/4840/4840
f 4850/4850/4850 4849/4849/4849 4841/4841/4841
f 4851/4851/4851 4850/4850/4850 4842/4842/4842
f 4852/4852/4852 4851/4851/4851 4843/4843/4843
f 4853/4853/4853 4852/4852/4852 4844/4844/4844
f 4854/4854/4854 4853/4853/4853 4845/4845/4845
f 4855/4855/4855 4854/4854/4854 4846/4846/4846
o hand_plate
usemtl black
v -0.4711944958274559 0.004458330743255948 0.12199625346383587
v -0.46840828260504325 0.024229660261921755 -0.07700458255711277
v -0.47813679494624844 -0.04480512202865188 0.11700458255711278
v -0.4753505817238358 -0.025033792509986073 -0.08199625346383586
v -0.7060601163841436 0.057720007027970914 -0.07700458255711277
v -0.7088463296065562 0.037948677509305105 0.12199625346383587
v -0.7130024155029362 0.008456554256063084 -0.08199625346383586
v -0.7157886287253488 -0.011314775262602723 0.11700458255711278
v -0.7060601163841436 0.057720007027970914 -0.07700458255711277
v -0.46840828260504325 0.024229660261921755 -0.07700458255711277
v -0.7088463296065562 0.037948677509305105 0.12199625346383587
v -0.4711944958274559 0.004458330743255948 0.12199625346383587
v -0.7157886287253488 -0.011314775262602723 0.11700458255711278
v -0.47813679494624844 -0.04480512202865188 0.11700458255711278
v -0.7130024155029362 0.008456554256063084 -0.08199625346383586
v -0.4753505817238358 -0.025033792509986073 -0.08199625346383586
v -0.7088463296065562 0.037948677509305105 0.12199625346383587
v -0.4711944958274559 0.004458330743255948 0.12199625346383587
v -0.7157886287253488 -0.011314775262602723 0.11700458255711278
v -0.47813679494624844 -0.04480512202865188 0.11700458255711278
v -0.46840828260504325 0.024229660261921755 -0.07700458255711277
v -0.7060601163841436 0.057720007027970914 -0.07700458255711277
v -0.4753505817238358 -0.025033792509986073 -0.08199625346383586
v -0.7130024155029362 0.008456554256063084 -0.08199625346383586
vt 0 1
vt 1 1
vt 0 0
vt 1 0
vt 0 1
vt 1 1
vt 0 0
vt 1 0
vt 0 1
vt 1 1
vt 0 0
vt 1 0
vt 0 1
vt 1 1
vt 0 0
vt 1 0
vt 0 1
vt 1 1
vt 0 0
vt 1 0
vt 0 1
vt 1 1
vt 0 0
vt 1 0
vn 0.9902159962126372 -0.13954311464423652 1.734723475976807e-18
vn 0.9902159962126372 -0.13954311464423652 1.734723475976807e-18
vn 0.9902159962126372 -0.13954311464423652 1.734723475976807e-18
vn 0.9902159962126372 -0.13954311464423652 1.734723475976807e-18
vn -0.9902159962126372 0.13954311464423652 -1.734723475976807e-18
vn -0.9902159962126372 0.13954311464423652 -1.734723475976807e-18
vn -0.9902159962126372 0.13954311464423652 -1.734723475976807e-18
vn -0.9902159962126372 0.13954311464423652 -1.734723475976807e-18
vn 0.1388459803068844 0.9852690407565038 0.09983341664682814
vn 0.1388459803068844 0.9852690407565038 0.09983341664682814
vn 0.1388459803068844 0.9852690407565038 0.09983341664682814
vn 0.1388459803068844 0.9852690407565038 0.09983341664682814
vn -0.1388459803068844 -0.9852690407565038 -0.09983341664682814
vn -0.1388459803068844 -0.9852690407565038 -0.09983341664682814
vn -0.1388459803068844 -0.9852690407565038 -0.09983341664682814
vn -0.1388459803068844 -0.9852690407565038 -0.09983341664682814
vn -0.013931065904474169 -0.0988566461202502 0.9950041652780258
vn -0.013931065904474169 -0.0988566461202502 0.9950041652780258
vn -0.013931065904474169 -0.0988566461202502 0.9950041652780258
vn -0.013931065904474169 -0.0988566461202502 0.9950041652780258
vn 0.013931065904474169 0.0988566461202502 -0.9950041652780258
vn 0.013931065904474169 0.0988566461202502 -0.9950041652780258
vn 0.013931065904474169 0.0988566461202502 -0.9950041652780258
vn 0.013931065904474169 0.0988566461202502 -0.9950041652780258
f 4856/4856/4856 4858/4858/4858 4857/4857/4857
f 4858/4858/4858 4859/4859/4859 4857/4857/4857
f 4860/4860/4860 4862/4862/4862 4861/4861/4861
f 4862/4862/4862 4863/4863/4863 4861/4861/4861
f 4864/4864/4864 4866/4866/4866 4865/4865/4865
f 4866/4866/4866 4867/4867/4867 4865/4865/4865
f 4868/4868/4868 4870/4870/4870 4869/4869/4869
f 4870/4870/4870 4871/4871/4871 4869/4869/4869
f 4872/4872/4872 4874/4874/4874 4873/4873/4873
f 4874/4874/4874 4875/4875/4875 4873/4873/4873
f 4876/4876/4876 4878/4878/4878 4877/4877/4877
f 4878/4878/4878 4879/4879/4879 4877/4877/4877
o hand_plate
usemtl black
v -0.4794277720761278 -0.05396606277453081 0.11204621388679606
v -0.4769201801136797 -0.03617186576580794 -0.06705454298007296
v -0.4863700711949203 -0.10322951554643864 0.10705454298007297
v -0.4838624792324722 -0.08543531853771577 -0.07204621388679605
v -0.71457201389278 -0.0026815189997587835 -0.06705454298007296
v -0.7170796058552281 -0.02047571600848165 0.11204621388679606
v -0.7215143130115726 -0.05194497177166661 -0.07204621388679605
v -0.7240219049740207 -0.06973916878038948 0.10705454298007297
v -0.71457201389278 -0.0026815189997587835 -0.06705454298007296
v -0.4769201801136797 -0.03617186576580794 -0.06705454298007296
v -0.7170796058552281 -0.02047571600848165 0.11204621388679606
v -0.4794277720761278 -0.05396606277453081 0.11204621388679606
v -0.7240219049740207 -0.06973916878038948 0.10705454298007297
v -0.4863700711949203 -0.10322951554643864 0.10705454298007297
v -0.7215143130115726 -0.05194497177166661 -0.07204621388679605
v -0.4838624792324722 -0.08543531853771577 -0.07204621388679605
v -0.7170796058552281 -0.02047571600848165 0.11204621388679606
v -0.4794277720761278 -0.05396606277453081 0.11204621388679606
v -0.7240219049740207 -0.06973916878038948 0.10705454298007297
v -0.4863700711949203 -0.10322951554643864 0.10705454298007297
v -0.4769201801136797 -0.03617186576580794 -0.06705454298007296
v -0.71457201389278 -0.0026815189997587835 -0.06705454298007296
v -0.4838624792324722 -0.08543531853771577 -0.07204621388679605
v -0.7215143130115726 -0.05194497177166661 -0.07204621388679605
vt 0 1
vt 1 1
vt 0 0
vt 1 0
vt 0 1
vt 1 1
vt 0 0
vt 1 0
vt 0 1
vt 1 1
vt 0 0
vt 1 0
vt 0 1
vt 1 1
vt 0 0
vt 1 0
vt 0 1
vt 1 1
vt 0 0
vt 1 0
vt 0 1
vt 1 1
vt 0 0
vt 1 0
vn 0.9902159962126372 -0.13954311464423652 1.734723475976807e-18
vn 0.9902159962126372 -0.13954311464423652 1.734723475976807e-18
vn 0.9902159962126372 -0.13954311464423652 1.734723475976807e-18
vn 0.9902159962126372 -0.13954311464423652 1.734723475976807e-18
vn -0.9902159962126372 0.13954311464423652 -1.734723475976807e-18
vn -0.9902159962126372 0.13954311464423652 -1.734723475976807e-18
vn -0.9902159962126372 0.13954311464423652 -1.734723475976807e-18
vn -0.9902159962126372 0.13954311464423652 -1.734723475976807e-18
vn 0.1388459803068844 0.9852690407565038 0.09983341664682814
vn 0.1388459803068844 0.9852690407565038 0.09983341664682814
vn 0.1388459803068844 0.9852690407565038 0.09983341664682814
vn 0.1388459803068844 0.9852690407565038 0.09983341664682814
vn -0.1388459803068844 -0.9852690407565038 -0.09983341664682814
vn -0.1388459803068844 -0.9852690407565038 -0.09983341664682814
vn -0.1388459803068844 -0.9852690407565038 -0.09983341664682814
vn -0.1388459803068844 -0.9852690407565038 -0.09983341664682814
vn -0.013931065904474169 -0.0988566461202502 0.9950041652780258
vn -0.013931065904474169 -0.0988566461202502 0.9950041652780258
vn -0.013931065904474169 -0.0988566461202502 0.9950041652780258
vn -0.013931065904474169 -0.0988566461202502 0.9950041652780258
vn 0.013931065904474169 0.0988566461202502 -0.9950041652780258
vn 0.013931065904474169 0.0988566461202502 -0.9950041652780258
vn 0.013931065904474169 0.0988566461202502 -0.9950041652780258
vn 0.013931065904474169 0.0988566461202502 -0.9950041652780258
f 4880/4880/4880 4882/4882/4882 4881/4881/4881
f 4882/4882/4882 4883/4883/4883 4881/4881/4881
f 4884/4884/4884 4886/4886/4886 4885/4885/4885
f 4886/4886/4886 4887/4887/4887 4885/4885/4885
f 4888/4888/4888 4890/4890/4890 4889/4889/4889
f 4890/4890/4890 4891/4891/4891 4889/4889/4889
f 4892/4892/4892 4894/4894/4894 4893/4893/4893
f 4894/4894/4894 4895/4895/4895 4893/4893/4893
f 4896/4896/4896 4898/4898/4898 4897/4897/4897
f 4898/4898/4898 4899/4899/4899 4897/4897/4897
f 4900/4900/4900 4902/4902/4902 4901/4901/4901
f 4902/4902/4902 4903/4903/4903 4901/4901/4901
o hand_plate
usemtl black
v -0.48766104822100514 -0.11239045555577816 0.10209616689639751
v -0.48543207772611063 -0.09657339253007705 -0.05710449598967442
v -0.4946033473397977 -0.161653908327686 0.09710449598967442
v -0.4923743768449032 -0.14583684530198487 -0.062096166896397506
v -0.723083911505211 -0.06308304576402789 -0.05710449598967442
v -0.7253128820001056 -0.078900108789729 0.10209616689639751
v -0.7300262106240036 -0.11234649853593572 -0.062096166896397506
v -0.7322551811188981 -0.12816356156163683 0.09710449598967442
v -0.723083911505211 -0.06308304576402789 -0.05710449598967442
v -0.48543207772611063 -0.09657339253007705 -0.05710449598967442
v -0.7253128820001056 -0.078900108789729 0.10209616689639751
v -0.48766104822100514 -0.11239045555577816 0.10209616689639751
v -0.7322551811188981 -0.12816356156163683 0.09710449598967442
v -0.4946033473397977 -0.161653908327686 0.09710449598967442
v -0.7300262106240036 -0.11234649853593572 -0.062096166896397506
v -0.4923743768449032 -0.14583684530198487 -0.062096166896397506
v -0.7253128820001056 -0.078900108789729 0.10209616689639751
v -0.48766104822100514 -0.11239045555577816 0.10209616689639751
v -0.7322551811188981 -0.12816356156163683 0.09710449598967442
v -0.4946033473397977 -0.161653908327686 0.09710449598967442
v -0.48543207772611063 -0.09657339253007705 -0.05710449598967442
v -0.723083911505211 -0.06308304576402789 -0.05710449598967442
v -0.4923743768449032 -0.14583684530198487 -0.062096166896397506
v -0.7300262106240036 -0.11234649853593572 -0.062096166896397506
vt 0 1
vt 1 1
vt 0 0
vt 1 0
vt 0 1
vt 1 1
vt 0 0
vt 1 0
vt 0 1
vt 1 1
vt 0 0
vt 1 0
vt 0 1
vt 1 1
vt 0 0
vt 1 0
vt 0 1
vt 1 1
vt 0 0
vt 1 0
vt 0 1
vt 1 1
vt 0 0
vt 1 0
vn 0.9902159962126372 -0.13954311464423652 1.734723475976807e-18
vn 0.9902159962126372 -0.13954311464423652 1.734723475976807e-18
vn 0.9902159962126372 -0.13954311464423652 1.734723475976807e-18
vn 0.9902159962126372 -0.13954311464423652 1.734723475976807e-18
vn -0.9902159962126372 0.13954311464423652 -1.734723475976807e-18
vn -0.9902159962126372 0.13954311464423652 -1.734723475976807e-18
vn -0.9902159962126372 0.13954311464423652 -1.734723475976807e-18
vn -0.9902159962126372 0.13954311464423652 -1.734723475976807e-18
vn 0.1388459803068844 0.9852690407565038 0.09983341664682814
vn 0.1388459803068844 0.9852690407565038 0.09983341664682814
vn 0.1388459803068844 0.9852690407565038 0.09983341664682814
vn 0.1388459803068844 0.9852690407565038 0.09983341664682814
vn -0.1388459803068844 -0.9852690407565038 -0.09983341664682814
vn -0.1388459803068844 -0.9852690407565038 -0.09983341664682814
vn -0.1388459803068844 -0.9852690407565038 -0.09983341664682814
vn -0.1388459803068844 -0.9852690407565038 -0.09983341664682814
vn -0.013931065904474169 -0.0988566461202502 0.9950041652780258
vn -0.013931065904474169 -0.0988566461202502 0.9950041652780258
vn -0.013931065904474169 -0.0988566461202502 0.9950041652780258
vn -0.013931065904474169 -0.0988566461202502 0.9950041652780258
vn 0.013931065904474169 0.0988566461202502 -0.9950041652780258
vn 0.013931065904474169 0.0988566461202502 -0.9950041652780258
vn 0.013931065904474169 0.0988566461202502 -0.9950041652780258
vn 0.013931065904474169 0.0988566461202502 -0.9950041652780258
f 4904/4904/4904 4906/4906/4906 4905/4905/4905
f 4906/4906/4906 4907/4907/4907 4905/4905/4905
f 4908/4908/4908 4910/4910/4910 4909/4909/4909
f 4910/4910/4910 4911/4911/4911 4909/4909/4909
f 4912/4912/4912 4914/4914/4914 4913/4913/4913
f 4914/4914/4914 4915/4915/4915 4913/4913/4913
f 4916/4916/4916 4918/4918/4918 4917/4917/4917
f 4918/4918/4918 4919/4919/4919 4917/4917/4917
f 4920/4920/4920 4922/4922/4922 4921/4921/4921
f 4922/4922/4922 4923/4923/4923 4921/4921/4921
f 4924/4924/4924 4926/4926/4926 4925/4925/4925
f 4926/4926/4926 4927/4927/4927 4925/4925/4925
o shoulder_pad
usemtl navyD
v 0.2662867736816406 1.000749998986721 0.06458455026149751
v 0.3612867724895477 1.0506562423706054 0.10449999868869782
v 0.320111086666584 1.0573801082372665 0
v 0.2662867736816406 1.000749998986721 0.06458455026149751
v 0.3250000011920929 0.9699062433838844 0.1690845489501953
v 0.3612867724895477 1.0506562423706054 0.10449999868869782
v 0.25837634325027464 0.92 0.10987780466675759
v 0.3250000011920929 0.9699062433838844 0.1690845489501953
v 0.2662867736816406 1.000749998986721 0.06458455026149751
v 0.3250000011920929 0.9699062433838844 0.1690845489501953
v 0.42 1.0049055763334036 0.1777860224246979
v 0.3612867724895477 1.0506562423706054 0.10449999868869782
v 0.3612867724895477 1.0506562423706054 0.10449999868869782
v 0.42 1.081499997973442 0
v 0.320111086666584 1.0573801082372665 0
v 0.3612867724895477 1.0506562423706054 0.10449999868869782
v 0.47871322751045225 1.0506562423706054 0.10449999868869782
v 0.42 1.081499997973442 0
v 0.42 1.0049055763334036 0.1777860224246979
v 0.47871322751045225 1.0506562423706054 0.10449999868869782
v 0.3612867724895477 1.0506562423706054 0.10449999868869782
v 0.47871322751045225 1.0506562423706054 0.10449999868869782
v 0.5198889133334159 1.0573801082372665 0
v 0.42 1.081499997973442 0
v 0.42 1.081499997973442 0
v 0.3612867724895477 1.0506562423706054 -0.10449999868869782
v 0.320111086666584 1.0573801082372665 0
v 0.42 1.081499997973442 0
v 0.47871322751045225 1.0506562423706054 -0.10449999868869782
v 0.3612867724895477 1.0506562423706054 -0.10449999868869782
v 0.5198889133334159 1.0573801082372665 0
v 0.47871322751045225 1.0506562423706054 -0.10449999868869782
v 0.42 1.081499997973442 0
v 0.47871322751045225 1.0506562423706054 -0.10449999868869782
v 0.42 1.0049055763334036 -0.1777860224246979
v 0.3612867724895477 1.0506562423706054 -0.10449999868869782
v 0.3612867724895477 1.0506562423706054 -0.10449999868869782
v 0.2662867736816406 1.000749998986721 -0.06458455026149751
v 0.320111086666584 1.0573801082372665 0
v 0.3612867724895477 1.0506562423706054 -0.10449999868869782
v 0.3250000011920929 0.9699062433838844 -0.1690845489501953
v 0.2662867736816406 1.000749998986721 -0.06458455026149751
v 0.42 1.0049055763334036 -0.1777860224246979
v 0.3250000011920929 0.9699062433838844 -0.1690845489501953
v 0.3612867724895477 1.0506562423706054 -0.10449999868869782
v 0.3250000011920929 0.9699062433838844 -0.1690845489501953
v 0.25837634325027464 0.92 -0.10987780466675759
v 0.2662867736816406 1.000749998986721 -0.06458455026149751
v 0.2662867736816406 1.000749998986721 -0.06458455026149751
v 0.2662867736816406 1.000749998986721 0.06458455026149751
v 0.320111086666584 1.0573801082372665 0
v 0.2662867736816406 1.000749998986721 -0.06458455026149751
v 0.23000000238418578 0.92 0
v 0.2662867736816406 1.000749998986721 0.06458455026149751
v 0.25837634325027464 0.92 -0.10987780466675759
v 0.23000000238418578 0.92 0
v 0.2662867736816406 1.000749998986721 -0.06458455026149751
v 0.23000000238418578 0.92 0
v 0.25837634325027464 0.92 0.10987780466675759
v 0.2662867736816406 1.000749998986721 0.06458455026149751
v 0.47871322751045225 1.0506562423706054 0.10449999868869782
v 0.5737132263183593 1.000749998986721 0.06458455026149751
v 0.5198889133334159 1.0573801082372665 0
v 0.47871322751045225 1.0506562423706054 0.10449999868869782
v 0.514999998807907 0.9699062433838844 0.1690845489501953
v 0.5737132263183593 1.000749998986721 0.06458455026149751
v 0.42 1.0049055763334036 0.1777860224246979
v 0.514999998807907 0.9699062433838844 0.1690845489501953
v 0.47871322751045225 1.0506562423706054 0.10449999868869782
v 0.514999998807907 0.9699062433838844 0.1690845489501953
v 0.5816236567497253 0.92 0.10987780466675759
v 0.5737132263183593 1.000749998986721 0.06458455026149751
v 0.3250000011920929 0.9699062433838844 0.1690845489501953
v 0.42 0.92 0.20899999737739564
v 0.42 1.0049055763334036 0.1777860224246979
v 0.3250000011920929 0.9699062433838844 0.1690845489501953
v 0.3250000011920929 0.8700937566161157 0.1690845489501953
v 0.42 0.92 0.20899999737739564
v 0.25837634325027464 0.92 0.10987780466675759
v 0.3250000011920929 0.8700937566161157 0.1690845489501953
v 0.3250000011920929 0.9699062433838844 0.1690845489501953
v 0.3250000011920929 0.8700937566161157 0.1690845489501953
v 0.42 0.8350944236665965 0.1777860224246979
v 0.42 0.92 0.20899999737739564
v 0.23000000238418578 0.92 0
v 0.2662867736816406 0.839250001013279 0.06458455026149751
v 0.25837634325027464 0.92 0.10987780466675759
v 0.23000000238418578 0.92 0
v 0.2662867736816406 0.839250001013279 -0.06458455026149751
v 0.2662867736816406 0.839250001013279 0.06458455026149751
v 0.25837634325027464 0.92 -0.10987780466675759
v 0.2662867736816406 0.839250001013279 -0.06458455026149751
v 0.23000000238418578 0.92 0
v 0.2662867736816406 0.839250001013279 -0.06458455026149751
v 0.320111086666584 0.7826198917627335 0
v 0.2662867736816406 0.839250001013279 0.06458455026149751
v 0.3250000011920929 0.9699062433838844 -0.1690845489501953
v 0.3250000011920929 0.8700937566161157 -0.1690845489501953
v 0.25837634325027464 0.92 -0.10987780466675759
v 0.3250000011920929 0.9699062433838844 -0.1690845489501953
v 0.42 0.92 -0.20899999737739564
v 0.3250000011920929 0.8700937566161157 -0.1690845489501953
v 0.42 1.0049055763334036 -0.1777860224246979
v 0.42 0.92 -0.20899999737739564
v 0.3250000011920929 0.9699062433838844 -0.1690845489501953
v 0.42 0.92 -0.20899999737739564
v 0.42 0.8350944236665965 -0.1777860224246979
v 0.3250000011920929 0.8700937566161157 -0.1690845489501953
v 0.47871322751045225 1.0506562423706054 -0.10449999868869782
v 0.514999998807907 0.9699062433838844 -0.1690845489501953
v 0.42 1.0049055763334036 -0.1777860224246979
v 0.47871322751045225 1.0506562423706054 -0.10449999868869782
v 0.5737132263183593 1.000749998986721 -0.06458455026149751
v 0.514999998807907 0.9699062433838844 -0.1690845489501953
v 0.5198889133334159 1.0573801082372665 0
v 0.5737132263183593 1.000749998986721 -0.06458455026149751
v 0.47871322751045225 1.0506562423706054 -0.10449999868869782
v 0.5737132263183593 1.000749998986721 -0.06458455026149751
v 0.5816236567497253 0.92 -0.10987780466675759
v 0.514999998807907 0.9699062433838844 -0.1690845489501953
v 0.5737132263183593 0.839250001013279 0.06458455026149751
v 0.47871322751045225 0.7893437576293946 0.10449999868869782
v 0.5198889133334159 0.7826198917627335 0
v 0.5737132263183593 0.839250001013279 0.06458455026149751
v 0.514999998807907 0.8700937566161157 0.1690845489501953
v 0.47871322751045225 0.7893437576293946 0.10449999868869782
v 0.5816236567497253 0.92 0.10987780466675759
v 0.514999998807907 0.8700937566161157 0.1690845489501953
v 0.5737132263183593 0.839250001013279 0.06458455026149751
v 0.514999998807907 0.8700937566161157 0.1690845489501953
v 0.42 0.8350944236665965 0.1777860224246979
v 0.47871322751045225 0.7893437576293946 0.10449999868869782
v 0.47871322751045225 0.7893437576293946 0.10449999868869782
v 0.42 0.758500002026558 0
v 0.5198889133334159 0.7826198917627335 0
v 0.47871322751045225 0.7893437576293946 0.10449999868869782
v 0.3612867724895477 0.7893437576293946 0.10449999868869782
v 0.42 0.758500002026558 0
v 0.42 0.8350944236665965 0.1777860224246979
v 0.3612867724895477 0.7893437576293946 0.10449999868869782
v 0.47871322751045225 0.7893437576293946 0.10449999868869782
v 0.3612867724895477 0.7893437576293946 0.10449999868869782
v 0.320111086666584 0.7826198917627335 0
v 0.42 0.758500002026558 0
v 0.42 0.758500002026558 0
v 0.47871322751045225 0.7893437576293946 -0.10449999868869782
v 0.5198889133334159 0.7826198917627335 0
v 0.42 0.758500002026558 0
v 0.3612867724895477 0.7893437576293946 -0.10449999868869782
v 0.47871322751045225 0.7893437576293946 -0.10449999868869782
v 0.320111086666584 0.7826198917627335 0
v 0.3612867724895477 0.7893437576293946 -0.10449999868869782
v 0.42 0.758500002026558 0
v 0.3612867724895477 0.7893437576293946 -0.10449999868869782
v 0.42 0.8350944236665965 -0.1777860224246979
v 0.47871322751045225 0.7893437576293946 -0.10449999868869782
v 0.47871322751045225 0.7893437576293946 -0.10449999868869782
v 0.5737132263183593 0.839250001013279 -0.06458455026149751
v 0.5198889133334159 0.7826198917627335 0
v 0.47871322751045225 0.7893437576293946 -0.10449999868869782
v 0.514999998807907 0.8700937566161157 -0.1690845489501953
v 0.5737132263183593 0.839250001013279 -0.06458455026149751
v 0.42 0.8350944236665965 -0.1777860224246979
v 0.514999998807907 0.8700937566161157 -0.1690845489501953
v 0.47871322751045225 0.7893437576293946 -0.10449999868869782
v 0.514999998807907 0.8700937566161157 -0.1690845489501953
v 0.5816236567497253 0.92 -0.10987780466675759
v 0.5737132263183593 0.839250001013279 -0.06458455026149751
v 0.5737132263183593 0.839250001013279 -0.06458455026149751
v 0.5737132263183593 0.839250001013279 0.06458455026149751
v 0.5198889133334159 0.7826198917627335 0
v 0.5737132263183593 0.839250001013279 -0.06458455026149751
v 0.6099999976158141 0.92 0
v 0.5737132263183593 0.839250001013279 0.06458455026149751
v 0.5816236567497253 0.92 -0.10987780466675759
v 0.6099999976158141 0.92 0
v 0.5737132263183593 0.839250001013279 -0.06458455026149751
v 0.6099999976158141 0.92 0
v 0.5816236567497253 0.92 0.10987780466675759
v 0.5737132263183593 0.839250001013279 0.06458455026149751
v 0.514999998807907 0.8700937566161157 0.1690845489501953
v 0.42 0.92 0.20899999737739564
v 0.42 0.8350944236665965 0.1777860224246979
v 0.514999998807907 0.8700937566161157 0.1690845489501953
v 0.514999998807907 0.9699062433838844 0.1690845489501953
v 0.42 0.92 0.20899999737739564
v 0.5816236567497253 0.92 0.10987780466675759
v 0.514999998807907 0.9699062433838844 0.1690845489501953
v 0.514999998807907 0.8700937566161157 0.1690845489501953
v 0.514999998807907 0.9699062433838844 0.1690845489501953
v 0.42 1.0049055763334036 0.1777860224246979
v 0.42 0.92 0.20899999737739564
v 0.3612867724895477 0.7893437576293946 0.10449999868869782
v 0.2662867736816406 0.839250001013279 0.06458455026149751
v 0.320111086666584 0.7826198917627335 0
v 0.3612867724895477 0.7893437576293946 0.10449999868869782
v 0.3250000011920929 0.8700937566161157 0.1690845489501953
v 0.2662867736816406 0.839250001013279 0.06458455026149751
v 0.42 0.8350944236665965 0.1777860224246979
v 0.3250000011920929 0.8700937566161157 0.1690845489501953
v 0.3612867724895477 0.7893437576293946 0.10449999868869782
v 0.3250000011920929 0.8700937566161157 0.1690845489501953
v 0.25837634325027464 0.92 0.10987780466675759
v 0.2662867736816406 0.839250001013279 0.06458455026149751
v 0.3612867724895477 0.7893437576293946 -0.10449999868869782
v 0.3250000011920929 0.8700937566161157 -0.1690845489501953
v 0.42 0.8350944236665965 -0.1777860224246979
v 0.3612867724895477 0.7893437576293946 -0.10449999868869782
v 0.2662867736816406 0.839250001013279 -0.06458455026149751
v 0.3250000011920929 0.8700937566161157 -0.1690845489501953
v 0.320111086666584 0.7826198917627335 0
v 0.2662867736816406 0.839250001013279 -0.06458455026149751
v 0.3612867724895477 0.7893437576293946 -0.10449999868869782
v 0.2662867736816406 0.839250001013279 -0.06458455026149751
v 0.25837634325027464 0.92 -0.10987780466675759
v 0.3250000011920929 0.8700937566161157 -0.1690845489501953
v 0.514999998807907 0.8700937566161157 -0.1690845489501953
v 0.514999998807907 0.9699062433838844 -0.1690845489501953
v 0.5816236567497253 0.92 -0.10987780466675759
v 0.514999998807907 0.8700937566161157 -0.1690845489501953
v 0.42 0.92 -0.20899999737739564
v 0.514999998807907 0.9699062433838844 -0.1690845489501953
v 0.42 0.8350944236665965 -0.1777860224246979
v 0.42 0.92 -0.20899999737739564
v 0.514999998807907 0.8700937566161157 -0.1690845489501953
v 0.42 0.92 -0.20899999737739564
v 0.42 1.0049055763334036 -0.1777860224246979
v 0.514999998807907 0.9699062433838844 -0.1690845489501953
v 0.6099999976158141 0.92 0
v 0.5737132263183593 1.000749998986721 0.06458455026149751
v 0.5816236567497253 0.92 0.10987780466675759
v 0.6099999976158141 0.92 0
v 0.5737132263183593 1.000749998986721 -0.06458455026149751
v 0.5737132263183593 1.000749998986721 0.06458455026149751
v 0.5816236567497253 0.92 -0.10987780466675759
v 0.5737132263183593 1.000749998986721 -0.06458455026149751
v 0.6099999976158141 0.92 0
v 0.5737132263183593 1.000749998986721 -0.06458455026149751
v 0.5198889133334159 1.0573801082372665 0
v 0.5737132263183593 1.000749998986721 0.06458455026149751
vt 0.5580698847770691 0.6666666865348816
vt 0.6618959307670593 0.800000011920929
vt 0.5 0.8237918019294739
vt 0.5580698847770691 0.6666666865348816
vt 0.6618959307670593 0.6000000238418579
vt 0.6618959307670593 0.800000011920929
vt 0.5881040692329407 0.5
vt 0.6618959307670593 0.6000000238418579
vt 0.5580698847770691 0.6666666865348816
vt 0.6618959307670593 0.6000000238418579
vt 0.75 0.6762081980705261
vt 0.6618959307670593 0.800000011920929
vt 0.6618959307670593 0.800000011920929
vt 0.5858913660049438 1
vt 0.5 0.8237918019294739
vt 0.6618959307670593 0.800000011920929
vt 0.8381040692329407 0.800000011920929
vt 0.75 1
vt 0.75 0.6762081980705261
vt 0.8381040692329407 0.800000011920929
vt 0.6618959307670593 0.800000011920929
vt 0.8381040692329407 0.800000011920929
vt 1 0.8237918019294739
vt 0.9141086339950562 1
vt 0.41410863399505615 1
vt 0.33810409903526306 0.800000011920929
vt 0.5 0.8237918019294739
vt 0.25 1
vt 0.16189590096473694 0.800000011920929
vt 0.33810409903526306 0.800000011920929
vt 0 0.8237918019294739
vt 0.16189590096473694 0.800000011920929
vt 0.08589137345552444 1
vt 0.16189590096473694 0.800000011920929
vt 0.25 0.6762081980705261
vt 0.33810409903526306 0.800000011920929
vt 0.33810409903526306 0.800000011920929
vt 0.4419301152229309 0.6666666865348816
vt 0.5 0.8237918019294739
vt 0.33810409903526306 0.800000011920929
vt 0.33810409903526306 0.6000000238418579
vt 0.4419301152229309 0.6666666865348816
vt 0.25 0.6762081980705261
vt 0.33810409903526306 0.6000000238418579
vt 0.33810409903526306 0.800000011920929
vt 0.33810409903526306 0.6000000238418579
vt 0.41189590096473694 0.5
vt 0.4419301152229309 0.6666666865348816
vt 0.4419301152229309 0.6666666865348816
vt 0.5580698847770691 0.6666666865348816
vt 0.5 0.8237918019294739
vt 0.4419301152229309 0.6666666865348816
vt 0.5 0.5
vt 0.5580698847770691 0.6666666865348816
vt 0.41189590096473694 0.5
vt 0.5 0.5
vt 0.4419301152229309 0.6666666865348816
vt 0.5 0.5
vt 0.5881040692329407 0.5
vt 0.5580698847770691 0.6666666865348816
vt 0.8381040692329407 0.800000011920929
vt 0.9419301152229309 0.6666666865348816
vt 1 0.8237918019294739
vt 0.8381040692329407 0.800000011920929
vt 0.8381040692329407 0.6000000238418579
vt 0.9419301152229309 0.6666666865348816
vt 0.75 0.6762081980705261
vt 0.8381040692329407 0.6000000238418579
vt 0.8381040692329407 0.800000011920929
vt 0.8381040692329407 0.6000000238418579
vt 0.9118959307670593 0.5
vt 0.9419301152229309 0.6666666865348816
vt 0.6618959307670593 0.6000000238418579
vt 0.75 0.5
vt 0.75 0.6762081980705261
vt 0.6618959307670593 0.6000000238418579
vt 0.6618959307670593 0.4000000059604645
vt 0.75 0.5
vt 0.5881040692329407 0.5
vt 0.6618959307670593 0.4000000059604645
vt 0.6618959307670593 0.6000000238418579
vt 0.6618959307670593 0.4000000059604645
vt 0.75 0.3237918019294739
vt 0.75 0.5
vt 0.5 0.5
vt 0.5580698847770691 0.3333333432674408
vt 0.5881040692329407 0.5
vt 0.5 0.5
vt 0.4419301152229309 0.3333333432674408
vt 0.5580698847770691 0.3333333432674408
vt 0.41189590096473694 0.5
vt 0.4419301152229309 0.3333333432674408
vt 0.5 0.5
vt 0.4419301152229309 0.3333333432674408
vt 0.5 0.17620819807052612
vt 0.5580698847770691 0.3333333432674408
vt 0.33810409903526306 0.6000000238418579
vt 0.33810409903526306 0.4000000059604645
vt 0.41189590096473694 0.5
vt 0.33810409903526306 0.6000000238418579
vt 0.25 0.5
vt 0.33810409903526306 0.4000000059604645
vt 0.25 0.6762081980705261
vt 0.25 0.5
vt 0.33810409903526306 0.6000000238418579
vt 0.25 0.5
vt 0.25 0.3237918019294739
vt 0.33810409903526306 0.4000000059604645
vt 0.16189590096473694 0.800000011920929
vt 0.16189590096473694 0.6000000238418579
vt 0.25 0.6762081980705261
vt 0.16189590096473694 0.800000011920929
vt 0.05806988105177879 0.6666666865348816
vt 0.16189590096473694 0.6000000238418579
vt 0 0.8237918019294739
vt 0.05806988105177879 0.6666666865348816
vt 0.16189590096473694 0.800000011920929
vt 0.05806988105177879 0.6666666865348816
vt 0.08810409903526306 0.5
vt 0.16189590096473694 0.6000000238418579
vt 0.9419301152229309 0.3333333432674408
vt 0.8381040692329407 0.20000000298023224
vt 1 0.17620819807052612
vt 0.9419301152229309 0.3333333432674408
vt 0.8381040692329407 0.4000000059604645
vt 0.8381040692329407 0.20000000298023224
vt 0.9118959307670593 0.5
vt 0.8381040692329407 0.4000000059604645
vt 0.9419301152229309 0.3333333432674408
vt 0.8381040692329407 0.4000000059604645
vt 0.75 0.3237918019294739
vt 0.8381040692329407 0.20000000298023224
vt 0.8381040692329407 0.20000000298023224
vt 0.9141086339950562 0
vt 1 0.17620819807052612
vt 0.8381040692329407 0.20000000298023224
vt 0.6618959307670593 0.20000000298023224
vt 0.75 0
vt 0.75 0.3237918019294739
vt 0.6618959307670593 0.20000000298023224
vt 0.8381040692329407 0.20000000298023224
vt 0.6618959307670593 0.20000000298023224
vt 0.5 0.17620819807052612
vt 0.5858913660049438 0
vt 0.08589137345552444 0
vt 0.16189590096473694 0.20000000298023224
vt 0 0.17620819807052612
vt 0.25 0
vt 0.33810409903526306 0.20000000298023224
vt 0.16189590096473694 0.20000000298023224
vt 0.5 0.17620819807052612
vt 0.33810409903526306 0.20000000298023224
vt 0.41410863399505615 0
vt 0.33810409903526306 0.20000000298023224
vt 0.25 0.3237918019294739
vt 0.16189590096473694 0.20000000298023224
vt 0.16189590096473694 0.20000000298023224
vt 0.05806988105177879 0.3333333432674408
vt 0 0.17620819807052612
vt 0.16189590096473694 0.20000000298023224
vt 0.16189590096473694 0.4000000059604645
vt 0.05806988105177879 0.3333333432674408
vt 0.25 0.3237918019294739
vt 0.16189590096473694 0.4000000059604645
vt 0.16189590096473694 0.20000000298023224
vt 0.16189590096473694 0.4000000059604645
vt 0.08810409903526306 0.5
vt 0.05806988105177879 0.3333333432674408
vt 1.0580698251724243 0.3333333432674408
vt 0.9419301152229309 0.3333333432674408
vt 1 0.17620819807052612
vt 1.0580698251724243 0.3333333432674408
vt 1 0.5
vt 0.9419301152229309 0.3333333432674408
vt 0.08810409903526306 0.5
vt 0 0.5
vt 0.05806988105177879 0.3333333432674408
vt 1 0.5
vt 0.9118959307670593 0.5
vt 0.9419301152229309 0.3333333432674408
vt 0.8381040692329407 0.4000000059604645
vt 0.75 0.5
vt 0.75 0.3237918019294739
vt 0.8381040692329407 0.4000000059604645
vt 0.8381040692329407 0.6000000238418579
vt 0.75 0.5
vt 0.9118959307670593 0.5
vt 0.8381040692329407 0.6000000238418579
vt 0.8381040692329407 0.4000000059604645
vt 0.8381040692329407 0.6000000238418579
vt 0.75 0.6762081980705261
vt 0.75 0.5
vt 0.6618959307670593 0.20000000298023224
vt 0.5580698847770691 0.3333333432674408
vt 0.5 0.17620819807052612
vt 0.6618959307670593 0.20000000298023224
vt 0.6618959307670593 0.4000000059604645
vt 0.5580698847770691 0.3333333432674408
vt 0.75 0.3237918019294739
vt 0.6618959307670593 0.4000000059604645
vt 0.6618959307670593 0.20000000298023224
vt 0.6618959307670593 0.4000000059604645
vt 0.5881040692329407 0.5
vt 0.5580698847770691 0.3333333432674408
vt 0.33810409903526306 0.20000000298023224
vt 0.33810409903526306 0.4000000059604645
vt 0.25 0.3237918019294739
vt 0.33810409903526306 0.20000000298023224
vt 0.4419301152229309 0.3333333432674408
vt 0.33810409903526306 0.4000000059604645
vt 0.5 0.17620819807052612
vt 0.4419301152229309 0.3333333432674408
vt 0.33810409903526306 0.20000000298023224
vt 0.4419301152229309 0.3333333432674408
vt 0.41189590096473694 0.5
vt 0.33810409903526306 0.4000000059604645
vt 0.16189590096473694 0.4000000059604645
vt 0.16189590096473694 0.6000000238418579
vt 0.08810409903526306 0.5
vt 0.16189590096473694 0.4000000059604645
vt 0.25 0.5
vt 0.16189590096473694 0.6000000238418579
vt 0.25 0.3237918019294739
vt 0.25 0.5
vt 0.16189590096473694 0.4000000059604645
vt 0.25 0.5
vt 0.25 0.6762081980705261
vt 0.16189590096473694 0.6000000238418579
vt 1 0.5
vt 0.9419301152229309 0.6666666865348816
vt 0.9118959307670593 0.5
vt 1 0.5
vt 1.0580698251724243 0.6666666865348816
vt 0.9419301152229309 0.6666666865348816
vt 0.08810409903526306 0.5
vt 0.05806988105177879 0.6666666865348816
vt 0 0.5
vt 1.0580698251724243 0.6666666865348816
vt 1 0.8237918019294739
vt 0.9419301152229309 0.6666666865348816
vn -0.778676039818781 0.5661744164127472 0.27038889624358714
vn -0.2811573297098017 0.8659758038629723 0.41356554870338624
vn -0.46506212343256237 0.8852780474790936 0
vn -0.778676039818781 0.5661744164127472 0.27038889624358714
vn -0.5204144199988661 0.37839271569126093 0.7654983893967617
vn -0.2811573297098017 0.8659758038629723 0.41356554870338624
vn -0.8718179208243638 0 0.48983008577412157
vn -0.5204144199988661 0.37839271569126093 0.7654983893967617
vn -0.778676039818781 0.5661744164127472 0.27038889624358714
vn -0.5204144199988661 0.37839271569126093 0.7654983893967617
vn 0 0.624603936189352 0.780941689818624
vn -0.2811573297098017 0.8659758038629723 0.41356554870338624
vn -0.2811573297098017 0.8659758038629723 0.41356554870338624
vn 0 1 0
vn -0.46506212343256237 0.8852780474790936 0
vn -0.2811573297098017 0.8659758038629723 0.41356554870338624
vn 0.2811573297098017 0.8659758038629723 0.41356554870338624
vn 0 1 0
vn 0 0.624603936189352 0.780941689818624
vn 0.2811573297098017 0.8659758038629723 0.41356554870338624
vn -0.2811573297098017 0.8659758038629723 0.41356554870338624
vn 0.2811573297098017 0.8659758038629723 0.41356554870338624
vn 0.46506212343256237 0.8852780474790936 0
vn 0 1 0
vn 0 1 0
vn -0.2811573297098017 0.8659758038629723 -0.41356554870338624
vn -0.46506212343256237 0.8852780474790936 0
vn 0 1 0
vn 0.2811573297098017 0.8659758038629723 -0.41356554870338624
vn -0.2811573297098017 0.8659758038629723 -0.41356554870338624
vn 0.46506212343256237 0.8852780474790936 0
vn 0.2811573297098017 0.8659758038629723 -0.41356554870338624
vn 0 1 0
vn 0.2811573297098017 0.8659758038629723 -0.41356554870338624
vn 0 0.624603936189352 -0.780941689818624
vn -0.2811573297098017 0.8659758038629723 -0.41356554870338624
vn -0.2811573297098017 0.8659758038629723 -0.41356554870338624
vn -0.778676039818781 0.5661744164127472 -0.27038889624358714
vn -0.46506212343256237 0.8852780474790936 0
vn -0.2811573297098017 0.8659758038629723 -0.41356554870338624
vn -0.5204144199988661 0.37839271569126093 -0.7654983893967617
vn -0.778676039818781 0.5661744164127472 -0.27038889624358714
vn 0 0.624603936189352 -0.780941689818624
vn -0.5204144199988661 0.37839271569126093 -0.7654983893967617
vn -0.2811573297098017 0.8659758038629723 -0.41356554870338624
vn -0.5204144199988661 0.37839271569126093 -0.7654983893967617
vn -0.8718179208243638 0 -0.48983008577412157
vn -0.778676039818781 0.5661744164127472 -0.27038889624358714
vn -0.778676039818781 0.5661744164127472 -0.27038889624358714
vn -0.778676039818781 0.5661744164127472 0.27038889624358714
vn -0.46506212343256237 0.8852780474790936 0
vn -0.778676039818781 0.5661744164127472 -0.27038889624358714
vn -1 0 0
vn -0.778676039818781 0.5661744164127472 0.27038889624358714
vn -0.8718179208243638 0 -0.48983008577412157
vn -1 0 0
vn -0.778676039818781 0.5661744164127472 -0.27038889624358714
vn -1 0 0
vn -0.8718179208243638 0 0.48983008577412157
vn -0.778676039818781 0.5661744164127472 0.27038889624358714
vn 0.2811573297098017 0.8659758038629723 0.41356554870338624
vn 0.778676039818781 0.5661744164127472 0.27038889624358714
vn 0.46506212343256237 0.8852780474790936 0
vn 0.2811573297098017 0.8659758038629723 0.41356554870338624
vn 0.5204144199988661 0.37839271569126093 0.7654983893967617
vn 0.778676039818781 0.5661744164127472 0.27038889624358714
vn 0 0.624603936189352 0.780941689818624
vn 0.5204144199988661 0.37839271569126093 0.7654983893967617
vn 0.2811573297098017 0.8659758038629723 0.41356554870338624
vn 0.5204144199988661 0.37839271569126093 0.7654983893967617
vn 0.8718179208243638 0 0.48983008577412157
vn 0.778676039818781 0.5661744164127472 0.27038889624358714
vn -0.5204144199988661 0.37839271569126093 0.7654983893967617
vn 0 0 0.9999999999999999
vn 0 0.624603936189352 0.780941689818624
vn -0.5204144199988661 0.37839271569126093 0.7654983893967617
vn -0.5204144199988661 -0.37839271569126093 0.7654983893967617
vn 0 0 0.9999999999999999
vn -0.8718179208243638 0 0.48983008577412157
vn -0.5204144199988661 -0.37839271569126093 0.7654983893967617
vn -0.5204144199988661 0.37839271569126093 0.7654983893967617
vn -0.5204144199988661 -0.37839271569126093 0.7654983893967617
vn 0 -0.624603936189352 0.780941689818624
vn 0 0 0.9999999999999999
vn -1 0 0
vn -0.778676039818781 -0.5661744164127472 0.27038889624358714
vn -0.8718179208243638 0 0.48983008577412157
vn -1 0 0
vn -0.778676039818781 -0.5661744164127472 -0.27038889624358714
vn -0.778676039818781 -0.5661744164127472 0.27038889624358714
vn -0.8718179208243638 0 -0.48983008577412157
vn -0.778676039818781 -0.5661744164127472 -0.27038889624358714
vn -1 0 0
vn -0.778676039818781 -0.5661744164127472 -0.27038889624358714
vn -0.46506212343256237 -0.8852780474790936 0
vn -0.778676039818781 -0.5661744164127472 0.27038889624358714
vn -0.5204144199988661 0.37839271569126093 -0.7654983893967617
vn -0.5204144199988661 -0.37839271569126093 -0.7654983893967617
vn -0.8718179208243638 0 -0.48983008577412157
vn -0.5204144199988661 0.37839271569126093 -0.7654983893967617
vn 0 0 -0.9999999999999999
vn -0.5204144199988661 -0.37839271569126093 -0.7654983893967617
vn 0 0.624603936189352 -0.780941689818624
vn 0 0 -0.9999999999999999
vn -0.5204144199988661 0.37839271569126093 -0.7654983893967617
vn 0 0 -0.9999999999999999
vn 0 -0.624603936189352 -0.780941689818624
vn -0.5204144199988661 -0.37839271569126093 -0.7654983893967617
vn 0.2811573297098017 0.8659758038629723 -0.41356554870338624
vn 0.5204144199988661 0.37839271569126093 -0.7654983893967617
vn 0 0.624603936189352 -0.780941689818624
vn 0.2811573297098017 0.8659758038629723 -0.41356554870338624
vn 0.778676039818781 0.5661744164127472 -0.27038889624358714
vn 0.5204144199988661 0.37839271569126093 -0.7654983893967617
vn 0.46506212343256237 0.8852780474790936 0
vn 0.778676039818781 0.5661744164127472 -0.27038889624358714
vn 0.2811573297098017 0.8659758038629723 -0.41356554870338624
vn 0.778676039818781 0.5661744164127472 -0.27038889624358714
vn 0.8718179208243638 0 -0.48983008577412157
vn 0.5204144199988661 0.37839271569126093 -0.7654983893967617
vn 0.778676039818781 -0.5661744164127472 0.27038889624358714
vn 0.2811573297098017 -0.8659758038629723 0.41356554870338624
vn 0.46506212343256237 -0.8852780474790936 0
vn 0.778676039818781 -0.5661744164127472 0.27038889624358714
vn 0.5204144199988661 -0.37839271569126093 0.7654983893967617
vn 0.2811573297098017 -0.8659758038629723 0.41356554870338624
vn 0.8718179208243638 0 0.48983008577412157
vn 0.5204144199988661 -0.37839271569126093 0.7654983893967617
vn 0.778676039818781 -0.5661744164127472 0.27038889624358714
vn 0.5204144199988661 -0.37839271569126093 0.7654983893967617
vn 0 -0.624603936189352 0.780941689818624
vn 0.2811573297098017 -0.8659758038629723 0.41356554870338624
vn 0.2811573297098017 -0.8659758038629723 0.41356554870338624
vn 0 -1 0
vn 0.46506212343256237 -0.8852780474790936 0
vn 0.2811573297098017 -0.8659758038629723 0.41356554870338624
vn -0.2811573297098017 -0.8659758038629723 0.41356554870338624
vn 0 -1 0
vn 0 -0.624603936189352 0.780941689818624
vn -0.2811573297098017 -0.8659758038629723 0.41356554870338624
vn 0.2811573297098017 -0.8659758038629723 0.41356554870338624
vn -0.2811573297098017 -0.8659758038629723 0.41356554870338624
vn -0.46506212343256237 -0.8852780474790936 0
vn 0 -1 0
vn 0 -1 0
vn 0.2811573297098017 -0.8659758038629723 -0.41356554870338624
vn 0.46506212343256237 -0.8852780474790936 0
vn 0 -1 0
vn -0.2811573297098017 -0.8659758038629723 -0.41356554870338624
vn 0.2811573297098017 -0.8659758038629723 -0.41356554870338624
vn -0.46506212343256237 -0.8852780474790936 0
vn -0.2811573297098017 -0.8659758038629723 -0.41356554870338624
vn 0 -1 0
vn -0.2811573297098017 -0.8659758038629723 -0.41356554870338624
vn 0 -0.624603936189352 -0.780941689818624
vn 0.2811573297098017 -0.8659758038629723 -0.41356554870338624
vn 0.2811573297098017 -0.8659758038629723 -0.41356554870338624
vn 0.778676039818781 -0.5661744164127472 -0.27038889624358714
vn 0.46506212343256237 -0.8852780474790936 0
vn 0.2811573297098017 -0.8659758038629723 -0.41356554870338624
vn 0.5204144199988661 -0.37839271569126093 -0.7654983893967617
vn 0.778676039818781 -0.5661744164127472 -0.27038889624358714
vn 0 -0.624603936189352 -0.780941689818624
vn 0.5204144199988661 -0.37839271569126093 -0.7654983893967617
vn 0.2811573297098017 -0.8659758038629723 -0.41356554870338624
vn 0.5204144199988661 -0.37839271569126093 -0.7654983893967617
vn 0.8718179208243638 0 -0.48983008577412157
vn 0.778676039818781 -0.5661744164127472 -0.27038889624358714
vn 0.778676039818781 -0.5661744164127472 -0.27038889624358714
vn 0.778676039818781 -0.5661744164127472 0.27038889624358714
vn 0.46506212343256237 -0.8852780474790936 0
vn 0.778676039818781 -0.5661744164127472 -0.27038889624358714
vn 1 0 0
vn 0.778676039818781 -0.5661744164127472 0.27038889624358714
vn 0.8718179208243638 0 -0.48983008577412157
vn 1 0 0
vn 0.778676039818781 -0.5661744164127472 -0.27038889624358714
vn 1 0 0
vn 0.8718179208243638 0 0.48983008577412157
vn 0.778676039818781 -0.5661744164127472 0.27038889624358714
vn 0.5204144199988661 -0.37839271569126093 0.7654983893967617
vn 0 0 0.9999999999999999
vn 0 -0.624603936189352 0.780941689818624
vn 0.5204144199988661 -0.37839271569126093 0.7654983893967617
vn 0.5204144199988661 0.37839271569126093 0.7654983893967617
vn 0 0 0.9999999999999999
vn 0.8718179208243638 0 0.48983008577412157
vn 0.5204144199988661 0.37839271569126093 0.7654983893967617
vn 0.5204144199988661 -0.37839271569126093 0.7654983893967617
vn 0.5204144199988661 0.37839271569126093 0.7654983893967617
vn 0 0.624603936189352 0.780941689818624
vn 0 0 0.9999999999999999
vn -0.2811573297098017 -0.8659758038629723 0.41356554870338624
vn -0.778676039818781 -0.5661744164127472 0.27038889624358714
vn -0.46506212343256237 -0.8852780474790936 0
vn -0.2811573297098017 -0.8659758038629723 0.41356554870338624
vn -0.5204144199988661 -0.37839271569126093 0.7654983893967617
vn -0.778676039818781 -0.5661744164127472 0.27038889624358714
vn 0 -0.624603936189352 0.780941689818624
vn -0.5204144199988661 -0.37839271569126093 0.7654983893967617
vn -0.2811573297098017 -0.8659758038629723 0.41356554870338624
vn -0.5204144199988661 -0.37839271569126093 0.7654983893967617
vn -0.8718179208243638 0 0.48983008577412157
vn -0.778676039818781 -0.5661744164127472 0.27038889624358714
vn -0.2811573297098017 -0.8659758038629723 -0.41356554870338624
vn -0.5204144199988661 -0.37839271569126093 -0.7654983893967617
vn 0 -0.624603936189352 -0.780941689818624
vn -0.2811573297098017 -0.8659758038629723 -0.41356554870338624
vn -0.778676039818781 -0.5661744164127472 -0.27038889624358714
vn -0.5204144199988661 -0.37839271569126093 -0.7654983893967617
vn -0.46506212343256237 -0.8852780474790936 0
vn -0.778676039818781 -0.5661744164127472 -0.27038889624358714
vn -0.2811573297098017 -0.8659758038629723 -0.41356554870338624
vn -0.778676039818781 -0.5661744164127472 -0.27038889624358714
vn -0.8718179208243638 0 -0.48983008577412157
vn -0.5204144199988661 -0.37839271569126093 -0.7654983893967617
vn 0.5204144199988661 -0.37839271569126093 -0.7654983893967617
vn 0.5204144199988661 0.37839271569126093 -0.7654983893967617
vn 0.8718179208243638 0 -0.48983008577412157
vn 0.5204144199988661 -0.37839271569126093 -0.7654983893967617
vn 0 0 -0.9999999999999999
vn 0.5204144199988661 0.37839271569126093 -0.7654983893967617
vn 0 -0.624603936189352 -0.780941689818624
vn 0 0 -0.9999999999999999
vn 0.5204144199988661 -0.37839271569126093 -0.7654983893967617
vn 0 0 -0.9999999999999999
vn 0 0.624603936189352 -0.780941689818624
vn 0.5204144199988661 0.37839271569126093 -0.7654983893967617
vn 1 0 0
vn 0.778676039818781 0.5661744164127472 0.27038889624358714
vn 0.8718179208243638 0 0.48983008577412157
vn 1 0 0
vn 0.778676039818781 0.5661744164127472 -0.27038889624358714
vn 0.778676039818781 0.5661744164127472 0.27038889624358714
vn 0.8718179208243638 0 -0.48983008577412157
vn 0.778676039818781 0.5661744164127472 -0.27038889624358714
vn 1 0 0
vn 0.778676039818781 0.5661744164127472 -0.27038889624358714
vn 0.46506212343256237 0.8852780474790936 0
vn 0.778676039818781 0.5661744164127472 0.27038889624358714
f 4928/4928/4928 4929/4929/4929 4930/4930/4930
f 4931/4931/4931 4932/4932/4932 4933/4933/4933
f 4934/4934/4934 4935/4935/4935 4936/4936/4936
f 4937/4937/4937 4938/4938/4938 4939/4939/4939
f 4940/4940/4940 4941/4941/4941 4942/4942/4942
f 4943/4943/4943 4944/4944/4944 4945/4945/4945
f 4946/4946/4946 4947/4947/4947 4948/4948/4948
f 4949/4949/4949 4950/4950/4950 4951/4951/4951
f 4952/4952/4952 4953/4953/4953 4954/4954/4954
f 4955/4955/4955 4956/4956/4956 4957/4957/4957
f 4958/4958/4958 4959/4959/4959 4960/4960/4960
f 4961/4961/4961 4962/4962/4962 4963/4963/4963
f 4964/4964/4964 4965/4965/4965 4966/4966/4966
f 4967/4967/4967 4968/4968/4968 4969/4969/4969
f 4970/4970/4970 4971/4971/4971 4972/4972/4972
f 4973/4973/4973 4974/4974/4974 4975/4975/4975
f 4976/4976/4976 4977/4977/4977 4978/4978/4978
f 4979/4979/4979 4980/4980/4980 4981/4981/4981
f 4982/4982/4982 4983/4983/4983 4984/4984/4984
f 4985/4985/4985 4986/4986/4986 4987/4987/4987
f 4988/4988/4988 4989/4989/4989 4990/4990/4990
f 4991/4991/4991 4992/4992/4992 4993/4993/4993
f 4994/4994/4994 4995/4995/4995 4996/4996/4996
f 4997/4997/4997 4998/4998/4998 4999/4999/4999
f 5000/5000/5000 5001/5001/5001 5002/5002/5002
f 5003/5003/5003 5004/5004/5004 5005/5005/5005
f 5006/5006/5006 5007/5007/5007 5008/5008/5008
f 5009/5009/5009 5010/5010/5010 5011/5011/5011
f 5012/5012/5012 5013/5013/5013 5014/5014/5014
f 5015/5015/5015 5016/5016/5016 5017/5017/5017
f 5018/5018/5018 5019/5019/5019 5020/5020/5020
f 5021/5021/5021 5022/5022/5022 5023/5023/5023
f 5024/5024/5024 5025/5025/5025 5026/5026/5026
f 5027/5027/5027 5028/5028/5028 5029/5029/5029
f 5030/5030/5030 5031/5031/5031 5032/5032/5032
f 5033/5033/5033 5034/5034/5034 5035/5035/5035
f 5036/5036/5036 5037/5037/5037 5038/5038/5038
f 5039/5039/5039 5040/5040/5040 5041/5041/5041
f 5042/5042/5042 5043/5043/5043 5044/5044/5044
f 5045/5045/5045 5046/5046/5046 5047/5047/5047
f 5048/5048/5048 5049/5049/5049 5050/5050/5050
f 5051/5051/5051 5052/5052/5052 5053/5053/5053
f 5054/5054/5054 5055/5055/5055 5056/5056/5056
f 5057/5057/5057 5058/5058/5058 5059/5059/5059
f 5060/5060/5060 5061/5061/5061 5062/5062/5062
f 5063/5063/5063 5064/5064/5064 5065/5065/5065
f 5066/5066/5066 5067/5067/5067 5068/5068/5068
f 5069/5069/5069 5070/5070/5070 5071/5071/5071
f 5072/5072/5072 5073/5073/5073 5074/5074/5074
f 5075/5075/5075 5076/5076/5076 5077/5077/5077
f 5078/5078/5078 5079/5079/5079 5080/5080/5080
f 5081/5081/5081 5082/5082/5082 5083/5083/5083
f 5084/5084/5084 5085/5085/5085 5086/5086/5086
f 5087/5087/5087 5088/5088/5088 5089/5089/5089
f 5090/5090/5090 5091/5091/5091 5092/5092/5092
f 5093/5093/5093 5094/5094/5094 5095/5095/5095
f 5096/5096/5096 5097/5097/5097 5098/5098/5098
f 5099/5099/5099 5100/5100/5100 5101/5101/5101
f 5102/5102/5102 5103/5103/5103 5104/5104/5104
f 5105/5105/5105 5106/5106/5106 5107/5107/5107
f 5108/5108/5108 5109/5109/5109 5110/5110/5110
f 5111/5111/5111 5112/5112/5112 5113/5113/5113
f 5114/5114/5114 5115/5115/5115 5116/5116/5116
f 5117/5117/5117 5118/5118/5118 5119/5119/5119
f 5120/5120/5120 5121/5121/5121 5122/5122/5122
f 5123/5123/5123 5124/5124/5124 5125/5125/5125
f 5126/5126/5126 5127/5127/5127 5128/5128/5128
f 5129/5129/5129 5130/5130/5130 5131/5131/5131
f 5132/5132/5132 5133/5133/5133 5134/5134/5134
f 5135/5135/5135 5136/5136/5136 5137/5137/5137
f 5138/5138/5138 5139/5139/5139 5140/5140/5140
f 5141/5141/5141 5142/5142/5142 5143/5143/5143
f 5144/5144/5144 5145/5145/5145 5146/5146/5146
f 5147/5147/5147 5148/5148/5148 5149/5149/5149
f 5150/5150/5150 5151/5151/5151 5152/5152/5152
f 5153/5153/5153 5154/5154/5154 5155/5155/5155
f 5156/5156/5156 5157/5157/5157 5158/5158/5158
f 5159/5159/5159 5160/5160/5160 5161/5161/5161
f 5162/5162/5162 5163/5163/5163 5164/5164/5164
f 5165/5165/5165 5166/5166/5166 5167/5167/5167
o shoulder_bolt
usemtl steelD
v 0.514480476230383 0.98 0.09577193289995194
v 0.54 0.9957719328999519 0.10551952376961708
v 0.5242280671000481 1.005519523769617 0.08
v 0.54 0.9957719328999519 0.10551952376961708
v 0.555771932899952 1.005519523769617 0.08
v 0.5242280671000481 1.005519523769617 0.08
v 0.555771932899952 1.005519523769617 0.08
v 0.54 0.9957719328999519 0.05448047623038292
v 0.5242280671000481 1.005519523769617 0.08
v 0.54 0.9957719328999519 0.05448047623038292
v 0.514480476230383 0.98 0.06422806710004807
v 0.5242280671000481 1.005519523769617 0.08
v 0.514480476230383 0.98 0.06422806710004807
v 0.514480476230383 0.98 0.09577193289995194
v 0.5242280671000481 1.005519523769617 0.08
v 0.54 0.9957719328999519 0.10551952376961708
v 0.5655195237696171 0.98 0.09577193289995194
v 0.555771932899952 1.005519523769617 0.08
v 0.514480476230383 0.98 0.09577193289995194
v 0.54 0.964228067100048 0.10551952376961708
v 0.54 0.9957719328999519 0.10551952376961708
v 0.514480476230383 0.98 0.06422806710004807
v 0.5242280671000481 0.9544804762303829 0.08
v 0.514480476230383 0.98 0.09577193289995194
v 0.54 0.9957719328999519 0.05448047623038292
v 0.54 0.964228067100048 0.05448047623038292
v 0.514480476230383 0.98 0.06422806710004807
v 0.555771932899952 1.005519523769617 0.08
v 0.5655195237696171 0.98 0.06422806710004807
v 0.54 0.9957719328999519 0.05448047623038292
v 0.5655195237696171 0.98 0.09577193289995194
v 0.54 0.964228067100048 0.10551952376961708
v 0.555771932899952 0.9544804762303829 0.08
v 0.54 0.964228067100048 0.10551952376961708
v 0.5242280671000481 0.9544804762303829 0.08
v 0.555771932899952 0.9544804762303829 0.08
v 0.5242280671000481 0.9544804762303829 0.08
v 0.54 0.964228067100048 0.05448047623038292
v 0.555771932899952 0.9544804762303829 0.08
v 0.54 0.964228067100048 0.05448047623038292
v 0.5655195237696171 0.98 0.06422806710004807
v 0.555771932899952 0.9544804762303829 0.08
v 0.5655195237696171 0.98 0.06422806710004807
v 0.5655195237696171 0.98 0.09577193289995194
v 0.555771932899952 0.9544804762303829 0.08
v 0.5655195237696171 0.98 0.09577193289995194
v 0.54 0.9957719328999519 0.10551952376961708
v 0.54 0.964228067100048 0.10551952376961708
v 0.54 0.964228067100048 0.10551952376961708
v 0.514480476230383 0.98 0.09577193289995194
v 0.5242280671000481 0.9544804762303829 0.08
v 0.5242280671000481 0.9544804762303829 0.08
v 0.514480476230383 0.98 0.06422806710004807
v 0.54 0.964228067100048 0.05448047623038292
v 0.54 0.964228067100048 0.05448047623038292
v 0.54 0.9957719328999519 0.05448047623038292
v 0.5655195237696171 0.98 0.06422806710004807
v 0.5655195237696171 0.98 0.06422806710004807
v 0.555771932899952 1.005519523769617 0.08
v 0.5655195237696171 0.98 0.09577193289995194
vt 0.5881040692329407 0.5
vt 0.75 0.6762081980705261
vt 0.5 0.8237918019294739
vt 0.75 0.6762081980705261
vt 1 0.8237918019294739
vt 0.5 0.8237918019294739
vt 0 0.8237918019294739
vt 0.25 0.6762081980705261
vt 0.5 0.8237918019294739
vt 0.25 0.6762081980705261
vt 0.41189590096473694 0.5
vt 0.5 0.8237918019294739
vt 0.41189590096473694 0.5
vt 0.5881040692329407 0.5
vt 0.5 0.8237918019294739
vt 0.75 0.6762081980705261
vt 0.9118959307670593 0.5
vt 1 0.8237918019294739
vt 0.5881040692329407 0.5
vt 0.75 0.3237918019294739
vt 0.75 0.6762081980705261
vt 0.41189590096473694 0.5
vt 0.5 0.17620819807052612
vt 0.5881040692329407 0.5
vt 0.25 0.6762081980705261
vt 0.25 0.3237918019294739
vt 0.41189590096473694 0.5
vt 0 0.8237918019294739
vt 0.08810409903526306 0.5
vt 0.25 0.6762081980705261
vt 0.9118959307670593 0.5
vt 0.75 0.3237918019294739
vt 1 0.17620819807052612
vt 0.75 0.3237918019294739
vt 0.5 0.17620819807052612
vt 1 0.17620819807052612
vt 0.5 0.17620819807052612
vt 0.25 0.3237918019294739
vt 0 0.17620819807052612
vt 0.25 0.3237918019294739
vt 0.08810409903526306 0.5
vt 0 0.17620819807052612
vt 1.0881041288375854 0.5
vt 0.9118959307670593 0.5
vt 1 0.17620819807052612
vt 0.9118959307670593 0.5
vt 0.75 0.6762081980705261
vt 0.75 0.3237918019294739
vt 0.75 0.3237918019294739
vt 0.5881040692329407 0.5
vt 0.5 0.17620819807052612
vt 0.5 0.17620819807052612
vt 0.41189590096473694 0.5
vt 0.25 0.3237918019294739
vt 0.25 0.3237918019294739
vt 0.25 0.6762081980705261
vt 0.08810409903526306 0.5
vt 1.0881041288375854 0.5
vt 1 0.8237918019294739
vt 0.9118959307670593 0.5
vn -0.5773502691896257 0.5773502691896257 0.5773502691896257
vn -0.5773502691896257 0.5773502691896257 0.5773502691896257
vn -0.5773502691896257 0.5773502691896257 0.5773502691896257
vn 0 0.9341723510700028 0.35682211043647993
vn 0 0.9341723510700028 0.35682211043647993
vn 0 0.9341723510700028 0.35682211043647993
vn 0 0.9341723510700028 -0.35682211043647993
vn 0 0.9341723510700028 -0.35682211043647993
vn 0 0.9341723510700028 -0.35682211043647993
vn -0.5773502691896257 0.5773502691896257 -0.5773502691896257
vn -0.5773502691896257 0.5773502691896257 -0.5773502691896257
vn -0.5773502691896257 0.5773502691896257 -0.5773502691896257
vn -0.9341723510700028 0.35682211043647993 0
vn -0.9341723510700028 0.35682211043647993 0
vn -0.9341723510700028 0.35682211043647993 0
vn 0.5773502691896257 0.5773502691896257 0.5773502691896257
vn 0.5773502691896257 0.5773502691896257 0.5773502691896257
vn 0.5773502691896257 0.5773502691896257 0.5773502691896257
vn -0.35682211043647993 0 0.9341723510700028
vn -0.35682211043647993 0 0.9341723510700028
vn -0.35682211043647993 0 0.9341723510700028
vn -0.9341723510700028 -0.35682211043647993 0
vn -0.9341723510700028 -0.35682211043647993 0
vn -0.9341723510700028 -0.35682211043647993 0
vn -0.35682211043647993 0 -0.9341723510700028
vn -0.35682211043647993 0 -0.9341723510700028
vn -0.35682211043647993 0 -0.9341723510700028
vn 0.5773502691896257 0.5773502691896257 -0.5773502691896257
vn 0.5773502691896257 0.5773502691896257 -0.5773502691896257
vn 0.5773502691896257 0.5773502691896257 -0.5773502691896257
vn 0.5773502691896257 -0.5773502691896257 0.5773502691896257
vn 0.5773502691896257 -0.5773502691896257 0.5773502691896257
vn 0.5773502691896257 -0.5773502691896257 0.5773502691896257
vn 0 -0.9341723510700028 0.35682211043647993
vn 0 -0.9341723510700028 0.35682211043647993
vn 0 -0.9341723510700028 0.35682211043647993
vn 0 -0.9341723510700028 -0.35682211043647993
vn 0 -0.9341723510700028 -0.35682211043647993
vn 0 -0.9341723510700028 -0.35682211043647993
vn 0.5773502691896257 -0.5773502691896257 -0.5773502691896257
vn 0.5773502691896257 -0.5773502691896257 -0.5773502691896257
vn 0.5773502691896257 -0.5773502691896257 -0.5773502691896257
vn 0.9341723510700028 -0.35682211043647993 0
vn 0.9341723510700028 -0.35682211043647993 0
vn 0.9341723510700028 -0.35682211043647993 0
vn 0.35682211043647993 0 0.9341723510700028
vn 0.35682211043647993 0 0.9341723510700028
vn 0.35682211043647993 0 0.9341723510700028
vn -0.5773502691896257 -0.5773502691896257 0.5773502691896257
vn -0.5773502691896257 -0.5773502691896257 0.5773502691896257
vn -0.5773502691896257 -0.5773502691896257 0.5773502691896257
vn -0.5773502691896257 -0.5773502691896257 -0.5773502691896257
vn -0.5773502691896257 -0.5773502691896257 -0.5773502691896257
vn -0.5773502691896257 -0.5773502691896257 -0.5773502691896257
vn 0.35682211043647993 0 -0.9341723510700028
vn 0.35682211043647993 0 -0.9341723510700028
vn 0.35682211043647993 0 -0.9341723510700028
vn 0.9341723510700028 0.35682211043647993 0
vn 0.9341723510700028 0.35682211043647993 0
vn 0.9341723510700028 0.35682211043647993 0
f 5168/5168/5168 5169/5169/5169 5170/5170/5170
f 5171/5171/5171 5172/5172/5172 5173/5173/5173
f 5174/5174/5174 5175/5175/5175 5176/5176/5176
f 5177/5177/5177 5178/5178/5178 5179/5179/5179
f 5180/5180/5180 5181/5181/5181 5182/5182/5182
f 5183/5183/5183 5184/5184/5184 5185/5185/5185
f 5186/5186/5186 5187/5187/5187 5188/5188/5188
f 5189/5189/5189 5190/5190/5190 5191/5191/5191
f 5192/5192/5192 5193/5193/5193 5194/5194/5194
f 5195/5195/5195 5196/5196/5196 5197/5197/5197
f 5198/5198/5198 5199/5199/5199 5200/5200/5200
f 5201/5201/5201 5202/5202/5202 5203/5203/5203
f 5204/5204/5204 5205/5205/5205 5206/5206/5206
f 5207/5207/5207 5208/5208/5208 5209/5209/5209
f 5210/5210/5210 5211/5211/5211 5212/5212/5212
f 5213/5213/5213 5214/5214/5214 5215/5215/5215
f 5216/5216/5216 5217/5217/5217 5218/5218/5218
f 5219/5219/5219 5220/5220/5220 5221/5221/5221
f 5222/5222/5222 5223/5223/5223 5224/5224/5224
f 5225/5225/5225 5226/5226/5226 5227/5227/5227
o arm_joint_upper
usemtl black
v 0.4019479316473007 0.72 0.042058490216732025
v 0.47 0.762058490216732 0.06805206835269928
v 0.42794150978326795 0.7880520683526993 0
v 0.47 0.762058490216732 0.06805206835269928
v 0.512058490216732 0.7880520683526993 0
v 0.42794150978326795 0.7880520683526993 0
v 0.512058490216732 0.7880520683526993 0
v 0.47 0.762058490216732 -0.06805206835269928
v 0.42794150978326795 0.7880520683526993 0
v 0.47 0.762058490216732 -0.06805206835269928
v 0.4019479316473007 0.72 -0.042058490216732025
v 0.42794150978326795 0.7880520683526993 0
v 0.4019479316473007 0.72 -0.042058490216732025
v 0.4019479316473007 0.72 0.042058490216732025
v 0.42794150978326795 0.7880520683526993 0
v 0.47 0.762058490216732 0.06805206835269928
v 0.5380520683526993 0.72 0.042058490216732025
v 0.512058490216732 0.7880520683526993 0
v 0.4019479316473007 0.72 0.042058490216732025
v 0.47 0.677941509783268 0.06805206835269928
v 0.47 0.762058490216732 0.06805206835269928
v 0.4019479316473007 0.72 -0.042058490216732025
v 0.42794150978326795 0.6519479316473007 0
v 0.4019479316473007 0.72 0.042058490216732025
v 0.47 0.762058490216732 -0.06805206835269928
v 0.47 0.677941509783268 -0.06805206835269928
v 0.4019479316473007 0.72 -0.042058490216732025
v 0.512058490216732 0.7880520683526993 0
v 0.5380520683526993 0.72 -0.042058490216732025
v 0.47 0.762058490216732 -0.06805206835269928
v 0.5380520683526993 0.72 0.042058490216732025
v 0.47 0.677941509783268 0.06805206835269928
v 0.512058490216732 0.6519479316473007 0
v 0.47 0.677941509783268 0.06805206835269928
v 0.42794150978326795 0.6519479316473007 0
v 0.512058490216732 0.6519479316473007 0
v 0.42794150978326795 0.6519479316473007 0
v 0.47 0.677941509783268 -0.06805206835269928
v 0.512058490216732 0.6519479316473007 0
v 0.47 0.677941509783268 -0.06805206835269928
v 0.5380520683526993 0.72 -0.042058490216732025
v 0.512058490216732 0.6519479316473007 0
v 0.5380520683526993 0.72 -0.042058490216732025
v 0.5380520683526993 0.72 0.042058490216732025
v 0.512058490216732 0.6519479316473007 0
v 0.5380520683526993 0.72 0.042058490216732025
v 0.47 0.762058490216732 0.06805206835269928
v 0.47 0.677941509783268 0.06805206835269928
v 0.47 0.677941509783268 0.06805206835269928
v 0.4019479316473007 0.72 0.042058490216732025
v 0.42794150978326795 0.6519479316473007 0
v 0.42794150978326795 0.6519479316473007 0
v 0.4019479316473007 0.72 -0.042058490216732025
v 0.47 0.677941509783268 -0.06805206835269928
v 0.47 0.677941509783268 -0.06805206835269928
v 0.47 0.762058490216732 -0.06805206835269928
v 0.5380520683526993 0.72 -0.042058490216732025
v 0.5380520683526993 0.72 -0.042058490216732025
v 0.512058490216732 0.7880520683526993 0
v 0.5380520683526993 0.72 0.042058490216732025
vt 0.5881040692329407 0.5
vt 0.75 0.6762081980705261
vt 0.5 0.8237918019294739
vt 0.75 0.6762081980705261
vt 1 0.8237918019294739
vt 0.5 0.8237918019294739
vt 0 0.8237918019294739
vt 0.25 0.6762081980705261
vt 0.5 0.8237918019294739
vt 0.25 0.6762081980705261
vt 0.41189590096473694 0.5
vt 0.5 0.8237918019294739
vt 0.41189590096473694 0.5
vt 0.5881040692329407 0.5
vt 0.5 0.8237918019294739
vt 0.75 0.6762081980705261
vt 0.9118959307670593 0.5
vt 1 0.8237918019294739
vt 0.5881040692329407 0.5
vt 0.75 0.3237918019294739
vt 0.75 0.6762081980705261
vt 0.41189590096473694 0.5
vt 0.5 0.17620819807052612
vt 0.5881040692329407 0.5
vt 0.25 0.6762081980705261
vt 0.25 0.3237918019294739
vt 0.41189590096473694 0.5
vt 0 0.8237918019294739
vt 0.08810409903526306 0.5
vt 0.25 0.6762081980705261
vt 0.9118959307670593 0.5
vt 0.75 0.3237918019294739
vt 1 0.17620819807052612
vt 0.75 0.3237918019294739
vt 0.5 0.17620819807052612
vt 1 0.17620819807052612
vt 0.5 0.17620819807052612
vt 0.25 0.3237918019294739
vt 0 0.17620819807052612
vt 0.25 0.3237918019294739
vt 0.08810409903526306 0.5
vt 0 0.17620819807052612
vt 1.0881041288375854 0.5
vt 0.9118959307670593 0.5
vt 1 0.17620819807052612
vt 0.9118959307670593 0.5
vt 0.75 0.6762081980705261
vt 0.75 0.3237918019294739
vt 0.75 0.3237918019294739
vt 0.5881040692329407 0.5
vt 0.5 0.17620819807052612
vt 0.5 0.17620819807052612
vt 0.41189590096473694 0.5
vt 0.25 0.3237918019294739
vt 0.25 0.3237918019294739
vt 0.25 0.6762081980705261
vt 0.08810409903526306 0.5
vt 1.0881041288375854 0.5
vt 1 0.8237918019294739
vt 0.9118959307670593 0.5
vn -0.5773502691896257 0.5773502691896257 0.5773502691896257
vn -0.5773502691896257 0.5773502691896257 0.5773502691896257
vn -0.5773502691896257 0.5773502691896257 0.5773502691896257
vn 0 0.9341723510700028 0.35682211043647993
vn 0 0.9341723510700028 0.35682211043647993
vn 0 0.9341723510700028 0.35682211043647993
vn 0 0.9341723510700028 -0.35682211043647993
vn 0 0.9341723510700028 -0.35682211043647993
vn 0 0.9341723510700028 -0.35682211043647993
vn -0.5773502691896257 0.5773502691896257 -0.5773502691896257
vn -0.5773502691896257 0.5773502691896257 -0.5773502691896257
vn -0.5773502691896257 0.5773502691896257 -0.5773502691896257
vn -0.9341723510700028 0.35682211043647993 0
vn -0.9341723510700028 0.35682211043647993 0
vn -0.9341723510700028 0.35682211043647993 0
vn 0.5773502691896257 0.5773502691896257 0.5773502691896257
vn 0.5773502691896257 0.5773502691896257 0.5773502691896257
vn 0.5773502691896257 0.5773502691896257 0.5773502691896257
vn -0.35682211043647993 0 0.9341723510700028
vn -0.35682211043647993 0 0.9341723510700028
vn -0.35682211043647993 0 0.9341723510700028
vn -0.9341723510700028 -0.35682211043647993 0
vn -0.9341723510700028 -0.35682211043647993 0
vn -0.9341723510700028 -0.35682211043647993 0
vn -0.35682211043647993 0 -0.9341723510700028
vn -0.35682211043647993 0 -0.9341723510700028
vn -0.35682211043647993 0 -0.9341723510700028
vn 0.5773502691896257 0.5773502691896257 -0.5773502691896257
vn 0.5773502691896257 0.5773502691896257 -0.5773502691896257
vn 0.5773502691896257 0.5773502691896257 -0.5773502691896257
vn 0.5773502691896257 -0.5773502691896257 0.5773502691896257
vn 0.5773502691896257 -0.5773502691896257 0.5773502691896257
vn 0.5773502691896257 -0.5773502691896257 0.5773502691896257
vn 0 -0.9341723510700028 0.35682211043647993
vn 0 -0.9341723510700028 0.35682211043647993
vn 0 -0.9341723510700028 0.35682211043647993
vn 0 -0.9341723510700028 -0.35682211043647993
vn 0 -0.9341723510700028 -0.35682211043647993
vn 0 -0.9341723510700028 -0.35682211043647993
vn 0.5773502691896257 -0.5773502691896257 -0.5773502691896257
vn 0.5773502691896257 -0.5773502691896257 -0.5773502691896257
vn 0.5773502691896257 -0.5773502691896257 -0.5773502691896257
vn 0.9341723510700028 -0.35682211043647993 0
vn 0.9341723510700028 -0.35682211043647993 0
vn 0.9341723510700028 -0.35682211043647993 0
vn 0.35682211043647993 0 0.9341723510700028
vn 0.35682211043647993 0 0.9341723510700028
vn 0.35682211043647993 0 0.9341723510700028
vn -0.5773502691896257 -0.5773502691896257 0.5773502691896257
vn -0.5773502691896257 -0.5773502691896257 0.5773502691896257
vn -0.5773502691896257 -0.5773502691896257 0.5773502691896257
vn -0.5773502691896257 -0.5773502691896257 -0.5773502691896257
vn -0.5773502691896257 -0.5773502691896257 -0.5773502691896257
vn -0.5773502691896257 -0.5773502691896257 -0.5773502691896257
vn 0.35682211043647993 0 -0.9341723510700028
vn 0.35682211043647993 0 -0.9341723510700028
vn 0.35682211043647993 0 -0.9341723510700028
vn 0.9341723510700028 0.35682211043647993 0
vn 0.9341723510700028 0.35682211043647993 0
vn 0.9341723510700028 0.35682211043647993 0
f 5228/5228/5228 5229/5229/5229 5230/5230/5230
f 5231/5231/5231 5232/5232/5232 5233/5233/5233
f 5234/5234/5234 5235/5235/5235 5236/5236/5236
f 5237/5237/5237 5238/5238/5238 5239/5239/5239
f 5240/5240/5240 5241/5241/5241 5242/5242/5242
f 5243/5243/5243 5244/5244/5244 5245/5245/5245
f 5246/5246/5246 5247/5247/5247 5248/5248/5248
f 5249/5249/5249 5250/5250/5250 5251/5251/5251
f 5252/5252/5252 5253/5253/5253 5254/5254/5254
f 5255/5255/5255 5256/5256/5256 5257/5257/5257
f 5258/5258/5258 5259/5259/5259 5260/5260/5260
f 5261/5261/5261 5262/5262/5262 5263/5263/5263
f 5264/5264/5264 5265/5265/5265 5266/5266/5266
f 5267/5267/5267 5268/5268/5268 5269/5269/5269
f 5270/5270/5270 5271/5271/5271 5272/5272/5272
f 5273/5273/5273 5274/5274/5274 5275/5275/5275
f 5276/5276/5276 5277/5277/5277 5278/5278/5278
f 5279/5279/5279 5280/5280/5280 5281/5281/5281
f 5282/5282/5282 5283/5283/5283 5284/5284/5284
f 5285/5285/5285 5286/5286/5286 5287/5287/5287
o gauntlet
usemtl steel
v 0.49999999966730324 0.787786953144904 0.05718823981235263
v 0.5980263806913493 0.7560018911350459 0.027829211885736338
v 0.6386302397272872 0.6679802263695209 -0.017831791473071124
v 0.5980263806913493 0.5752838535852389 -0.053047174027644195
v 0.4999999996673033 0.5322130487838586 -0.05718824412216639
v 0.4019736186432572 0.5639981107937166 -0.027829216195550066
v 0.3613697596073193 0.6520197755592416 0.017831787163257395
v 0.4019736186432572 0.7447161483435236 0.05304716971783047
v 0.49999999966730324 0.787786953144904 0.05718823981235263
v 0.5865167314121233 0.5643855756184735 0.6298196095711133
v 0.7055487660397282 0.5257894284367941 0.5941693610893328
v 0.7548534525389158 0.4189059779089475 0.5387238567256061
v 0.7055487660397282 0.3063460961547968 0.49596232061687534
v 0.5865167314121233 0.2540458326655981 0.4909338782096349
v 0.46748469678451854 0.29264197984727747 0.5265841266914153
v 0.4181800102853308 0.39952543037512406 0.582029631055142
v 0.46748469678451854 0.5120853121292748 0.6247911671638728
v 0.5865167314121232 0.5643855756184735 0.6298196095711133
v 0.49999999966730324 0.6600000009643813 -2.1549068640602798e-9
v 0.49999999966730324 0.6600000009643813 -2.1549068640602798e-9
v 0.49999999966730324 0.6600000009643813 -2.1549068640602798e-9
v 0.49999999966730324 0.6600000009643813 -2.1549068640602798e-9
v 0.49999999966730324 0.6600000009643813 -2.1549068640602798e-9
v 0.49999999966730324 0.6600000009643813 -2.1549068640602798e-9
v 0.49999999966730324 0.6600000009643813 -2.1549068640602798e-9
v 0.49999999966730324 0.6600000009643813 -2.1549068640602798e-9
v 0.49999999966730324 0.787786953144904 0.05718823981235263
v 0.5980263806913493 0.7560018911350459 0.027829211885736338
v 0.6386302397272872 0.6679802263695209 -0.017831791473071124
v 0.5980263806913493 0.5752838535852389 -0.053047174027644195
v 0.4999999996673033 0.5322130487838586 -0.05718824412216639
v 0.4019736186432572 0.5639981107937166 -0.027829216195550066
v 0.3613697596073193 0.6520197755592416 0.017831787163257395
v 0.4019736186432572 0.7447161483435236 0.05304716971783047
v 0.49999999966730324 0.787786953144904 0.05718823981235263
v 0.5865167314121233 0.4092157041420358 0.5603767438903742
v 0.5865167314121233 0.4092157041420358 0.5603767438903742
v 0.5865167314121233 0.4092157041420358 0.5603767438903742
v 0.5865167314121233 0.4092157041420358 0.5603767438903742
v 0.5865167314121233 0.4092157041420358 0.5603767438903742
v 0.5865167314121233 0.4092157041420358 0.5603767438903742
v 0.5865167314121233 0.4092157041420358 0.5603767438903742
v 0.5865167314121233 0.4092157041420358 0.5603767438903742
v 0.5865167314121233 0.5643855756184735 0.6298196095711133
v 0.7055487660397282 0.5257894284367941 0.5941693610893328
v 0.7548534525389158 0.4189059779089475 0.5387238567256061
v 0.7055487660397282 0.3063460961547968 0.49596232061687534
v 0.5865167314121233 0.2540458326655981 0.4909338782096349
v 0.46748469678451854 0.29264197984727747 0.5265841266914153
v 0.4181800102853308 0.39952543037512406 0.582029631055142
v 0.46748469678451854 0.5120853121292748 0.6247911671638728
v 0.5865167314121232 0.5643855756184735 0.6298196095711133
vt 0 1
vt 0.125 1
vt 0.25 1
vt 0.375 1
vt 0.5 1
vt 0.625 1
vt 0.75 1
vt 0.875 1
vt 1 1
vt 0 0
vt 0.125 0
vt 0.25 0
vt 0.375 0
vt 0.5 0
vt 0.625 0
vt 0.75 0
vt 0.875 0
vt 1 0
vt 0.5 0.5
vt 0.5 0.5
vt 0.5 0.5
vt 0.5 0.5
vt 0.5 0.5
vt 0.5 0.5
vt 0.5 0.5
vt 0.5 0.5
vt 1 0.5
vt 0.8535534143447876 0.8535534143447876
vt 0.5 1
vt 0.1464466154575348 0.8535534143447876
vt 0 0.5
vt 0.1464466154575348 0.1464466154575348
vt 0.5 0
vt 0.8535534143447876 0.1464466154575348
vt 1 0.5
vt 0.5 0.5
vt 0.5 0.5
vt 0.5 0.5
vt 0.5 0.5
vt 0.5 0.5
vt 0.5 0.5
vt 0.5 0.5
vt 0.5 0.5
vt 1 0.5
vt 0.8535534143447876 0.1464466154575348
vt 0.5 0
vt 0.1464466154575348 0.1464466154575348
vt 0 0.5
vt 0.1464466154575348 0.8535534143447876
vt 0.5 1
vt 0.8535534143447876 0.8535534143447876
vt 1 0.5
vn -0.006744195912301314 0.9312465446719272 0.36432731006348246
vn 0.6926260070657834 0.7044757158591058 0.1548650383427761
vn 0.9823146299270745 0.07648426148719605 -0.17090384892094396
vn 0.6926260070657834 -0.5848589433270169 -0.42214835158568903
vn -0.006744195912301205 -0.8921480166672586 -0.451692851590739
vn -0.7061143985127567 -0.6653771889490643 -0.24223057742409232
vn -0.9958030217516772 -0.03738573348252757 0.08353830739368726
vn -0.7061143985127567 0.6239574702370586 0.3347828125043728
vn -0.006744195912301556 0.9312465446719272 0.36432731006348246
vn -0.006744195912301314 0.9312465446719272 0.36432731006348246
vn 0.6926260070657834 0.7044757158591058 0.1548650383427761
vn 0.9823146299270745 0.07648426148719605 -0.17090384892094396
vn 0.6926260070657834 -0.5848589433270169 -0.42214835158568903
vn -0.006744195912301205 -0.8921480166672586 -0.451692851590739
vn -0.7061143985127567 -0.6653771889490643 -0.24223057742409232
vn -0.9958030217516772 -0.03738573348252757 0.08353830739368726
vn -0.7061143985127567 0.6239574702370586 0.3347828125043728
vn -0.006744195912301556 0.9312465446719272 0.36432731006348246
vn -0.1395431146442365 0.4044907982154566 -0.9038334544120441
vn -0.1395431146442365 0.4044907982154566 -0.9038334544120441
vn -0.1395431146442365 0.4044907982154566 -0.9038334544120441
vn -0.1395431146442365 0.4044907982154566 -0.9038334544120441
vn -0.1395431146442365 0.4044907982154566 -0.9038334544120441
vn -0.1395431146442365 0.4044907982154566 -0.9038334544120441
vn -0.1395431146442365 0.4044907982154566 -0.9038334544120441
vn -0.1395431146442365 0.4044907982154566 -0.9038334544120441
vn -0.1395431146442365 0.4044907982154566 -0.9038334544120441
vn -0.1395431146442365 0.4044907982154566 -0.9038334544120441
vn -0.1395431146442365 0.4044907982154566 -0.9038334544120441
vn -0.1395431146442365 0.4044907982154566 -0.9038334544120441
vn -0.1395431146442365 0.4044907982154566 -0.9038334544120441
vn -0.1395431146442365 0.4044907982154566 -0.9038334544120441
vn -0.1395431146442365 0.4044907982154566 -0.9038334544120441
vn -0.1395431146442365 0.4044907982154566 -0.9038334544120441
vn -0.1395431146442365 0.4044907982154566 -0.9038334544120441
vn 0.1395431146442365 -0.4044907982154566 0.9038334544120441
vn 0.1395431146442365 -0.4044907982154566 0.9038334544120441
vn 0.1395431146442365 -0.4044907982154566 0.9038334544120441
vn 0.1395431146442365 -0.4044907982154566 0.9038334544120441
vn 0.1395431146442365 -0.4044907982154566 0.9038334544120441
vn 0.1395431146442365 -0.4044907982154566 0.9038334544120441
vn 0.1395431146442365 -0.4044907982154566 0.9038334544120441
vn 0.1395431146442365 -0.4044907982154566 0.9038334544120441
vn 0.1395431146442365 -0.4044907982154566 0.9038334544120441
vn 0.1395431146442365 -0.4044907982154566 0.9038334544120441
vn 0.1395431146442365 -0.4044907982154566 0.9038334544120441
vn 0.1395431146442365 -0.4044907982154566 0.9038334544120441
vn 0.1395431146442365 -0.4044907982154566 0.9038334544120441
vn 0.1395431146442365 -0.4044907982154566 0.9038334544120441
vn 0.1395431146442365 -0.4044907982154566 0.9038334544120441
vn 0.1395431146442365 -0.4044907982154566 0.9038334544120441
vn 0.1395431146442365 -0.4044907982154566 0.9038334544120441
f 5288/5288/5288 5297/5297/5297 5289/5289/5289
f 5297/5297/5297 5298/5298/5298 5289/5289/5289
f 5289/5289/5289 5298/5298/5298 5290/5290/5290
f 5298/5298/5298 5299/5299/5299 5290/5290/5290
f 5290/5290/5290 5299/5299/5299 5291/5291/5291
f 5299/5299/5299 5300/5300/5300 5291/5291/5291
f 5291/5291/5291 5300/5300/5300 5292/5292/5292
f 5300/5300/5300 5301/5301/5301 5292/5292/5292
f 5292/5292/5292 5301/5301/5301 5293/5293/5293
f 5301/5301/5301 5302/5302/5302 5293/5293/5293
f 5293/5293/5293 5302/5302/5302 5294/5294/5294
f 5302/5302/5302 5303/5303/5303 5294/5294/5294
f 5294/5294/5294 5303/5303/5303 5295/5295/5295
f 5303/5303/5303 5304/5304/5304 5295/5295/5295
f 5295/5295/5295 5304/5304/5304 5296/5296/5296
f 5304/5304/5304 5305/5305/5305 5296/5296/5296
f 5314/5314/5314 5315/5315/5315 5306/5306/5306
f 5315/5315/5315 5316/5316/5316 5307/5307/5307
f 5316/5316/5316 5317/5317/5317 5308/5308/5308
f 5317/5317/5317 5318/5318/5318 5309/5309/5309
f 5318/5318/5318 5319/5319/5319 5310/5310/5310
f 5319/5319/5319 5320/5320/5320 5311/5311/5311
f 5320/5320/5320 5321/5321/5321 5312/5312/5312
f 5321/5321/5321 5322/5322/5322 5313/5313/5313
f 5332/5332/5332 5331/5331/5331 5323/5323/5323
f 5333/5333/5333 5332/5332/5332 5324/5324/5324
f 5334/5334/5334 5333/5333/5333 5325/5325/5325
f 5335/5335/5335 5334/5334/5334 5326/5326/5326
f 5336/5336/5336 5335/5335/5335 5327/5327/5327
f 5337/5337/5337 5336/5336/5336 5328/5328/5328
f 5338/5338/5338 5337/5337/5337 5329/5329/5329
f 5339/5339/5339 5338/5338/5338 5330/5330/5330
o cuff_plate
usemtl navyD
v 0.5013954312400133 0.8202526075221035 0.08256607743106617
v 0.6274293528613657 0.7793860964911749 0.044818754100081536
v 0.6796343176408647 0.6662153819172457 -0.013888251929434478
v 0.6274293528613657 0.5470343280980333 -0.059165173254380775
v 0.5013954312400133 0.491657575971123 -0.06448940713069018
v 0.3753615096186609 0.5325240870020516 -0.026742083799705545
v 0.3231565448391619 0.6456948015759808 0.03196492222981047
v 0.3753615096186609 0.7648758553951932 0.07724184355475677
v 0.5013954312400133 0.8202526075221035 0.08256607743106617
v 0.5097680179315256 0.7868555158725881 0.1327112068835147
v 0.6288000525591304 0.7482593686909086 0.09706095840173429
v 0.6781047390583181 0.641375918163062 0.04161545403800754
v 0.6288000525591304 0.5288160364089113 -0.0011460820707232672
v 0.5097680179315256 0.4765157729197126 -0.006174524477963676
v 0.3907359833039208 0.515111920101392 0.029475724003816754
v 0.3414312968047331 0.6219953706292386 0.08492122836754348
v 0.3907359833039208 0.7345552523833893 0.1276827644762743
v 0.5097680179315256 0.7868555158725881 0.13271120688351473
v 0.5013954312400133 0.6559550917466133 0.009038335150187999
v 0.5013954312400133 0.6559550917466133 0.009038335150187999
v 0.5013954312400133 0.6559550917466133 0.009038335150187999
v 0.5013954312400133 0.6559550917466133 0.009038335150187999
v 0.5013954312400133 0.6559550917466133 0.009038335150187999
v 0.5013954312400133 0.6559550917466133 0.009038335150187999
v 0.5013954312400133 0.6559550917466133 0.009038335150187999
v 0.5013954312400133 0.6559550917466133 0.009038335150187999
v 0.5013954312400133 0.8202526075221035 0.08256607743106617
v 0.6274293528613657 0.7793860964911749 0.044818754100081536
v 0.6796343176408647 0.6662153819172457 -0.013888251929434478
v 0.6274293528613657 0.5470343280980333 -0.059165173254380775
v 0.5013954312400133 0.491657575971123 -0.06448940713069018
v 0.3753615096186609 0.5325240870020516 -0.026742083799705545
v 0.3231565448391619 0.6456948015759808 0.03196492222981047
v 0.3753615096186609 0.7648758553951932 0.07724184355475677
v 0.5013954312400133 0.8202526075221035 0.08256607743106617
v 0.5097680179315256 0.6316856443961503 0.06326834120277552
v 0.5097680179315256 0.6316856443961503 0.06326834120277552
v 0.5097680179315256 0.6316856443961503 0.06326834120277552
v 0.5097680179315256 0.6316856443961503 0.06326834120277552
v 0.5097680179315256 0.6316856443961503 0.06326834120277552
v 0.5097680179315256 0.6316856443961503 0.06326834120277552
v 0.5097680179315256 0.6316856443961503 0.06326834120277552
v 0.5097680179315256 0.6316856443961503 0.06326834120277552
v 0.5097680179315256 0.7868555158725881 0.1327112068835147
v 0.6288000525591304 0.7482593686909086 0.09706095840173429
v 0.6781047390583181 0.641375918163062 0.04161545403800754
v 0.6288000525591304 0.5288160364089113 -0.0011460820707232672
v 0.5097680179315256 0.4765157729197126 -0.006174524477963676
v 0.3907359833039208 0.515111920101392 0.029475724003816754
v 0.3414312968047331 0.6219953706292386 0.08492122836754348
v 0.3907359833039208 0.7345552523833893 0.1276827644762743
v 0.5097680179315256 0.7868555158725881 0.13271120688351473
vt 0 1
vt 0.125 1
vt 0.25 1
vt 0.375 1
vt 0.5 1
vt 0.625 1
vt 0.75 1
vt 0.875 1
vt 1 1
vt 0 0
vt 0.125 0
vt 0.25 0
vt 0.375 0
vt 0.5 0
vt 0.625 0
vt 0.75 0
vt 0.875 0
vt 1 0
vt 0.5 0.5
vt 0.5 0.5
vt 0.5 0.5
vt 0.5 0.5
vt 0.5 0.5
vt 0.5 0.5
vt 0.5 0.5
vt 0.5 0.5
vt 1 0.5
vt 0.8535534143447876 0.8535534143447876
vt 0.5 1
vt 0.1464466154575348 0.8535534143447876
vt 0 0.5
vt 0.1464466154575348 0.1464466154575348
vt 0.5 0
vt 0.8535534143447876 0.1464466154575348
vt 1 0.5
vt 0.5 0.5
vt 0.5 0.5
vt 0.5 0.5
vt 0.5 0.5
vt 0.5 0.5
vt 0.5 0.5
vt 0.5 0.5
vt 0.5 0.5
vt 1 0.5
vt 0.8535534143447876 0.1464466154575348
vt 0.5 0
vt 0.1464466154575348 0.1464466154575348
vt 0 0.5
vt 0.1464466154575348 0.8535534143447876
vt 0.5 1
vt 0.8535534143447876 0.8535534143447876
vt 1 0.5
vn 0.022940746058562632 0.8338469296551363 0.5515188302088867
vn 0.713602375222602 0.6098998531648838 0.3446647924957144
vn 0.9996837888016884 -0.010271834050736098 0.022952381844491013
vn 0.713602375222602 -0.6633799797637098 -0.2251636127915894
vn 0.022940746058562736 -0.9668426809473961 -0.25434022974890996
vn -0.6677208811069412 -0.7428956102502584 -0.04748617909104037
vn -0.9538022966845632 -0.12272391724152376 0.2742262186154856
vn -0.6677208811069412 0.5303842226783351 0.5223422261962634
vn 0.022940746058562392 0.8338469296551363 0.5515188302088867
vn 0.022940746058562632 0.8338469296551363 0.5515188302088867
vn 0.713602375222602 0.6098998531648838 0.3446647924957144
vn 0.9996837888016884 -0.010271834050736098 0.022952381844491013
vn 0.713602375222602 -0.6633799797637098 -0.2251636127915894
vn 0.022940746058562736 -0.9668426809473961 -0.25434022974890996
vn -0.6677208811069412 -0.7428956102502584 -0.04748617909104037
vn -0.9538022966845632 -0.12272391724152376 0.2742262186154856
vn -0.6677208811069412 0.5303842226783351 0.5223422261962634
vn 0.022940746058562392 0.8338469296551363 0.5515188302088867
vn -0.1395431146442365 0.4044907982154566 -0.9038334544120441
vn -0.1395431146442365 0.4044907982154566 -0.9038334544120441
vn -0.1395431146442365 0.4044907982154566 -0.9038334544120441
vn -0.1395431146442365 0.4044907982154566 -0.9038334544120441
vn -0.1395431146442365 0.4044907982154566 -0.9038334544120441
vn -0.1395431146442365 0.4044907982154566 -0.9038334544120441
vn -0.1395431146442365 0.4044907982154566 -0.9038334544120441
vn -0.1395431146442365 0.4044907982154566 -0.9038334544120441
vn -0.1395431146442365 0.4044907982154566 -0.9038334544120441
vn -0.1395431146442365 0.4044907982154566 -0.9038334544120441
vn -0.1395431146442365 0.4044907982154566 -0.9038334544120441
vn -0.1395431146442365 0.4044907982154566 -0.9038334544120441
vn -0.1395431146442365 0.4044907982154566 -0.9038334544120441
vn -0.1395431146442365 0.4044907982154566 -0.9038334544120441
vn -0.1395431146442365 0.4044907982154566 -0.9038334544120441
vn -0.1395431146442365 0.4044907982154566 -0.9038334544120441
vn -0.1395431146442365 0.4044907982154566 -0.9038334544120441
vn 0.1395431146442365 -0.4044907982154566 0.9038334544120441
vn 0.1395431146442365 -0.4044907982154566 0.9038334544120441
vn 0.1395431146442365 -0.4044907982154566 0.9038334544120441
vn 0.1395431146442365 -0.4044907982154566 0.9038334544120441
vn 0.1395431146442365 -0.4044907982154566 0.9038334544120441
vn 0.1395431146442365 -0.4044907982154566 0.9038334544120441
vn 0.1395431146442365 -0.4044907982154566 0.9038334544120441
vn 0.1395431146442365 -0.4044907982154566 0.9038334544120441
vn 0.1395431146442365 -0.4044907982154566 0.9038334544120441
vn 0.1395431146442365 -0.4044907982154566 0.9038334544120441
vn 0.1395431146442365 -0.4044907982154566 0.9038334544120441
vn 0.1395431146442365 -0.4044907982154566 0.9038334544120441
vn 0.1395431146442365 -0.4044907982154566 0.9038334544120441
vn 0.1395431146442365 -0.4044907982154566 0.9038334544120441
vn 0.1395431146442365 -0.4044907982154566 0.9038334544120441
vn 0.1395431146442365 -0.4044907982154566 0.9038334544120441
vn 0.1395431146442365 -0.4044907982154566 0.9038334544120441
f 5340/5340/5340 5349/5349/5349 5341/5341/5341
f 5349/5349/5349 5350/5350/5350 5341/5341/5341
f 5341/5341/5341 5350/5350/5350 5342/5342/5342
f 5350/5350/5350 5351/5351/5351 5342/5342/5342
f 5342/5342/5342 5351/5351/5351 5343/5343/5343
f 5351/5351/5351 5352/5352/5352 5343/5343/5343
f 5343/5343/5343 5352/5352/5352 5344/5344/5344
f 5352/5352/5352 5353/5353/5353 5344/5344/5344
f 5344/5344/5344 5353/5353/5353 5345/5345/5345
f 5353/5353/5353 5354/5354/5354 5345/5345/5345
f 5345/5345/5345 5354/5354/5354 5346/5346/5346
f 5354/5354/5354 5355/5355/5355 5346/5346/5346
f 5346/5346/5346 5355/5355/5355 5347/5347/5347
f 5355/5355/5355 5356/5356/5356 5347/5347/5347
f 5347/5347/5347 5356/5356/5356 5348/5348/5348
f 5356/5356/5356 5357/5357/5357 5348/5348/5348
f 5366/5366/5366 5367/5367/5367 5358/5358/5358
f 5367/5367/5367 5368/5368/5368 5359/5359/5359
f 5368/5368/5368 5369/5369/5369 5360/5360/5360
f 5369/5369/5369 5370/5370/5370 5361/5361/5361
f 5370/5370/5370 5371/5371/5371 5362/5362/5362
f 5371/5371/5371 5372/5372/5372 5363/5363/5363
f 5372/5372/5372 5373/5373/5373 5364/5364/5364
f 5373/5373/5373 5374/5374/5374 5365/5365/5365
f 5384/5384/5384 5383/5383/5383 5375/5375/5375
f 5385/5385/5385 5384/5384/5384 5376/5376/5376
f 5386/5386/5386 5385/5385/5385 5377/5377/5377
f 5387/5387/5387 5386/5386/5386 5378/5378/5378
f 5388/5388/5388 5387/5387/5387 5379/5379/5379
f 5389/5389/5389 5388/5388/5388 5380/5380/5380
f 5390/5390/5390 5389/5389/5389 5381/5381/5381
f 5391/5391/5391 5390/5390/5390 5382/5382/5382
o cuff_plate
usemtl navyD
v 0.5111634492651098 0.787374422696874 0.14379197789637116
v 0.6336964237007464 0.7476430967785331 0.10709319398621286
v 0.6844512456512477 0.6376160174156084 0.050016940785815735
v 0.6336964237007464 0.521745553241585 0.005997713116221534
v 0.5111634492651098 0.4679070490461887 0.0008213760216910088
v 0.38863047482947327 0.5076383749645296 0.0375201599318493
v 0.3378756528789719 0.6176654543274543 0.09459641313224644
v 0.38863047482947327 0.7335359185014777 0.13861564080184063
v 0.5111634492651098 0.787374422696874 0.14379197789637116
v 0.5195360359566221 0.758541159997506 0.19597954869235779
v 0.6385680705842269 0.7199450128158267 0.16032930021057737
v 0.6878727570834147 0.6130615622879801 0.10488379584685063
v 0.6385680705842269 0.5005016805338294 0.06212225973811982
v 0.5195360359566221 0.4482014170446307 0.05709381733087941
v 0.4005040013290173 0.48679756422631004 0.09274406581265984
v 0.35119931482982963 0.5936810147541567 0.14818957017638656
v 0.4005040013290173 0.7062408965083073 0.1909511062851174
v 0.5195360359566221 0.758541159997506 0.1959795486923578
v 0.5111634492651098 0.6276407358715314 0.07230667695903109
v 0.5111634492651098 0.6276407358715314 0.07230667695903109
v 0.5111634492651098 0.6276407358715314 0.07230667695903109
v 0.5111634492651098 0.6276407358715314 0.07230667695903109
v 0.5111634492651098 0.6276407358715314 0.07230667695903109
v 0.5111634492651098 0.6276407358715314 0.07230667695903109
v 0.5111634492651098 0.6276407358715314 0.07230667695903109
v 0.5111634492651098 0.6276407358715314 0.07230667695903109
v 0.5111634492651098 0.787374422696874 0.14379197789637116
v 0.6336964237007464 0.7476430967785331 0.10709319398621286
v 0.6844512456512477 0.6376160174156084 0.050016940785815735
v 0.6336964237007464 0.521745553241585 0.005997713116221534
v 0.5111634492651098 0.4679070490461887 0.0008213760216910088
v 0.38863047482947327 0.5076383749645296 0.0375201599318493
v 0.3378756528789719 0.6176654543274543 0.09459641313224644
v 0.38863047482947327 0.7335359185014777 0.13861564080184063
v 0.5111634492651098 0.787374422696874 0.14379197789637116
v 0.5195360359566221 0.6033712885210684 0.1265366830116186
v 0.5195360359566221 0.6033712885210684 0.1265366830116186
v 0.5195360359566221 0.6033712885210684 0.1265366830116186
v 0.5195360359566221 0.6033712885210684 0.1265366830116186
v 0.5195360359566221 0.6033712885210684 0.1265366830116186
v 0.5195360359566221 0.6033712885210684 0.1265366830116186
v 0.5195360359566221 0.6033712885210684 0.1265366830116186
v 0.5195360359566221 0.6033712885210684 0.1265366830116186
v 0.5195360359566221 0.758541159997506 0.19597954869235779
v 0.6385680705842269 0.7199450128158267 0.16032930021057737
v 0.6878727570834147 0.6130615622879801 0.10488379584685063
v 0.6385680705842269 0.5005016805338294 0.06212225973811982
v 0.5195360359566221 0.4482014170446307 0.05709381733087941
v 0.4005040013290173 0.48679756422631004 0.09274406581265984
v 0.35119931482982963 0.5936810147541567 0.14818957017638656
v 0.4005040013290173 0.7062408965083073 0.1909511062851174
v 0.5195360359566221 0.758541159997506 0.1959795486923578
vt 0 1
vt 0.125 1
vt 0.25 1
vt 0.375 1
vt 0.5 1
vt 0.625 1
vt 0.75 1
vt 0.875 1
vt 1 1
vt 0 0
vt 0.125 0
vt 0.25 0
vt 0.375 0
vt 0.5 0
vt 0.625 0
vt 0.75 0
vt 0.875 0
vt 1 0
vt 0.5 0.5
vt 0.5 0.5
vt 0.5 0.5
vt 0.5 0.5
vt 0.5 0.5
vt 0.5 0.5
vt 0.5 0.5
vt 0.5 0.5
vt 1 0.5
vt 0.8535534143447876 0.8535534143447876
vt 0.5 1
vt 0.1464466154575348 0.8535534143447876
vt 0 0.5
vt 0.1464466154575348 0.1464466154575348
vt 0.5 0
vt 0.8535534143447876 0.1464466154575348
vt 1 0.5
vt 0.5 0.5
vt 0.5 0.5
vt 0.5 0.5
vt 0.5 0.5
vt 0.5 0.5
vt 0.5 0.5
vt 0.5 0.5
vt 0.5 0.5
vt 1 0.5
vt 0.8535534143447876 0.1464466154575348
vt 0.5 0
vt 0.1464466154575348 0.1464466154575348
vt 0 0.5
vt 0.1464466154575348 0.8535534143447876
vt 0.5 1
vt 0.8535534143447876 0.8535534143447876
vt 1 0.5
vn 0.011588425604254117 0.876019898140802 0.48213571372943714
vn 0.7093582504836226 0.6497679947410586 0.27315275118694626
vn 0.998383975969141 0.0232135780004413 -0.0518706692116797
vn 0.7093582504836226 -0.636616264571559 -0.3025402521215468
vn 0.011588425604254224 -0.9432021669997948 -0.33201713895355767
vn -0.6861814007474849 -0.7169502593321208 -0.12303418594774491
vn -0.9752071247606326 -0.09039584685943423 0.20198924398755908
vn -0.6861814007474849 0.5694339999804968 0.4526588173607481
vn 0.011588425604253876 0.876019898140802 0.48213571372943714
vn 0.011588425604254117 0.876019898140802 0.48213571372943714
vn 0.7093582504836226 0.6497679947410586 0.27315275118694626
vn 0.998383975969141 0.0232135780004413 -0.0518706692116797
vn 0.7093582504836226 -0.636616264571559 -0.3025402521215468
vn 0.011588425604254224 -0.9432021669997948 -0.33201713895355767
vn -0.6861814007474849 -0.7169502593321208 -0.12303418594774491
vn -0.9752071247606326 -0.09039584685943423 0.20198924398755908
vn -0.6861814007474849 0.5694339999804968 0.4526588173607481
vn 0.011588425604253876 0.876019898140802 0.48213571372943714
vn -0.1395431146442365 0.4044907982154566 -0.9038334544120441
vn -0.1395431146442365 0.4044907982154566 -0.9038334544120441
vn -0.1395431146442365 0.4044907982154566 -0.9038334544120441
vn -0.1395431146442365 0.4044907982154566 -0.9038334544120441
vn -0.1395431146442365 0.4044907982154566 -0.9038334544120441
vn -0.1395431146442365 0.4044907982154566 -0.9038334544120441
vn -0.1395431146442365 0.4044907982154566 -0.9038334544120441
vn -0.1395431146442365 0.4044907982154566 -0.9038334544120441
vn -0.1395431146442365 0.4044907982154566 -0.9038334544120441
vn -0.1395431146442365 0.4044907982154566 -0.9038334544120441
vn -0.1395431146442365 0.4044907982154566 -0.9038334544120441
vn -0.1395431146442365 0.4044907982154566 -0.9038334544120441
vn -0.1395431146442365 0.4044907982154566 -0.9038334544120441
vn -0.1395431146442365 0.4044907982154566 -0.9038334544120441
vn -0.1395431146442365 0.4044907982154566 -0.9038334544120441
vn -0.1395431146442365 0.4044907982154566 -0.9038334544120441
vn -0.1395431146442365 0.4044907982154566 -0.9038334544120441
vn 0.1395431146442365 -0.4044907982154566 0.9038334544120441
vn 0.1395431146442365 -0.4044907982154566 0.9038334544120441
vn 0.1395431146442365 -0.4044907982154566 0.9038334544120441
vn 0.1395431146442365 -0.4044907982154566 0.9038334544120441
vn 0.1395431146442365 -0.4044907982154566 0.9038334544120441
vn 0.1395431146442365 -0.4044907982154566 0.9038334544120441
vn 0.1395431146442365 -0.4044907982154566 0.9038334544120441
vn 0.1395431146442365 -0.4044907982154566 0.9038334544120441
vn 0.1395431146442365 -0.4044907982154566 0.9038334544120441
vn 0.1395431146442365 -0.4044907982154566 0.9038334544120441
vn 0.1395431146442365 -0.4044907982154566 0.9038334544120441
vn 0.1395431146442365 -0.4044907982154566 0.9038334544120441
vn 0.1395431146442365 -0.4044907982154566 0.9038334544120441
vn 0.1395431146442365 -0.4044907982154566 0.9038334544120441
vn 0.1395431146442365 -0.4044907982154566 0.9038334544120441
vn 0.1395431146442365 -0.4044907982154566 0.9038334544120441
vn 0.1395431146442365 -0.4044907982154566 0.9038334544120441
f 5392/5392/5392 5401/5401/5401 5393/5393/5393
f 5401/5401/5401 5402/5402/5402 5393/5393/5393
f 5393/5393/5393 5402/5402/5402 5394/5394/5394
f 5402/5402/5402 5403/5403/5403 5394/5394/5394
f 5394/5394/5394 5403/5403/5403 5395/5395/5395
f 5403/5403/5403 5404/5404/5404 5395/5395/5395
f 5395/5395/5395 5404/5404/5404 5396/5396/5396
f 5404/5404/5404 5405/5405/5405 5396/5396/5396
f 5396/5396/5396 5405/5405/5405 5397/5397/5397
f 5405/5405/5405 5406/5406/5406 5397/5397/5397
f 5397/5397/5397 5406/5406/5406 5398/5398/5398
f 5406/5406/5406 5407/5407/5407 5398/5398/5398
f 5398/5398/5398 5407/5407/5407 5399/5399/5399
f 5407/5407/5407 5408/5408/5408 5399/5399/5399
f 5399/5399/5399 5408/5408/5408 5400/5400/5400
f 5408/5408/5408 5409/5409/5409 5400/5400/5400
f 5418/5418/5418 5419/5419/5419 5410/5410/5410
f 5419/5419/5419 5420/5420/5420 5411/5411/5411
f 5420/5420/5420 5421/5421/5421 5412/5412/5412
f 5421/5421/5421 5422/5422/5422 5413/5413/5413
f 5422/5422/5422 5423/5423/5423 5414/5414/5414
f 5423/5423/5423 5424/5424/5424 5415/5415/5415
f 5424/5424/5424 5425/5425/5425 5416/5416/5416
f 5425/5425/5425 5426/5426/5426 5417/5417/5417
f 5436/5436/5436 5435/5435/5435 5427/5427/5427
f 5437/5437/5437 5436/5436/5436 5428/5428/5428
f 5438/5438/5438 5437/5437/5437 5429/5429/5429
f 5439/5439/5439 5438/5438/5438 5430/5430/5430
f 5440/5440/5440 5439/5439/5439 5431/5431/5431
f 5441/5441/5441 5440/5440/5440 5432/5432/5432
f 5442/5442/5442 5441/5441/5441 5433/5433/5433
f 5443/5443/5443 5442/5442/5442 5434/5434/5434
o hand_plate
usemtl black
v 0.7088463296065562 0.5172536281858425 0.6176199535357723
v 0.7060601163841436 0.34368918078218075 0.5182840546601205
v 0.7157886287253488 0.492573909228624 0.6605468219242737
v 0.7130024155029362 0.3190094618249622 0.561210923048622
v 0.46840828260504325 0.3300087947373943 0.5488528355349908
v 0.4711944958274559 0.5035732421410561 0.6481887344106425
v 0.4753505817238358 0.30532907578017576 0.5917797039234922
v 0.47813679494624844 0.47889352318383754 0.691115602799144
v 0.46840828260504325 0.3300087947373943 0.5488528355349908
v 0.7060601163841436 0.34368918078218075 0.5182840546601205
v 0.4711944958274559 0.5035732421410561 0.6481887344106425
v 0.7088463296065562 0.5172536281858425 0.6176199535357723
v 0.47813679494624844 0.47889352318383754 0.691115602799144
v 0.7157886287253488 0.492573909228624 0.6605468219242737
v 0.4753505817238358 0.30532907578017576 0.5917797039234922
v 0.7130024155029362 0.3190094618249622 0.561210923048622
v 0.4711944958274559 0.5035732421410561 0.6481887344106425
v 0.7088463296065562 0.5172536281858425 0.6176199535357723
v 0.47813679494624844 0.47889352318383754 0.691115602799144
v 0.7157886287253488 0.492573909228624 0.6605468219242737
v 0.7060601163841436 0.34368918078218075 0.5182840546601205
v 0.46840828260504325 0.3300087947373943 0.5488528355349908
v 0.7130024155029362 0.3190094618249622 0.561210923048622
v 0.4753505817238358 0.30532907578017576 0.5917797039234922
vt 0 1
vt 1 1
vt 0 0
vt 1 0
vt 0 1
vt 1 1
vt 0 0
vt 1 0
vt 0 1
vt 1 1
vt 0 0
vt 1 0
vt 0 1
vt 1 1
vt 0 0
vt 1 0
vt 0 1
vt 1 1
vt 0 0
vt 1 0
vt 0 1
vt 1 1
vt 0 0
vt 1 0
vn 0.9902159962126371 0.05700160979402872 -0.12736992315889892
vn 0.9902159962126371 0.05700160979402872 -0.12736992315889892
vn 0.9902159962126371 0.05700160979402872 -0.12736992315889892
vn 0.9902159962126371 0.05700160979402872 -0.12736992315889892
vn -0.9902159962126371 -0.05700160979402872 0.12736992315889892
vn -0.9902159962126371 -0.05700160979402872 0.12736992315889892
vn -0.9902159962126371 -0.05700160979402872 0.12736992315889892
vn -0.9902159962126371 -0.05700160979402872 0.12736992315889892
vn -0.1388459803068844 0.49359437178924187 -0.8585373549768257
vn -0.1388459803068844 0.49359437178924187 -0.8585373549768257
vn -0.1388459803068844 0.49359437178924187 -0.8585373549768257
vn -0.1388459803068844 0.49359437178924187 -0.8585373549768257
vn 0.1388459803068844 -0.49359437178924187 0.8585373549768257
vn 0.1388459803068844 -0.49359437178924187 0.8585373549768257
vn 0.1388459803068844 -0.49359437178924187 0.8585373549768257
vn 0.1388459803068844 -0.49359437178924187 0.8585373549768257
vn 0.013931065904474176 0.8678222240867499 0.49667948697715736
vn 0.013931065904474176 0.8678222240867499 0.49667948697715736
vn 0.013931065904474176 0.8678222240867499 0.49667948697715736
vn 0.013931065904474176 0.8678222240867499 0.49667948697715736
vn -0.013931065904474176 -0.8678222240867499 -0.49667948697715736
vn -0.013931065904474176 -0.8678222240867499 -0.49667948697715736
vn -0.013931065904474176 -0.8678222240867499 -0.49667948697715736
vn -0.013931065904474176 -0.8678222240867499 -0.49667948697715736
f 5444/5444/5444 5446/5446/5446 5445/5445/5445
f 5446/5446/5446 5447/5447/5447 5445/5445/5445
f 5448/5448/5448 5450/5450/5450 5449/5449/5449
f 5450/5450/5450 5451/5451/5451 5449/5449/5449
f 5452/5452/5452 5454/5454/5454 5453/5453/5453
f 5454/5454/5454 5455/5455/5455 5453/5453/5453
f 5456/5456/5456 5458/5458/5458 5457/5457/5457
f 5458/5458/5458 5459/5459/5459 5457/5457/5457
f 5460/5460/5460 5462/5462/5462 5461/5461/5461
f 5462/5462/5462 5463/5463/5463 5461/5461/5461
f 5464/5464/5464 5466/5466/5466 5465/5465/5465
f 5466/5466/5466 5467/5467/5467 5465/5465/5465
o hand_plate
usemtl black
v 0.7170796058552281 0.48430595986246583 0.6668831669668774
v 0.71457201389278 0.3280979533197026 0.5774808557584605
v 0.7240219049740207 0.4596262409052473 0.7098100353553789
v 0.7215143130115726 0.30341823436248405 0.620407724146962
v 0.4769201801136797 0.3144175672749162 0.6080496366333308
v 0.4794277720761278 0.47062557381767944 0.6974519478417477
v 0.4838624792324722 0.28973784831769767 0.6509765050218322
v 0.4863700711949203 0.4459458548604609 0.7403788162302491
v 0.4769201801136797 0.3144175672749162 0.6080496366333308
v 0.71457201389278 0.3280979533197026 0.5774808557584605
v 0.4794277720761278 0.47062557381767944 0.6974519478417477
v 0.7170796058552281 0.48430595986246583 0.6668831669668774
v 0.4863700711949203 0.4459458548604609 0.7403788162302491
v 0.7240219049740207 0.4596262409052473 0.7098100353553789
v 0.4838624792324722 0.28973784831769767 0.6509765050218322
v 0.7215143130115726 0.30341823436248405 0.620407724146962
v 0.4794277720761278 0.47062557381767944 0.6974519478417477
v 0.7170796058552281 0.48430595986246583 0.6668831669668774
v 0.4863700711949203 0.4459458548604609 0.7403788162302491
v 0.7240219049740207 0.4596262409052473 0.7098100353553789
v 0.71457201389278 0.3280979533197026 0.5774808557584605
v 0.4769201801136797 0.3144175672749162 0.6080496366333308
v 0.7215143130115726 0.30341823436248405 0.620407724146962
v 0.4838624792324722 0.28973784831769767 0.6509765050218322
vt 0 1
vt 1 1
vt 0 0
vt 1 0
vt 0 1
vt 1 1
vt 0 0
vt 1 0
vt 0 1
vt 1 1
vt 0 0
vt 1 0
vt 0 1
vt 1 1
vt 0 0
vt 1 0
vt 0 1
vt 1 1
vt 0 0
vt 1 0
vt 0 1
vt 1 1
vt 0 0
vt 1 0
vn 0.9902159962126371 0.05700160979402872 -0.12736992315889892
vn 0.9902159962126371 0.05700160979402872 -0.12736992315889892
vn 0.9902159962126371 0.05700160979402872 -0.12736992315889892
vn 0.9902159962126371 0.05700160979402872 -0.12736992315889892
vn -0.9902159962126371 -0.05700160979402872 0.12736992315889892
vn -0.9902159962126371 -0.05700160979402872 0.12736992315889892
vn -0.9902159962126371 -0.05700160979402872 0.12736992315889892
vn -0.9902159962126371 -0.05700160979402872 0.12736992315889892
vn -0.1388459803068844 0.49359437178924187 -0.8585373549768257
vn -0.1388459803068844 0.49359437178924187 -0.8585373549768257
vn -0.1388459803068844 0.49359437178924187 -0.8585373549768257
vn -0.1388459803068844 0.49359437178924187 -0.8585373549768257
vn 0.1388459803068844 -0.49359437178924187 0.8585373549768257
vn 0.1388459803068844 -0.49359437178924187 0.8585373549768257
vn 0.1388459803068844 -0.49359437178924187 0.8585373549768257
vn 0.1388459803068844 -0.49359437178924187 0.8585373549768257
vn 0.013931065904474176 0.8678222240867499 0.49667948697715736
vn 0.013931065904474176 0.8678222240867499 0.49667948697715736
vn 0.013931065904474176 0.8678222240867499 0.49667948697715736
vn 0.013931065904474176 0.8678222240867499 0.49667948697715736
vn -0.013931065904474176 -0.8678222240867499 -0.49667948697715736
vn -0.013931065904474176 -0.8678222240867499 -0.49667948697715736
vn -0.013931065904474176 -0.8678222240867499 -0.49667948697715736
vn -0.013931065904474176 -0.8678222240867499 -0.49667948697715736
f 5468/5468/5468 5470/5470/5470 5469/5469/5469
f 5470/5470/5470 5471/5471/5471 5469/5469/5469
f 5472/5472/5472 5474/5474/5474 5473/5473/5473
f 5474/5474/5474 5475/5475/5475 5473/5473/5473
f 5476/5476/5476 5478/5478/5478 5477/5477/5477
f 5478/5478/5478 5479/5479/5479 5477/5477/5477
f 5480/5480/5480 5482/5482/5482 5481/5481/5481
f 5482/5482/5482 5483/5483/5483 5481/5481/5481
f 5484/5484/5484 5486/5486/5486 5485/5485/5485
f 5486/5486/5486 5487/5487/5487 5485/5485/5485
f 5488/5488/5488 5490/5490/5490 5489/5489/5489
f 5490/5490/5490 5491/5491/5491 5489/5489/5489
o hand_plate
usemtl black
v 0.7253128820001056 0.4513582850733098 0.7161463766974321
v 0.723083911505211 0.3125067323230039 0.6366776605573512
v 0.7322551811188981 0.42667856611609123 0.7590732450859335
v 0.7300262106240036 0.28782701336578537 0.6796045289458525
v 0.48543207772611063 0.29882634627821747 0.6672464414322213
v 0.48766104822100514 0.43767789902852333 0.7467151575723023
v 0.4923743768449032 0.2741466273209989 0.7101733098207228
v 0.4946033473397977 0.4129981800713048 0.7896420259608037
v 0.48543207772611063 0.29882634627821747 0.6672464414322213
v 0.723083911505211 0.3125067323230039 0.6366776605573512
v 0.48766104822100514 0.43767789902852333 0.7467151575723023
v 0.7253128820001056 0.4513582850733098 0.7161463766974321
v 0.4946033473397977 0.4129981800713048 0.7896420259608037
v 0.7322551811188981 0.42667856611609123 0.7590732450859335
v 0.4923743768449032 0.2741466273209989 0.7101733098207228
v 0.7300262106240036 0.28782701336578537 0.6796045289458525
v 0.48766104822100514 0.43767789902852333 0.7467151575723023
v 0.7253128820001056 0.4513582850733098 0.7161463766974321
v 0.4946033473397977 0.4129981800713048 0.7896420259608037
v 0.7322551811188981 0.42667856611609123 0.7590732450859335
v 0.723083911505211 0.3125067323230039 0.6366776605573512
v 0.48543207772611063 0.29882634627821747 0.6672464414322213
v 0.7300262106240036 0.28782701336578537 0.6796045289458525
v 0.4923743768449032 0.2741466273209989 0.7101733098207228
vt 0 1
vt 1 1
vt 0 0
vt 1 0
vt 0 1
vt 1 1
vt 0 0
vt 1 0
vt 0 1
vt 1 1
vt 0 0
vt 1 0
vt 0 1
vt 1 1
vt 0 0
vt 1 0
vt 0 1
vt 1 1
vt 0 0
vt 1 0
vt 0 1
vt 1 1
vt 0 0
vt 1 0
vn 0.9902159962126371 0.05700160979402872 -0.12736992315889892
vn 0.9902159962126371 0.05700160979402872 -0.12736992315889892
vn 0.9902159962126371 0.05700160979402872 -0.12736992315889892
vn 0.9902159962126371 0.05700160979402872 -0.12736992315889892
vn -0.9902159962126371 -0.05700160979402872 0.12736992315889892
vn -0.9902159962126371 -0.05700160979402872 0.12736992315889892
vn -0.9902159962126371 -0.05700160979402872 0.12736992315889892
vn -0.9902159962126371 -0.05700160979402872 0.12736992315889892
vn -0.1388459803068844 0.49359437178924187 -0.8585373549768257
vn -0.1388459803068844 0.49359437178924187 -0.8585373549768257
vn -0.1388459803068844 0.49359437178924187 -0.8585373549768257
vn -0.1388459803068844 0.49359437178924187 -0.8585373549768257
vn 0.1388459803068844 -0.49359437178924187 0.8585373549768257
vn 0.1388459803068844 -0.49359437178924187 0.8585373549768257
vn 0.1388459803068844 -0.49359437178924187 0.8585373549768257
vn 0.1388459803068844 -0.49359437178924187 0.8585373549768257
vn 0.013931065904474176 0.8678222240867499 0.49667948697715736
vn 0.013931065904474176 0.8678222240867499 0.49667948697715736
vn 0.013931065904474176 0.8678222240867499 0.49667948697715736
vn 0.013931065904474176 0.8678222240867499 0.49667948697715736
vn -0.013931065904474176 -0.8678222240867499 -0.49667948697715736
vn -0.013931065904474176 -0.8678222240867499 -0.49667948697715736
vn -0.013931065904474176 -0.8678222240867499 -0.49667948697715736
vn -0.013931065904474176 -0.8678222240867499 -0.49667948697715736
f 5492/5492/5492 5494/5494/5494 5493/5493/5493
f 5494/5494/5494 5495/5495/5495 5493/5493/5493
f 5496/5496/5496 5498/5498/5498 5497/5497/5497
f 5498/5498/5498 5499/5499/5499 5497/5497/5497
f 5500/5500/5500 5502/5502/5502 5501/5501/5501
f 5502/5502/5502 5503/5503/5503 5501/5501/5501
f 5504/5504/5504 5506/5506/5506 5505/5505/5505
f 5506/5506/5506 5507/5507/5507 5505/5505/5505
f 5508/5508/5508 5510/5510/5510 5509/5509/5509
f 5510/5510/5510 5511/5511/5511 5509/5509/5509
f 5512/5512/5512 5514/5514/5514 5513/5513/5513
f 5514/5514/5514 5515/5515/5515 5513/5513/5513
o baton_shaft
usemtl black
v 0.35320623106549465 0.7495040936642422 0.6005410195549964
v 0.37257577272388065 0.756743787753853 0.5905602644080267
v 0.38059889866259006 0.757116401801228 0.5690498391027436
v 0.37257577272388065 0.7504036646738192 0.548610259892281
v 0.35320623106549465 0.7405378059162384 0.5412147562048792
v 0.33383668940710864 0.7332981118266277 0.551195511351849
v 0.32581356346839924 0.7329254977792528 0.5727059366571321
v 0.33383668940710864 0.7396382349066615 0.5931455158675947
v 0.35320623106549465 0.7495040936642422 0.6005410195549964
v 0.6467937689345054 0.10035882274722185 0.7047178693934406
v 0.6700372182442642 0.10904645535436086 0.692740963262477
v 0.6796649693707155 0.10949359232255096 0.6669284536328292
v 0.6700372182442642 0.10143830788100061 0.6424009593169658
v 0.6467937689345054 0.08959927767229747 0.6335263548466837
v 0.6235503196247465 0.08091164506515847 0.6455032609776473
v 0.6139225684982952 0.08046450809696837 0.6713157706072952
v 0.6235503196247465 0.08851979253851872 0.6958432649231584
v 0.6467937689345054 0.10035882274722185 0.7047178693934406
v 0.35320623106549465 0.7450209497902403 0.5708778878799379
v 0.35320623106549465 0.7450209497902403 0.5708778878799379
v 0.35320623106549465 0.7450209497902403 0.5708778878799379
v 0.35320623106549465 0.7450209497902403 0.5708778878799379
v 0.35320623106549465 0.7450209497902403 0.5708778878799379
v 0.35320623106549465 0.7450209497902403 0.5708778878799379
v 0.35320623106549465 0.7450209497902403 0.5708778878799379
v 0.35320623106549465 0.7450209497902403 0.5708778878799379
v 0.35320623106549465 0.7495040936642422 0.6005410195549964
v 0.37257577272388065 0.756743787753853 0.5905602644080267
v 0.38059889866259006 0.757116401801228 0.5690498391027436
v 0.37257577272388065 0.7504036646738192 0.548610259892281
v 0.35320623106549465 0.7405378059162384 0.5412147562048792
v 0.33383668940710864 0.7332981118266277 0.551195511351849
v 0.32581356346839924 0.7329254977792528 0.5727059366571321
v 0.33383668940710864 0.7396382349066615 0.5931455158675947
v 0.35320623106549465 0.7495040936642422 0.6005410195549964
v 0.6467937689345054 0.09497905020975966 0.6691221121200621
v 0.6467937689345054 0.09497905020975966 0.6691221121200621
v 0.6467937689345054 0.09497905020975966 0.6691221121200621
v 0.6467937689345054 0.09497905020975966 0.6691221121200621
v 0.6467937689345054 0.09497905020975966 0.6691221121200621
v 0.6467937689345054 0.09497905020975966 0.6691221121200621
v 0.6467937689345054 0.09497905020975966 0.6691221121200621
v 0.6467937689345054 0.09497905020975966 0.6691221121200621
v 0.6467937689345054 0.10035882274722185 0.7047178693934406
v 0.6700372182442642 0.10904645535436086 0.692740963262477
v 0.6796649693707155 0.10949359232255096 0.6669284536328292
v 0.6700372182442642 0.10143830788100061 0.6424009593169658
v 0.6467937689345054 0.08959927767229747 0.6335263548466837
v 0.6235503196247465 0.08091164506515847 0.6455032609776473
v 0.6139225684982952 0.08046450809696837 0.6713157706072952
v 0.6235503196247465 0.08851979253851872 0.6958432649231584
v 0.6467937689345054 0.10035882274722185 0.7047178693934406
vt 0 1
vt 0.125 1
vt 0.25 1
vt 0.375 1
vt 0.5 1
vt 0.625 1
vt 0.75 1
vt 0.875 1
vt 1 1
vt 0 0
vt 0.125 0
vt 0.25 0
vt 0.375 0
vt 0.5 0
vt 0.625 0
vt 0.75 0
vt 0.875 0
vt 1 0
vt 0.5 0.5
vt 0.5 0.5
vt 0.5 0.5
vt 0.5 0.5
vt 0.5 0.5
vt 0.5 0.5
vt 0.5 0.5
vt 0.5 0.5
vt 1 0.5
vt 0.8535534143447876 0.8535534143447876
vt 0.5 1
vt 0.1464466154575348 0.8535534143447876
vt 0 0.5
vt 0.1464466154575348 0.1464466154575348
vt 0.5 0
vt 0.8535534143447876 0.1464466154575348
vt 1 0.5
vt 0.5 0.5
vt 0.5 0.5
vt 0.5 0.5
vt 0.5 0.5
vt 0.5 0.5
vt 0.5 0.5
vt 0.5 0.5
vt 0.5 0.5
vt 1 0.5
vt 0.8535534143447876 0.1464466154575348
vt 0.5 0
vt 0.1464466154575348 0.1464466154575348
vt 0 0.5
vt 0.1464466154575348 0.8535534143447876
vt 0.5 1
vt 0.8535534143447876 0.8535534143447876
vt 1 0.5
vn -0.0033978859472910505 0.15695631583002537 0.9875997009376595
vn 0.6422310783004616 0.39827106565313247 0.6549193846028264
vn 0.909659351536268 0.4106911159838723 -0.06206989136882704
vn 0.6422310783004616 0.1869409696970327 -0.7433655331758122
vn -0.003397885947290911 -0.14190957200862805 -0.9898737938461736
vn -0.6490268501720035 -0.38322432188274885 -0.6571934775036306
vn -0.9164551234308499 -0.39564437216247506 0.05979579846031274
vn -0.6490268501720035 -0.17189422592664905 0.7410914402750081
vn -0.0033978859472912743 0.15695631583002528 0.9875997009376595
vn -0.0033978859472910505 0.15695631583002537 0.9875997009376595
vn 0.6422310783004616 0.39827106565313247 0.6549193846028264
vn 0.909659351536268 0.4106911159838723 -0.06206989136882704
vn 0.6422310783004616 0.1869409696970327 -0.7433655331758122
vn -0.003397885947290911 -0.14190957200862805 -0.9898737938461736
vn -0.6490268501720035 -0.38322432188274885 -0.6571934775036306
vn -0.9164551234308499 -0.39564437216247506 0.05979579846031274
vn -0.6490268501720035 -0.17189422592664905 0.7410914402750081
vn -0.0033978859472912743 0.15695631583002528 0.9875997009376595
vn -0.40776045305957015 0.9028359357640796 -0.13645030602256905
vn -0.40776045305957015 0.9028359357640796 -0.13645030602256905
vn -0.40776045305957015 0.9028359357640796 -0.13645030602256905
vn -0.40776045305957015 0.9028359357640796 -0.13645030602256905
vn -0.40776045305957015 0.9028359357640796 -0.13645030602256905
vn -0.40776045305957015 0.9028359357640796 -0.13645030602256905
vn -0.40776045305957015 0.9028359357640796 -0.13645030602256905
vn -0.40776045305957015 0.9028359357640796 -0.13645030602256905
vn -0.40776045305957015 0.9028359357640796 -0.13645030602256905
vn -0.40776045305957015 0.9028359357640796 -0.13645030602256905
vn -0.40776045305957015 0.9028359357640796 -0.13645030602256905
vn -0.40776045305957015 0.9028359357640796 -0.13645030602256905
vn -0.40776045305957015 0.9028359357640796 -0.13645030602256905
vn -0.40776045305957015 0.9028359357640796 -0.13645030602256905
vn -0.40776045305957015 0.9028359357640796 -0.13645030602256905
vn -0.40776045305957015 0.9028359357640796 -0.13645030602256905
vn -0.40776045305957015 0.9028359357640796 -0.13645030602256905
vn 0.40776045305957015 -0.9028359357640796 0.13645030602256905
vn 0.40776045305957015 -0.9028359357640796 0.13645030602256905
vn 0.40776045305957015 -0.9028359357640796 0.13645030602256905
vn 0.40776045305957015 -0.9028359357640796 0.13645030602256905
vn 0.40776045305957015 -0.9028359357640796 0.13645030602256905
vn 0.40776045305957015 -0.9028359357640796 0.13645030602256905
vn 0.40776045305957015 -0.9028359357640796 0.13645030602256905
vn 0.40776045305957015 -0.9028359357640796 0.13645030602256905
vn 0.40776045305957015 -0.9028359357640796 0.13645030602256905
vn 0.40776045305957015 -0.9028359357640796 0.13645030602256905
vn 0.40776045305957015 -0.9028359357640796 0.13645030602256905
vn 0.40776045305957015 -0.9028359357640796 0.13645030602256905
vn 0.40776045305957015 -0.9028359357640796 0.13645030602256905
vn 0.40776045305957015 -0.9028359357640796 0.13645030602256905
vn 0.40776045305957015 -0.9028359357640796 0.13645030602256905
vn 0.40776045305957015 -0.9028359357640796 0.13645030602256905
vn 0.40776045305957015 -0.9028359357640796 0.13645030602256905
f 5516/5516/5516 5525/5525/5525 5517/5517/5517
f 5525/5525/5525 5526/5526/5526 5517/5517/5517
f 5517/5517/5517 5526/5526/5526 5518/5518/5518
f 5526/5526/5526 5527/5527/5527 5518/5518/5518
f 5518/5518/5518 5527/5527/5527 5519/5519/5519
f 5527/5527/5527 5528/5528/5528 5519/5519/5519
f 5519/5519/5519 5528/5528/5528 5520/5520/5520
f 5528/5528/5528 5529/5529/5529 5520/5520/5520
f 5520/5520/5520 5529/5529/5529 5521/5521/5521
f 5529/5529/5529 5530/5530/5530 5521/5521/5521
f 5521/5521/5521 5530/5530/5530 5522/5522/5522
f 5530/5530/5530 5531/5531/5531 5522/5522/5522
f 5522/5522/5522 5531/5531/5531 5523/5523/5523
f 5531/5531/5531 5532/5532/5532 5523/5523/5523
f 5523/5523/5523 5532/5532/5532 5524/5524/5524
f 5532/5532/5532 5533/5533/5533 5524/5524/5524
f 5542/5542/5542 5543/5543/5543 5534/5534/5534
f 5543/5543/5543 5544/5544/5544 5535/5535/5535
f 5544/5544/5544 5545/5545/5545 5536/5536/5536
f 5545/5545/5545 5546/5546/5546 5537/5537/5537
f 5546/5546/5546 5547/5547/5547 5538/5538/5538
f 5547/5547/5547 5548/5548/5548 5539/5539/5539
f 5548/5548/5548 5549/5549/5549 5540/5540/5540
f 5549/5549/5549 5550/5550/5550 5541/5541/5541
f 5560/5560/5560 5559/5559/5559 5551/5551/5551
f 5561/5561/5561 5560/5560/5560 5552/5552/5552
f 5562/5562/5562 5561/5561/5561 5553/5553/5553
f 5563/5563/5563 5562/5562/5562 5554/5554/5554
f 5564/5564/5564 5563/5563/5563 5555/5555/5555
f 5565/5565/5565 5564/5564/5564 5556/5556/5556
f 5566/5566/5566 5565/5565/5565 5557/5557/5557
f 5567/5567/5567 5566/5566/5566 5558/5558/5558
o baton_grip
usemtl navyD
v 0.5774744846230533 0.25473757691289045 0.6874539423697318
v 0.6045918432849459 0.2648731487885423 0.6734808851412741
v 0.615824219599139 0.26539480839919727 0.6433662893455317
v 0.6045918432849459 0.25599697636515506 0.6147508780825383
v 0.5774744846230534 0.242184773954345 0.6043971729428759
v 0.5503571259611608 0.23204920207869317 0.6183702301713335
v 0.5391247496469677 0.23152754246803822 0.6484848259670758
v 0.5503571259611608 0.2409253745020804 0.6771002372300693
v 0.5774744846230533 0.25473757691289045 0.6874539423697318
v 0.6508713690903061 0.09222710201777028 0.7120149984297628
v 0.6779887277521985 0.10236267389342214 0.6980419412013051
v 0.6892211040663917 0.10288433350407708 0.6679273454055629
v 0.6779887277521985 0.09348650147003489 0.6393119341425694
v 0.6508713690903061 0.07967429905922487 0.6289582290029069
v 0.6237540104284135 0.069538727183573 0.6429312862313645
v 0.6125216341142203 0.06901706757291806 0.6730458820271068
v 0.6237540104284135 0.07841489960696026 0.7016612932901004
v 0.650871369090306 0.09222710201777028 0.7120149984297628
v 0.5774744846230533 0.24846117543361773 0.6459255576563038
v 0.5774744846230533 0.24846117543361773 0.6459255576563038
v 0.5774744846230533 0.24846117543361773 0.6459255576563038
v 0.5774744846230533 0.24846117543361773 0.6459255576563038
v 0.5774744846230533 0.24846117543361773 0.6459255576563038
v 0.5774744846230533 0.24846117543361773 0.6459255576563038
v 0.5774744846230533 0.24846117543361773 0.6459255576563038
v 0.5774744846230533 0.24846117543361773 0.6459255576563038
v 0.5774744846230533 0.25473757691289045 0.6874539423697318
v 0.6045918432849459 0.2648731487885423 0.6734808851412741
v 0.615824219599139 0.26539480839919727 0.6433662893455317
v 0.6045918432849459 0.25599697636515506 0.6147508780825383
v 0.5774744846230534 0.242184773954345 0.6043971729428759
v 0.5503571259611608 0.23204920207869317 0.6183702301713335
v 0.5391247496469677 0.23152754246803822 0.6484848259670758
v 0.5503571259611608 0.2409253745020804 0.6771002372300693
v 0.5774744846230533 0.25473757691289045 0.6874539423697318
v 0.6508713690903061 0.08595070053849757 0.6704866137163349
v 0.6508713690903061 0.08595070053849757 0.6704866137163349
v 0.6508713690903061 0.08595070053849757 0.6704866137163349
v 0.6508713690903061 0.08595070053849757 0.6704866137163349
v 0.6508713690903061 0.08595070053849757 0.6704866137163349
v 0.6508713690903061 0.08595070053849757 0.6704866137163349
v 0.6508713690903061 0.08595070053849757 0.6704866137163349
v 0.6508713690903061 0.08595070053849757 0.6704866137163349
v 0.6508713690903061 0.09222710201777028 0.7120149984297628
v 0.6779887277521985 0.10236267389342214 0.6980419412013051
v 0.6892211040663917 0.10288433350407708 0.6679273454055629
v 0.6779887277521985 0.09348650147003489 0.6393119341425694
v 0.6508713690903061 0.07967429905922487 0.6289582290029069
v 0.6237540104284135 0.069538727183573 0.6429312862313645
v 0.6125216341142203 0.06901706757291806 0.6730458820271068
v 0.6237540104284135 0.07841489960696026 0.7016612932901004
v 0.650871369090306 0.09222710201777028 0.7120149984297628
vt 0 1
vt 0.125 1
vt 0.25 1
vt 0.375 1
vt 0.5 1
vt 0.625 1
vt 0.75 1
vt 0.875 1
vt 1 1
vt 0 0
vt 0.125 0
vt 0.25 0
vt 0.375 0
vt 0.5 0
vt 0.625 0
vt 0.75 0
vt 0.875 0
vt 1 0
vt 0.5 0.5
vt 0.5 0.5
vt 0.5 0.5
vt 0.5 0.5
vt 0.5 0.5
vt 0.5 0.5
vt 0.5 0.5
vt 0.5 0.5
vt 1 0.5
vt 0.8535534143447876 0.8535534143447876
vt 0.5 1
vt 0.1464466154575348 0.8535534143447876
vt 0 0.5
vt 0.1464466154575348 0.1464466154575348
vt 0.5 0
vt 0.8535534143447876 0.1464466154575348
vt 1 0.5
vt 0.5 0.5
vt 0.5 0.5
vt 0.5 0.5
vt 0.5 0.5
vt 0.5 0.5
vt 0.5 0.5
vt 0.5 0.5
vt 0.5 0.5
vt 1 0.5
vt 0.8535534143447876 0.1464466154575348
vt 0.5 0
vt 0.1464466154575348 0.1464466154575348
vt 0 0.5
vt 0.1464466154575348 0.8535534143447876
vt 0.5 1
vt 0.8535534143447876 0.8535534143447876
vt 1 0.5
vn -1.3877787807814457e-17 0.14943813247359924 0.9887710779360424
vn 0.6456513815212719 0.3907612611617766 0.6560792103968323
vn 0.9130889403123083 0.40318174271140017 -0.06093496060181083
vn 0.6456513815212719 0.17942382748190533 -0.7422542581025835
vn 1.2569893749619391e-16 -0.1494381324735992 -0.9887710779360424
vn -0.6456513815212719 -0.3907612611617766 -0.6560792103968323
vn -0.9130889403123083 -0.40318174271140017 0.06093496060181071
vn -0.6456513815212719 -0.17942382748190533 0.7422542581025835
vn -2.3752008718457337e-16 0.14943813247359913 0.9887710779360424
vn -1.3877787807814457e-17 0.14943813247359924 0.9887710779360424
vn 0.6456513815212719 0.3907612611617766 0.6560792103968323
vn 0.9130889403123083 0.40318174271140017 -0.06093496060181083
vn 0.6456513815212719 0.17942382748190533 -0.7422542581025835
vn 1.2569893749619391e-16 -0.1494381324735992 -0.9887710779360424
vn -0.6456513815212719 -0.3907612611617766 -0.6560792103968323
vn -0.9130889403123083 -0.40318174271140017 0.06093496060181071
vn -0.6456513815212719 -0.17942382748190533 0.7422542581025835
vn -2.3752008718457337e-16 0.14943813247359913 0.9887710779360424
vn -0.40776045305957015 0.9028359357640796 -0.13645030602256905
vn -0.40776045305957015 0.9028359357640796 -0.13645030602256905
vn -0.40776045305957015 0.9028359357640796 -0.13645030602256905
vn -0.40776045305957015 0.9028359357640796 -0.13645030602256905
vn -0.40776045305957015 0.9028359357640796 -0.13645030602256905
vn -0.40776045305957015 0.9028359357640796 -0.13645030602256905
vn -0.40776045305957015 0.9028359357640796 -0.13645030602256905
vn -0.40776045305957015 0.9028359357640796 -0.13645030602256905
vn -0.40776045305957015 0.9028359357640796 -0.13645030602256905
vn -0.40776045305957015 0.9028359357640796 -0.13645030602256905
vn -0.40776045305957015 0.9028359357640796 -0.13645030602256905
vn -0.40776045305957015 0.9028359357640796 -0.13645030602256905
vn -0.40776045305957015 0.9028359357640796 -0.13645030602256905
vn -0.40776045305957015 0.9028359357640796 -0.13645030602256905
vn -0.40776045305957015 0.9028359357640796 -0.13645030602256905
vn -0.40776045305957015 0.9028359357640796 -0.13645030602256905
vn -0.40776045305957015 0.9028359357640796 -0.13645030602256905
vn 0.40776045305957015 -0.9028359357640796 0.13645030602256905
vn 0.40776045305957015 -0.9028359357640796 0.13645030602256905
vn 0.40776045305957015 -0.9028359357640796 0.13645030602256905
vn 0.40776045305957015 -0.9028359357640796 0.13645030602256905
vn 0.40776045305957015 -0.9028359357640796 0.13645030602256905
vn 0.40776045305957015 -0.9028359357640796 0.13645030602256905
vn 0.40776045305957015 -0.9028359357640796 0.13645030602256905
vn 0.40776045305957015 -0.9028359357640796 0.13645030602256905
vn 0.40776045305957015 -0.9028359357640796 0.13645030602256905
vn 0.40776045305957015 -0.9028359357640796 0.13645030602256905
vn 0.40776045305957015 -0.9028359357640796 0.13645030602256905
vn 0.40776045305957015 -0.9028359357640796 0.13645030602256905
vn 0.40776045305957015 -0.9028359357640796 0.13645030602256905
vn 0.40776045305957015 -0.9028359357640796 0.13645030602256905
vn 0.40776045305957015 -0.9028359357640796 0.13645030602256905
vn 0.40776045305957015 -0.9028359357640796 0.13645030602256905
vn 0.40776045305957015 -0.9028359357640796 0.13645030602256905
f 5568/5568/5568 5577/5577/5577 5569/5569/5569
f 5577/5577/5577 5578/5578/5578 5569/5569/5569
f 5569/5569/5569 5578/5578/5578 5570/5570/5570
f 5578/5578/5578 5579/5579/5579 5570/5570/5570
f 5570/5570/5570 5579/5579/5579 5571/5571/5571
f 5579/5579/5579 5580/5580/5580 5571/5571/5571
f 5571/5571/5571 5580/5580/5580 5572/5572/5572
f 5580/5580/5580 5581/5581/5581 5572/5572/5572
f 5572/5572/5572 5581/5581/5581 5573/5573/5573
f 5581/5581/5581 5582/5582/5582 5573/5573/5573
f 5573/5573/5573 5582/5582/5582 5574/5574/5574
f 5582/5582/5582 5583/5583/5583 5574/5574/5574
f 5574/5574/5574 5583/5583/5583 5575/5575/5575
f 5583/5583/5583 5584/5584/5584 5575/5575/5575
f 5575/5575/5575 5584/5584/5584 5576/5576/5576
f 5584/5584/5584 5585/5585/5585 5576/5576/5576
f 5594/5594/5594 5595/5595/5595 5586/5586/5586
f 5595/5595/5595 5596/5596/5596 5587/5587/5587
f 5596/5596/5596 5597/5597/5597 5588/5588/5588
f 5597/5597/5597 5598/5598/5598 5589/5589/5589
f 5598/5598/5598 5599/5599/5599 5590/5590/5590
f 5599/5599/5599 5600/5600/5600 5591/5591/5591
f 5600/5600/5600 5601/5601/5601 5592/5592/5592
f 5601/5601/5601 5602/5602/5602 5593/5593/5593
f 5612/5612/5612 5611/5611/5611 5603/5603/5603
f 5613/5613/5613 5612/5612/5612 5604/5604/5604
f 5614/5614/5614 5613/5613/5613 5605/5605/5605
f 5615/5615/5615 5614/5614/5614 5606/5606/5606
f 5616/5616/5616 5615/5615/5615 5607/5607/5607
f 5617/5617/5617 5616/5616/5616 5608/5608/5608
f 5618/5618/5618 5617/5617/5617 5609/5609/5609
f 5619/5619/5619 5618/5618/5618 5610/5610/5610
o grip_strap
usemtl hazard
v 0.6406773564422641 0.11539575596583955 0.7125588252969958
v 0.6703773185043113 0.12649661897160877 0.6972549977898264
v 0.6826794477782668 0.12706796205946486 0.6642723474304035
v 0.6703773185043113 0.1167750975093709 0.6329316614613729
v 0.6406773564422641 0.1016474477515468 0.6215918859500739
v 0.610977394380217 0.09054658474577759 0.6368957134572433
v 0.5986752651062615 0.0899752416579215 0.6698783638166661
v 0.610977394380217 0.10026810620801546 0.7012190497856968
v 0.6406773564422641 0.11539575596583954 0.7125588252969958
v 0.6529101697606265 0.08831067849831584 0.7166523343861758
v 0.6826101318226736 0.09941154150408504 0.7013485068790064
v 0.6949122610966292 0.09998288459194113 0.6683658565195836
v 0.6826101318226736 0.08969002004184717 0.6370251705505529
v 0.6529101697606265 0.07456237028402309 0.6256853950392539
v 0.6232102076985794 0.06346150727825386 0.6409892225464233
v 0.6109080784246238 0.0628901641903978 0.6739718729058461
v 0.6232102076985794 0.07318302874049173 0.7053125588748768
v 0.6529101697606265 0.08831067849831582 0.7166523343861758
v 0.6406773564422641 0.10852160185869318 0.6670753556235348
v 0.6406773564422641 0.10852160185869318 0.6670753556235348
v 0.6406773564422641 0.10852160185869318 0.6670753556235348
v 0.6406773564422641 0.10852160185869318 0.6670753556235348
v 0.6406773564422641 0.10852160185869318 0.6670753556235348
v 0.6406773564422641 0.10852160185869318 0.6670753556235348
v 0.6406773564422641 0.10852160185869318 0.6670753556235348
v 0.6406773564422641 0.10852160185869318 0.6670753556235348
v 0.6406773564422641 0.11539575596583955 0.7125588252969958
v 0.6703773185043113 0.12649661897160877 0.6972549977898264
v 0.6826794477782668 0.12706796205946486 0.6642723474304035
v 0.6703773185043113 0.1167750975093709 0.6329316614613729
v 0.6406773564422641 0.1016474477515468 0.6215918859500739
v 0.610977394380217 0.09054658474577759 0.6368957134572433
v 0.5986752651062615 0.0899752416579215 0.6698783638166661
v 0.610977394380217 0.10026810620801546 0.7012190497856968
v 0.6406773564422641 0.11539575596583954 0.7125588252969958
v 0.6529101697606265 0.08143652439116945 0.6711688647127149
v 0.6529101697606265 0.08143652439116945 0.6711688647127149
v 0.6529101697606265 0.08143652439116945 0.6711688647127149
v 0.6529101697606265 0.08143652439116945 0.6711688647127149
v 0.6529101697606265 0.08143652439116945 0.6711688647127149
v 0.6529101697606265 0.08143652439116945 0.6711688647127149
v 0.6529101697606265 0.08143652439116945 0.6711688647127149
v 0.6529101697606265 0.08143652439116945 0.6711688647127149
v 0.6529101697606265 0.08831067849831584 0.7166523343861758
v 0.6826101318226736 0.09941154150408504 0.7013485068790064
v 0.6949122610966292 0.09998288459194113 0.6683658565195836
v 0.6826101318226736 0.08969002004184717 0.6370251705505529
v 0.6529101697606265 0.07456237028402309 0.6256853950392539
v 0.6232102076985794 0.06346150727825386 0.6409892225464233
v 0.6109080784246238 0.0628901641903978 0.6739718729058461
v 0.6232102076985794 0.07318302874049173 0.7053125588748768
v 0.6529101697606265 0.08831067849831582 0.7166523343861758
vt 0 1
vt 0.125 1
vt 0.25 1
vt 0.375 1
vt 0.5 1
vt 0.625 1
vt 0.75 1
vt 0.875 1
vt 1 1
vt 0 0
vt 0.125 0
vt 0.25 0
vt 0.375 0
vt 0.5 0
vt 0.625 0
vt 0.75 0
vt 0.875 0
vt 1 0
vt 0.5 0.5
vt 0.5 0.5
vt 0.5 0.5
vt 0.5 0.5
vt 0.5 0.5
vt 0.5 0.5
vt 0.5 0.5
vt 0.5 0.5
vt 1 0.5
vt 0.8535534143447876 0.8535534143447876
vt 0.5 1
vt 0.1464466154575348 0.8535534143447876
vt 0 0.5
vt 0.1464466154575348 0.1464466154575348
vt 0.5 0
vt 0.8535534143447876 0.1464466154575348
vt 1 0.5
vt 0.5 0.5
vt 0.5 0.5
vt 0.5 0.5
vt 0.5 0.5
vt 0.5 0.5
vt 0.5 0.5
vt 0.5 0.5
vt 0.5 0.5
vt 1 0.5
vt 0.8535534143447876 0.1464466154575348
vt 0.5 0
vt 0.1464466154575348 0.1464466154575348
vt 0 0.5
vt 0.1464466154575348 0.8535534143447876
vt 0.5 1
vt 0.8535534143447876 0.8535534143447876
vt 1 0.5
vn -1.3877787807814457e-17 0.14943813247359924 0.9887710779360424
vn 0.6456513815212719 0.3907612611617766 0.6560792103968323
vn 0.9130889403123083 0.40318174271140017 -0.06093496060181083
vn 0.6456513815212719 0.17942382748190533 -0.7422542581025835
vn 1.2569893749619391e-16 -0.1494381324735992 -0.9887710779360424
vn -0.6456513815212719 -0.3907612611617766 -0.6560792103968323
vn -0.9130889403123083 -0.40318174271140017 0.06093496060181071
vn -0.6456513815212719 -0.17942382748190533 0.7422542581025835
vn -2.3752008718457337e-16 0.14943813247359913 0.9887710779360424
vn -1.3877787807814457e-17 0.14943813247359924 0.9887710779360424
vn 0.6456513815212719 0.3907612611617766 0.6560792103968323
vn 0.9130889403123083 0.40318174271140017 -0.06093496060181083
vn 0.6456513815212719 0.17942382748190533 -0.7422542581025835
vn 1.2569893749619391e-16 -0.1494381324735992 -0.9887710779360424
vn -0.6456513815212719 -0.3907612611617766 -0.6560792103968323
vn -0.9130889403123083 -0.40318174271140017 0.06093496060181071
vn -0.6456513815212719 -0.17942382748190533 0.7422542581025835
vn -2.3752008718457337e-16 0.14943813247359913 0.9887710779360424
vn -0.40776045305957015 0.9028359357640796 -0.13645030602256905
vn -0.40776045305957015 0.9028359357640796 -0.13645030602256905
vn -0.40776045305957015 0.9028359357640796 -0.13645030602256905
vn -0.40776045305957015 0.9028359357640796 -0.13645030602256905
vn -0.40776045305957015 0.9028359357640796 -0.13645030602256905
vn -0.40776045305957015 0.9028359357640796 -0.13645030602256905
vn -0.40776045305957015 0.9028359357640796 -0.13645030602256905
vn -0.40776045305957015 0.9028359357640796 -0.13645030602256905
vn -0.40776045305957015 0.9028359357640796 -0.13645030602256905
vn -0.40776045305957015 0.9028359357640796 -0.13645030602256905
vn -0.40776045305957015 0.9028359357640796 -0.13645030602256905
vn -0.40776045305957015 0.9028359357640796 -0.13645030602256905
vn -0.40776045305957015 0.9028359357640796 -0.13645030602256905
vn -0.40776045305957015 0.9028359357640796 -0.13645030602256905
vn -0.40776045305957015 0.9028359357640796 -0.13645030602256905
vn -0.40776045305957015 0.9028359357640796 -0.13645030602256905
vn -0.40776045305957015 0.9028359357640796 -0.13645030602256905
vn 0.40776045305957015 -0.9028359357640796 0.13645030602256905
vn 0.40776045305957015 -0.9028359357640796 0.13645030602256905
vn 0.40776045305957015 -0.9028359357640796 0.13645030602256905
vn 0.40776045305957015 -0.9028359357640796 0.13645030602256905
vn 0.40776045305957015 -0.9028359357640796 0.13645030602256905
vn 0.40776045305957015 -0.9028359357640796 0.13645030602256905
vn 0.40776045305957015 -0.9028359357640796 0.13645030602256905
vn 0.40776045305957015 -0.9028359357640796 0.13645030602256905
vn 0.40776045305957015 -0.9028359357640796 0.13645030602256905
vn 0.40776045305957015 -0.9028359357640796 0.13645030602256905
vn 0.40776045305957015 -0.9028359357640796 0.13645030602256905
vn 0.40776045305957015 -0.9028359357640796 0.13645030602256905
vn 0.40776045305957015 -0.9028359357640796 0.13645030602256905
vn 0.40776045305957015 -0.9028359357640796 0.13645030602256905
vn 0.40776045305957015 -0.9028359357640796 0.13645030602256905
vn 0.40776045305957015 -0.9028359357640796 0.13645030602256905
vn 0.40776045305957015 -0.9028359357640796 0.13645030602256905
f 5620/5620/5620 5629/5629/5629 5621/5621/5621
f 5629/5629/5629 5630/5630/5630 5621/5621/5621
f 5621/5621/5621 5630/5630/5630 5622/5622/5622
f 5630/5630/5630 5631/5631/5631 5622/5622/5622
f 5622/5622/5622 5631/5631/5631 5623/5623/5623
f 5631/5631/5631 5632/5632/5632 5623/5623/5623
f 5623/5623/5623 5632/5632/5632 5624/5624/5624
f 5632/5632/5632 5633/5633/5633 5624/5624/5624
f 5624/5624/5624 5633/5633/5633 5625/5625/5625
f 5633/5633/5633 5634/5634/5634 5625/5625/5625
f 5625/5625/5625 5634/5634/5634 5626/5626/5626
f 5634/5634/5634 5635/5635/5635 5626/5626/5626
f 5626/5626/5626 5635/5635/5635 5627/5627/5627
f 5635/5635/5635 5636/5636/5636 5627/5627/5627
f 5627/5627/5627 5636/5636/5636 5628/5628/5628
f 5636/5636/5636 5637/5637/5637 5628/5628/5628
f 5646/5646/5646 5647/5647/5647 5638/5638/5638
f 5647/5647/5647 5648/5648/5648 5639/5639/5639
f 5648/5648/5648 5649/5649/5649 5640/5640/5640
f 5649/5649/5649 5650/5650/5650 5641/5641/5641
f 5650/5650/5650 5651/5651/5651 5642/5642/5642
f 5651/5651/5651 5652/5652/5652 5643/5643/5643
f 5652/5652/5652 5653/5653/5653 5644/5644/5644
f 5653/5653/5653 5654/5654/5654 5645/5645/5645
f 5664/5664/5664 5663/5663/5663 5655/5655/5655
f 5665/5665/5665 5664/5664/5664 5656/5656/5656
f 5666/5666/5666 5665/5665/5665 5657/5657/5657
f 5667/5667/5667 5666/5666/5666 5658/5658/5658
f 5668/5668/5668 5667/5667/5667 5659/5659/5659
f 5669/5669/5669 5668/5668/5668 5660/5660/5660
f 5670/5670/5670 5669/5669/5669 5661/5661/5661
f 5671/5671/5671 5670/5670/5670 5662/5662/5662
o baton_band
usemtl hazard
v 0.3837882707261199 0.6829868908804944 0.618684962486131
v 0.40832302258633646 0.6921571695673594 0.6060426720799262
v 0.4184856493422886 0.6926291477594827 0.5787961343043234
v 0.40832302258633646 0.6841263472962237 0.5529060016578267
v 0.3837882707261199 0.6716295931776963 0.5435383629793411
v 0.35925351886590334 0.6624593144908313 0.5561806533855459
v 0.3490908921099512 0.661987336298708 0.5834271911611487
v 0.35925351886590334 0.670490136761967 0.6093173238076455
v 0.3837882707261199 0.6829868908804944 0.618684962486131
v 0.40417629368290364 0.6378450934196251 0.6255074778889229
v 0.4287110455431202 0.6470153721064902 0.6128651874827181
v 0.4388736722990723 0.6474873502986135 0.5856186497071153
v 0.4287110455431202 0.6389845498353545 0.5597285170606185
v 0.40417629368290364 0.6264877957168271 0.550360878382133
v 0.37964154182268706 0.6173175170299621 0.5630031687883378
v 0.3694789150667349 0.6168455388378388 0.5902497065639406
v 0.37964154182268706 0.6253483393010978 0.6161398392104374
v 0.4041762936829036 0.6378450934196251 0.6255074778889229
v 0.3837882707261199 0.6773082420290953 0.5811116627327361
v 0.3837882707261199 0.6773082420290953 0.5811116627327361
v 0.3837882707261199 0.6773082420290953 0.5811116627327361
v 0.3837882707261199 0.6773082420290953 0.5811116627327361
v 0.3837882707261199 0.6773082420290953 0.5811116627327361
v 0.3837882707261199 0.6773082420290953 0.5811116627327361
v 0.3837882707261199 0.6773082420290953 0.5811116627327361
v 0.3837882707261199 0.6773082420290953 0.5811116627327361
v 0.3837882707261199 0.6829868908804944 0.618684962486131
v 0.40832302258633646 0.6921571695673594 0.6060426720799262
v 0.4184856493422886 0.6926291477594827 0.5787961343043234
v 0.40832302258633646 0.6841263472962237 0.5529060016578267
v 0.3837882707261199 0.6716295931776963 0.5435383629793411
v 0.35925351886590334 0.6624593144908313 0.5561806533855459
v 0.3490908921099512 0.661987336298708 0.5834271911611487
v 0.35925351886590334 0.670490136761967 0.6093173238076455
v 0.3837882707261199 0.6829868908804944 0.618684962486131
v 0.40417629368290364 0.6321664445682261 0.587934178135528
v 0.40417629368290364 0.6321664445682261 0.587934178135528
v 0.40417629368290364 0.6321664445682261 0.587934178135528
v 0.40417629368290364 0.6321664445682261 0.587934178135528
v 0.40417629368290364 0.6321664445682261 0.587934178135528
v 0.40417629368290364 0.6321664445682261 0.587934178135528
v 0.40417629368290364 0.6321664445682261 0.587934178135528
v 0.40417629368290364 0.6321664445682261 0.587934178135528
v 0.40417629368290364 0.6378450934196251 0.6255074778889229
v 0.4287110455431202 0.6470153721064902 0.6128651874827181
v 0.4388736722990723 0.6474873502986135 0.5856186497071153
v 0.4287110455431202 0.6389845498353545 0.5597285170606185
v 0.40417629368290364 0.6264877957168271 0.550360878382133
v 0.37964154182268706 0.6173175170299621 0.5630031687883378
v 0.3694789150667349 0.6168455388378388 0.5902497065639406
v 0.37964154182268706 0.6253483393010978 0.6161398392104374
v 0.4041762936829036 0.6378450934196251 0.6255074778889229
vt 0 1
vt 0.125 1
vt 0.25 1
vt 0.375 1
vt 0.5 1
vt 0.625 1
vt 0.75 1
vt 0.875 1
vt 1 1
vt 0 0
vt 0.125 0
vt 0.25 0
vt 0.375 0
vt 0.5 0
vt 0.625 0
vt 0.75 0
vt 0.875 0
vt 1 0
vt 0.5 0.5
vt 0.5 0.5
vt 0.5 0.5
vt 0.5 0.5
vt 0.5 0.5
vt 0.5 0.5
vt 0.5 0.5
vt 0.5 0.5
vt 1 0.5
vt 0.8535534143447876 0.8535534143447876
vt 0.5 1
vt 0.1464466154575348 0.8535534143447876
vt 0 0.5
vt 0.1464466154575348 0.1464466154575348
vt 0.5 0
vt 0.8535534143447876 0.1464466154575348
vt 1 0.5
vt 0.5 0.5
vt 0.5 0.5
vt 0.5 0.5
vt 0.5 0.5
vt 0.5 0.5
vt 0.5 0.5
vt 0.5 0.5
vt 0.5 0.5
vt 1 0.5
vt 0.8535534143447876 0.1464466154575348
vt 0.5 0
vt 0.1464466154575348 0.1464466154575348
vt 0 0.5
vt 0.1464466154575348 0.8535534143447876
vt 0.5 1
vt 0.8535534143447876 0.8535534143447876
vt 1 0.5
vn -1.3877787807814457e-17 0.14943813247359924 0.9887710779360424
vn 0.6456513815212719 0.3907612611617766 0.6560792103968323
vn 0.9130889403123083 0.40318174271140017 -0.06093496060181083
vn 0.6456513815212719 0.17942382748190533 -0.7422542581025835
vn 1.2569893749619391e-16 -0.1494381324735992 -0.9887710779360424
vn -0.6456513815212719 -0.3907612611617766 -0.6560792103968323
vn -0.9130889403123083 -0.40318174271140017 0.06093496060181071
vn -0.6456513815212719 -0.17942382748190533 0.7422542581025835
vn -2.3752008718457337e-16 0.14943813247359913 0.9887710779360424
vn -1.3877787807814457e-17 0.14943813247359924 0.9887710779360424
vn 0.6456513815212719 0.3907612611617766 0.6560792103968323
vn 0.9130889403123083 0.40318174271140017 -0.06093496060181083
vn 0.6456513815212719 0.17942382748190533 -0.7422542581025835
vn 1.2569893749619391e-16 -0.1494381324735992 -0.9887710779360424
vn -0.6456513815212719 -0.3907612611617766 -0.6560792103968323
vn -0.9130889403123083 -0.40318174271140017 0.06093496060181071
vn -0.6456513815212719 -0.17942382748190533 0.7422542581025835
vn -2.3752008718457337e-16 0.14943813247359913 0.9887710779360424
vn -0.40776045305957015 0.9028359357640796 -0.13645030602256905
vn -0.40776045305957015 0.9028359357640796 -0.13645030602256905
vn -0.40776045305957015 0.9028359357640796 -0.13645030602256905
vn -0.40776045305957015 0.9028359357640796 -0.13645030602256905
vn -0.40776045305957015 0.9028359357640796 -0.13645030602256905
vn -0.40776045305957015 0.9028359357640796 -0.13645030602256905
vn -0.40776045305957015 0.9028359357640796 -0.13645030602256905
vn -0.40776045305957015 0.9028359357640796 -0.13645030602256905
vn -0.40776045305957015 0.9028359357640796 -0.13645030602256905
vn -0.40776045305957015 0.9028359357640796 -0.13645030602256905
vn -0.40776045305957015 0.9028359357640796 -0.13645030602256905
vn -0.40776045305957015 0.9028359357640796 -0.13645030602256905
vn -0.40776045305957015 0.9028359357640796 -0.13645030602256905
vn -0.40776045305957015 0.9028359357640796 -0.13645030602256905
vn -0.40776045305957015 0.9028359357640796 -0.13645030602256905
vn -0.40776045305957015 0.9028359357640796 -0.13645030602256905
vn -0.40776045305957015 0.9028359357640796 -0.13645030602256905
vn 0.40776045305957015 -0.9028359357640796 0.13645030602256905
vn 0.40776045305957015 -0.9028359357640796 0.13645030602256905
vn 0.40776045305957015 -0.9028359357640796 0.13645030602256905
vn 0.40776045305957015 -0.9028359357640796 0.13645030602256905
vn 0.40776045305957015 -0.9028359357640796 0.13645030602256905
vn 0.40776045305957015 -0.9028359357640796 0.13645030602256905
vn 0.40776045305957015 -0.9028359357640796 0.13645030602256905
vn 0.40776045305957015 -0.9028359357640796 0.13645030602256905
vn 0.40776045305957015 -0.9028359357640796 0.13645030602256905
vn 0.40776045305957015 -0.9028359357640796 0.13645030602256905
vn 0.40776045305957015 -0.9028359357640796 0.13645030602256905
vn 0.40776045305957015 -0.9028359357640796 0.13645030602256905
vn 0.40776045305957015 -0.9028359357640796 0.13645030602256905
vn 0.40776045305957015 -0.9028359357640796 0.13645030602256905
vn 0.40776045305957015 -0.9028359357640796 0.13645030602256905
vn 0.40776045305957015 -0.9028359357640796 0.13645030602256905
vn 0.40776045305957015 -0.9028359357640796 0.13645030602256905
f 5672/5672/5672 5681/5681/5681 5673/5673/5673
f 5681/5681/5681 5682/5682/5682 5673/5673/5673
f 5673/5673/5673 5682/5682/5682 5674/5674/5674
f 5682/5682/5682 5683/5683/5683 5674/5674/5674
f 5674/5674/5674 5683/5683/5683 5675/5675/5675
f 5683/5683/5683 5684/5684/5684 5675/5675/5675
f 5675/5675/5675 5684/5684/5684 5676/5676/5676
f 5684/5684/5684 5685/5685/5685 5676/5676/5676
f 5676/5676/5676 5685/5685/5685 5677/5677/5677
f 5685/5685/5685 5686/5686/5686 5677/5677/5677
f 5677/5677/5677 5686/5686/5686 5678/5678/5678
f 5686/5686/5686 5687/5687/5687 5678/5678/5678
f 5678/5678/5678 5687/5687/5687 5679/5679/5679
f 5687/5687/5687 5688/5688/5688 5679/5679/5679
f 5679/5679/5679 5688/5688/5688 5680/5680/5680
f 5688/5688/5688 5689/5689/5689 5680/5680/5680
f 5698/5698/5698 5699/5699/5699 5690/5690/5690
f 5699/5699/5699 5700/5700/5700 5691/5691/5691
f 5700/5700/5700 5701/5701/5701 5692/5692/5692
f 5701/5701/5701 5702/5702/5702 5693/5693/5693
f 5702/5702/5702 5703/5703/5703 5694/5694/5694
f 5703/5703/5703 5704/5704/5704 5695/5695/5695
f 5704/5704/5704 5705/5705/5705 5696/5696/5696
f 5705/5705/5705 5706/5706/5706 5697/5697/5697
f 5716/5716/5716 5715/5715/5715 5707/5707/5707
f 5717/5717/5717 5716/5716/5716 5708/5708/5708
f 5718/5718/5718 5717/5717/5717 5709/5709/5709
f 5719/5719/5719 5718/5718/5718 5710/5710/5710
f 5720/5720/5720 5719/5719/5719 5711/5711/5711
f 5721/5721/5721 5720/5720/5720 5712/5712/5712
f 5722/5722/5722 5721/5721/5721 5713/5713/5713
f 5723/5723/5723 5722/5722/5722 5714/5714/5714
o baton_tip
usemtl steelD
v 0.30932191336503495 0.7509151352648493 0.5944453398347037
v 0.33518989952729855 0.7907590116607621 0.6035395717641313
v 0.3070135802600416 0.7886551721520463 0.5642832201684821
v 0.33518989952729855 0.7907590116607621 0.6035395717641313
v 0.3511771921618821 0.8081559690896629 0.5613359629710049
v 0.3070135802600416 0.7886551721520463 0.5642832201684821
v 0.3511771921618821 0.8081559690896629 0.5613359629710049
v 0.33518989952729855 0.7790640016656701 0.5261584679728162
v 0.3070135802600416 0.7886551721520463 0.5642832201684821
v 0.33518989952729855 0.7790640016656701 0.5261584679728162
v 0.30932191336503495 0.7436872219756548 0.5466211901622786
v 0.3070135802600416 0.7886551721520463 0.5642832201684821
v 0.30932191336503495 0.7436872219756548 0.5466211901622786
v 0.30932191336503495 0.7509151352648493 0.5944453398347037
v 0.3070135802600416 0.7886551721520463 0.5642832201684821
v 0.33518989952729855 0.7907590116607621 0.6035395717641313
v 0.38078014230969165 0.7824680892050456 0.5896765772605688
v 0.3511771921618821 0.8081559690896629 0.5613359629710049
v 0.30932191336503495 0.7509151352648493 0.5944453398347037
v 0.35491215614742805 0.7470913095150303 0.6101392994500312
v 0.33518989952729855 0.7907590116607621 0.6035395717641313
v 0.30932191336503495 0.7436872219756548 0.5466211901622786
v 0.3389248635128445 0.7179993420910376 0.5749618044518425
v 0.30932191336503495 0.7509151352648493 0.5944453398347037
v 0.33518989952729855 0.7790640016656701 0.5261584679728162
v 0.35491215614742805 0.7353962995199383 0.5327581956587161
v 0.30932191336503495 0.7436872219756548 0.5466211901622786
v 0.3511771921618821 0.8081559690896629 0.5613359629710049
v 0.38078014230969165 0.7752401759158511 0.5418524275881437
v 0.33518989952729855 0.7790640016656701 0.5261584679728162
v 0.38078014230969165 0.7824680892050456 0.5896765772605688
v 0.35491215614742805 0.7470913095150303 0.6101392994500312
v 0.383088475414685 0.7375001390286542 0.5720145472543653
v 0.35491215614742805 0.7470913095150303 0.6101392994500312
v 0.3389248635128445 0.7179993420910376 0.5749618044518425
v 0.383088475414685 0.7375001390286542 0.5720145472543653
v 0.3389248635128445 0.7179993420910376 0.5749618044518425
v 0.35491215614742805 0.7353962995199383 0.5327581956587161
v 0.383088475414685 0.7375001390286542 0.5720145472543653
v 0.35491215614742805 0.7353962995199383 0.5327581956587161
v 0.38078014230969165 0.7752401759158511 0.5418524275881437
v 0.383088475414685 0.7375001390286542 0.5720145472543653
v 0.38078014230969165 0.7752401759158511 0.5418524275881437
v 0.38078014230969165 0.7824680892050456 0.5896765772605688
v 0.383088475414685 0.7375001390286542 0.5720145472543653
v 0.38078014230969165 0.7824680892050456 0.5896765772605688
v 0.33518989952729855 0.7907590116607621 0.6035395717641313
v 0.35491215614742805 0.7470913095150303 0.6101392994500312
v 0.35491215614742805 0.7470913095150303 0.6101392994500312
v 0.30932191336503495 0.7509151352648493 0.5944453398347037
v 0.3389248635128445 0.7179993420910376 0.5749618044518425
v 0.3389248635128445 0.7179993420910376 0.5749618044518425
v 0.30932191336503495 0.7436872219756548 0.5466211901622786
v 0.35491215614742805 0.7353962995199383 0.5327581956587161
v 0.35491215614742805 0.7353962995199383 0.5327581956587161
v 0.33518989952729855 0.7790640016656701 0.5261584679728162
v 0.38078014230969165 0.7752401759158511 0.5418524275881437
v 0.38078014230969165 0.7752401759158511 0.5418524275881437
v 0.3511771921618821 0.8081559690896629 0.5613359629710049
v 0.38078014230969165 0.7824680892050456 0.5896765772605688
vt 0.5881040692329407 0.5
vt 0.75 0.6762081980705261
vt 0.5 0.8237918019294739
vt 0.75 0.6762081980705261
vt 1 0.8237918019294739
vt 0.5 0.8237918019294739
vt 0 0.8237918019294739
vt 0.25 0.6762081980705261
vt 0.5 0.8237918019294739
vt 0.25 0.6762081980705261
vt 0.41189590096473694 0.5
vt 0.5 0.8237918019294739
vt 0.41189590096473694 0.5
vt 0.5881040692329407 0.5
vt 0.5 0.8237918019294739
vt 0.75 0.6762081980705261
vt 0.9118959307670593 0.5
vt 1 0.8237918019294739
vt 0.5881040692329407 0.5
vt 0.75 0.3237918019294739
vt 0.75 0.6762081980705261
vt 0.41189590096473694 0.5
vt 0.5 0.17620819807052612
vt 0.5881040692329407 0.5
vt 0.25 0.6762081980705261
vt 0.25 0.3237918019294739
vt 0.41189590096473694 0.5
vt 0 0.8237918019294739
vt 0.08810409903526306 0.5
vt 0.25 0.6762081980705261
vt 0.9118959307670593 0.5
vt 0.75 0.3237918019294739
vt 1 0.17620819807052612
vt 0.75 0.3237918019294739
vt 0.5 0.17620819807052612
vt 1 0.17620819807052612
vt 0.5 0.17620819807052612
vt 0.25 0.3237918019294739
vt 0 0.17620819807052612
vt 0.25 0.3237918019294739
vt 0.08810409903526306 0.5
vt 0 0.17620819807052612
vt 1.0881041288375854 0.5
vt 0.9118959307670593 0.5
vt 1 0.17620819807052612
vt 0.9118959307670593 0.5
vt 0.75 0.6762081980705261
vt 0.75 0.3237918019294739
vt 0.75 0.3237918019294739
vt 0.5881040692329407 0.5
vt 0.5 0.17620819807052612
vt 0.5 0.17620819807052612
vt 0.41189590096473694 0.5
vt 0.25 0.3237918019294739
vt 0.25 0.3237918019294739
vt 0.25 0.6762081980705261
vt 0.08810409903526306 0.5
vt 1.0881041288375854 0.5
vt 1 0.8237918019294739
vt 0.9118959307670593 0.5
vn -0.7625927528222078 0.3747536288715171 0.5272684430066681
vn -0.7625927528222078 0.3747536288715171 0.5272684430066681
vn -0.7625927528222078 0.3747536288715171 0.5272684430066681
vn -0.3809185411080281 0.8967271985521321 0.22534727958636705
vn -0.3809185411080281 0.8967271985521321 0.22534727958636705
vn -0.3809185411080281 0.8967271985521321 0.22534727958636705
vn -0.3809185411080282 0.7900815389343003 -0.4802834859490165
vn -0.3809185411080282 0.7900815389343003 -0.4802834859490165
vn -0.3809185411080282 0.7900815389343003 -0.4802834859490165
vn -0.7625927528222078 0.20219733684986216 -0.6144660530199128
vn -0.7625927528222078 0.20219733684986216 -0.6144660530199128
vn -0.7625927528222078 0.20219733684986216 -0.6144660530199128
vn -0.9984803875208175 -0.054489412519976625 0.008235269243075062
vn -0.9984803875208175 -0.054489412519976625 0.008235269243075062
vn -0.9984803875208175 -0.054489412519976625 0.008235269243075062
vn 0.29175153814455473 0.8403078042450558 0.4569068111936387
vn 0.29175153814455473 0.8403078042450558 0.4569068111936387
vn 0.29175153814455473 0.8403078042450558 0.4569068111936387
vn -0.3258103226984468 -0.004263188771366928 0.9454255437868354
vn -0.3258103226984468 -0.004263188771366928 0.9454255437868354
vn -0.3258103226984468 -0.004263188771366928 0.9454255437868354
vn -0.7074844966943155 -0.6987930604744428 0.10561224157242828
vn -0.7074844966943155 -0.6987930604744428 0.10561224157242828
vn -0.7074844966943155 -0.6987930604744428 0.10561224157242828
vn -0.3258103226984468 -0.28346513187611233 -0.9019396613042315
vn -0.3258103226984468 -0.28346513187611233 -0.9019396613042315
vn -0.3258103226984468 -0.28346513187611233 -0.9019396613042315
vn 0.2917515381445547 0.6677515122234007 -0.6848276848329422
vn 0.2917515381445547 0.6677515122234007 -0.6848276848329422
vn 0.2917515381445547 0.6677515122234007 -0.6848276848329422
vn 0.7625927528222078 -0.20219733684986216 0.6144660530199128
vn 0.7625927528222078 -0.20219733684986216 0.6144660530199128
vn 0.7625927528222078 -0.20219733684986216 0.6144660530199128
vn 0.3809185411080282 -0.7900815389343003 0.4802834859490165
vn 0.3809185411080282 -0.7900815389343003 0.4802834859490165
vn 0.3809185411080282 -0.7900815389343003 0.4802834859490165
vn 0.3809185411080281 -0.8967271985521321 -0.22534727958636705
vn 0.3809185411080281 -0.8967271985521321 -0.22534727958636705
vn 0.3809185411080281 -0.8967271985521321 -0.22534727958636705
vn 0.7625927528222078 -0.3747536288715171 -0.5272684430066681
vn 0.7625927528222078 -0.3747536288715171 -0.5272684430066681
vn 0.7625927528222078 -0.3747536288715171 -0.5272684430066681
vn 0.9984803875208175 0.054489412519976625 -0.008235269243075062
vn 0.9984803875208175 0.054489412519976625 -0.008235269243075062
vn 0.9984803875208175 0.054489412519976625 -0.008235269243075062
vn 0.3258103226984468 0.28346513187611233 0.9019396613042315
vn 0.3258103226984468 0.28346513187611233 0.9019396613042315
vn 0.3258103226984468 0.28346513187611233 0.9019396613042315
vn -0.2917515381445547 -0.6677515122234007 0.6848276848329422
vn -0.2917515381445547 -0.6677515122234007 0.6848276848329422
vn -0.2917515381445547 -0.6677515122234007 0.6848276848329422
vn -0.29175153814455473 -0.8403078042450558 -0.4569068111936387
vn -0.29175153814455473 -0.8403078042450558 -0.4569068111936387
vn -0.29175153814455473 -0.8403078042450558 -0.4569068111936387
vn 0.3258103226984468 0.004263188771366928 -0.9454255437868354
vn 0.3258103226984468 0.004263188771366928 -0.9454255437868354
vn 0.3258103226984468 0.004263188771366928 -0.9454255437868354
vn 0.7074844966943155 0.6987930604744428 -0.10561224157242828
vn 0.7074844966943155 0.6987930604744428 -0.10561224157242828
vn 0.7074844966943155 0.6987930604744428 -0.10561224157242828
f 5724/5724/5724 5725/5725/5725 5726/5726/5726
f 5727/5727/5727 5728/5728/5728 5729/5729/5729
f 5730/5730/5730 5731/5731/5731 5732/5732/5732
f 5733/5733/5733 5734/5734/5734 5735/5735/5735
f 5736/5736/5736 5737/5737/5737 5738/5738/5738
f 5739/5739/5739 5740/5740/5740 5741/5741/5741
f 5742/5742/5742 5743/5743/5743 5744/5744/5744
f 5745/5745/5745 5746/5746/5746 5747/5747/5747
f 5748/5748/5748 5749/5749/5749 5750/5750/5750
f 5751/5751/5751 5752/5752/5752 5753/5753/5753
f 5754/5754/5754 5755/5755/5755 5756/5756/5756
f 5757/5757/5757 5758/5758/5758 5759/5759/5759
f 5760/5760/5760 5761/5761/5761 5762/5762/5762
f 5763/5763/5763 5764/5764/5764 5765/5765/5765
f 5766/5766/5766 5767/5767/5767 5768/5768/5768
f 5769/5769/5769 5770/5770/5770 5771/5771/5771
f 5772/5772/5772 5773/5773/5773 5774/5774/5774
f 5775/5775/5775 5776/5776/5776 5777/5777/5777
f 5778/5778/5778 5779/5779/5779 5780/5780/5780
f 5781/5781/5781 5782/5782/5782 5783/5783/5783
o hip_joint
usemtl black
v -0.23655857503414154 0.36 0.047315798699855804
v -0.16 0.4073157986998558 0.07655857503414154
v -0.2073157986998558 0.4365585750341415 0
v -0.16 0.4073157986998558 0.07655857503414154
v -0.1126842013001442 0.4365585750341415 0
v -0.2073157986998558 0.4365585750341415 0
v -0.1126842013001442 0.4365585750341415 0
v -0.16 0.4073157986998558 -0.07655857503414154
v -0.2073157986998558 0.4365585750341415 0
v -0.16 0.4073157986998558 -0.07655857503414154
v -0.23655857503414154 0.36 -0.047315798699855804
v -0.2073157986998558 0.4365585750341415 0
v -0.23655857503414154 0.36 -0.047315798699855804
v -0.23655857503414154 0.36 0.047315798699855804
v -0.2073157986998558 0.4365585750341415 0
v -0.16 0.4073157986998558 0.07655857503414154
v -0.08344142496585846 0.36 0.047315798699855804
v -0.1126842013001442 0.4365585750341415 0
v -0.23655857503414154 0.36 0.047315798699855804
v -0.16 0.3126842013001442 0.07655857503414154
v -0.16 0.4073157986998558 0.07655857503414154
v -0.23655857503414154 0.36 -0.047315798699855804
v -0.2073157986998558 0.28344142496585845 0
v -0.23655857503414154 0.36 0.047315798699855804
v -0.16 0.4073157986998558 -0.07655857503414154
v -0.16 0.3126842013001442 -0.07655857503414154
v -0.23655857503414154 0.36 -0.047315798699855804
v -0.1126842013001442 0.4365585750341415 0
v -0.08344142496585846 0.36 -0.047315798699855804
v -0.16 0.4073157986998558 -0.07655857503414154
v -0.08344142496585846 0.36 0.047315798699855804
v -0.16 0.3126842013001442 0.07655857503414154
v -0.1126842013001442 0.28344142496585845 0
v -0.16 0.3126842013001442 0.07655857503414154
v -0.2073157986998558 0.28344142496585845 0
v -0.1126842013001442 0.28344142496585845 0
v -0.2073157986998558 0.28344142496585845 0
v -0.16 0.3126842013001442 -0.07655857503414154
v -0.1126842013001442 0.28344142496585845 0
v -0.16 0.3126842013001442 -0.07655857503414154
v -0.08344142496585846 0.36 -0.047315798699855804
v -0.1126842013001442 0.28344142496585845 0
v -0.08344142496585846 0.36 -0.047315798699855804
v -0.08344142496585846 0.36 0.047315798699855804
v -0.1126842013001442 0.28344142496585845 0
v -0.08344142496585846 0.36 0.047315798699855804
v -0.16 0.4073157986998558 0.07655857503414154
v -0.16 0.3126842013001442 0.07655857503414154
v -0.16 0.3126842013001442 0.07655857503414154
v -0.23655857503414154 0.36 0.047315798699855804
v -0.2073157986998558 0.28344142496585845 0
v -0.2073157986998558 0.28344142496585845 0
v -0.23655857503414154 0.36 -0.047315798699855804
v -0.16 0.3126842013001442 -0.07655857503414154
v -0.16 0.3126842013001442 -0.07655857503414154
v -0.16 0.4073157986998558 -0.07655857503414154
v -0.08344142496585846 0.36 -0.047315798699855804
v -0.08344142496585846 0.36 -0.047315798699855804
v -0.1126842013001442 0.4365585750341415 0
v -0.08344142496585846 0.36 0.047315798699855804
vt 0.5881040692329407 0.5
vt 0.75 0.6762081980705261
vt 0.5 0.8237918019294739
vt 0.75 0.6762081980705261
vt 1 0.8237918019294739
vt 0.5 0.8237918019294739
vt 0 0.8237918019294739
vt 0.25 0.6762081980705261
vt 0.5 0.8237918019294739
vt 0.25 0.6762081980705261
vt 0.41189590096473694 0.5
vt 0.5 0.8237918019294739
vt 0.41189590096473694 0.5
vt 0.5881040692329407 0.5
vt 0.5 0.8237918019294739
vt 0.75 0.6762081980705261
vt 0.9118959307670593 0.5
vt 1 0.8237918019294739
vt 0.5881040692329407 0.5
vt 0.75 0.3237918019294739
vt 0.75 0.6762081980705261
vt 0.41189590096473694 0.5
vt 0.5 0.17620819807052612
vt 0.5881040692329407 0.5
vt 0.25 0.6762081980705261
vt 0.25 0.3237918019294739
vt 0.41189590096473694 0.5
vt 0 0.8237918019294739
vt 0.08810409903526306 0.5
vt 0.25 0.6762081980705261
vt 0.9118959307670593 0.5
vt 0.75 0.3237918019294739
vt 1 0.17620819807052612
vt 0.75 0.3237918019294739
vt 0.5 0.17620819807052612
vt 1 0.17620819807052612
vt 0.5 0.17620819807052612
vt 0.25 0.3237918019294739
vt 0 0.17620819807052612
vt 0.25 0.3237918019294739
vt 0.08810409903526306 0.5
vt 0 0.17620819807052612
vt 1.0881041288375854 0.5
vt 0.9118959307670593 0.5
vt 1 0.17620819807052612
vt 0.9118959307670593 0.5
vt 0.75 0.6762081980705261
vt 0.75 0.3237918019294739
vt 0.75 0.3237918019294739
vt 0.5881040692329407 0.5
vt 0.5 0.17620819807052612
vt 0.5 0.17620819807052612
vt 0.41189590096473694 0.5
vt 0.25 0.3237918019294739
vt 0.25 0.3237918019294739
vt 0.25 0.6762081980705261
vt 0.08810409903526306 0.5
vt 1.0881041288375854 0.5
vt 1 0.8237918019294739
vt 0.9118959307670593 0.5
vn -0.5773502691896257 0.5773502691896257 0.5773502691896257
vn -0.5773502691896257 0.5773502691896257 0.5773502691896257
vn -0.5773502691896257 0.5773502691896257 0.5773502691896257
vn 0 0.9341723411358942 0.3568221364443105
vn 0 0.9341723411358942 0.3568221364443105
vn 0 0.9341723411358942 0.3568221364443105
vn 0 0.9341723411358942 -0.3568221364443105
vn 0 0.9341723411358942 -0.3568221364443105
vn 0 0.9341723411358942 -0.3568221364443105
vn -0.5773502691896257 0.5773502691896257 -0.5773502691896257
vn -0.5773502691896257 0.5773502691896257 -0.5773502691896257
vn -0.5773502691896257 0.5773502691896257 -0.5773502691896257
vn -0.9341723411358942 0.3568221364443105 0
vn -0.9341723411358942 0.3568221364443105 0
vn -0.9341723411358942 0.3568221364443105 0
vn 0.5773502691896257 0.5773502691896257 0.5773502691896257
vn 0.5773502691896257 0.5773502691896257 0.5773502691896257
vn 0.5773502691896257 0.5773502691896257 0.5773502691896257
vn -0.3568221364443105 0 0.9341723411358942
vn -0.3568221364443105 0 0.9341723411358942
vn -0.3568221364443105 0 0.9341723411358942
vn -0.9341723411358942 -0.3568221364443105 0
vn -0.9341723411358942 -0.3568221364443105 0
vn -0.9341723411358942 -0.3568221364443105 0
vn -0.3568221364443105 0 -0.9341723411358942
vn -0.3568221364443105 0 -0.9341723411358942
vn -0.3568221364443105 0 -0.9341723411358942
vn 0.5773502691896257 0.5773502691896257 -0.5773502691896257
vn 0.5773502691896257 0.5773502691896257 -0.5773502691896257
vn 0.5773502691896257 0.5773502691896257 -0.5773502691896257
vn 0.5773502691896257 -0.5773502691896257 0.5773502691896257
vn 0.5773502691896257 -0.5773502691896257 0.5773502691896257
vn 0.5773502691896257 -0.5773502691896257 0.5773502691896257
vn 0 -0.9341723411358942 0.3568221364443105
vn 0 -0.9341723411358942 0.3568221364443105
vn 0 -0.9341723411358942 0.3568221364443105
vn 0 -0.9341723411358942 -0.3568221364443105
vn 0 -0.9341723411358942 -0.3568221364443105
vn 0 -0.9341723411358942 -0.3568221364443105
vn 0.5773502691896257 -0.5773502691896257 -0.5773502691896257
vn 0.5773502691896257 -0.5773502691896257 -0.5773502691896257
vn 0.5773502691896257 -0.5773502691896257 -0.5773502691896257
vn 0.9341723411358942 -0.3568221364443105 0
vn 0.9341723411358942 -0.3568221364443105 0
vn 0.9341723411358942 -0.3568221364443105 0
vn 0.3568221364443105 0 0.9341723411358942
vn 0.3568221364443105 0 0.9341723411358942
vn 0.3568221364443105 0 0.9341723411358942
vn -0.5773502691896257 -0.5773502691896257 0.5773502691896257
vn -0.5773502691896257 -0.5773502691896257 0.5773502691896257
vn -0.5773502691896257 -0.5773502691896257 0.5773502691896257
vn -0.5773502691896257 -0.5773502691896257 -0.5773502691896257
vn -0.5773502691896257 -0.5773502691896257 -0.5773502691896257
vn -0.5773502691896257 -0.5773502691896257 -0.5773502691896257
vn 0.3568221364443105 0 -0.9341723411358942
vn 0.3568221364443105 0 -0.9341723411358942
vn 0.3568221364443105 0 -0.9341723411358942
vn 0.9341723411358942 0.3568221364443105 0
vn 0.9341723411358942 0.3568221364443105 0
vn 0.9341723411358942 0.3568221364443105 0
f 5784/5784/5784 5785/5785/5785 5786/5786/5786
f 5787/5787/5787 5788/5788/5788 5789/5789/5789
f 5790/5790/5790 5791/5791/5791 5792/5792/5792
f 5793/5793/5793 5794/5794/5794 5795/5795/5795
f 5796/5796/5796 5797/5797/5797 5798/5798/5798
f 5799/5799/5799 5800/5800/5800 5801/5801/5801
f 5802/5802/5802 5803/5803/5803 5804/5804/5804
f 5805/5805/5805 5806/5806/5806 5807/5807/5807
f 5808/5808/5808 5809/5809/5809 5810/5810/5810
f 5811/5811/5811 5812/5812/5812 5813/5813/5813
f 5814/5814/5814 5815/5815/5815 5816/5816/5816
f 5817/5817/5817 5818/5818/5818 5819/5819/5819
f 5820/5820/5820 5821/5821/5821 5822/5822/5822
f 5823/5823/5823 5824/5824/5824 5825/5825/5825
f 5826/5826/5826 5827/5827/5827 5828/5828/5828
f 5829/5829/5829 5830/5830/5830 5831/5831/5831
f 5832/5832/5832 5833/5833/5833 5834/5834/5834
f 5835/5835/5835 5836/5836/5836 5837/5837/5837
f 5838/5838/5838 5839/5839/5839 5840/5840/5840
f 5841/5841/5841 5842/5842/5842 5843/5843/5843
o thigh
usemtl navyD
v -0.16 0.3500000005960464 0.07500000298023224
v -0.1069669908285141 0.3500000005960464 0.0530330091714859
v -0.08499999701976776 0.3500000005960464 4.5924256971943795e-18
v -0.1069669908285141 0.3500000005960464 -0.0530330091714859
v -0.16 0.3500000005960464 -0.07500000298023224
v -0.2130330091714859 0.3500000005960464 -0.0530330091714859
v -0.23500000298023224 0.3500000005960464 -1.3777276264402526e-17
v -0.2130330091714859 0.3500000005960464 0.0530330091714859
v -0.16000000000000003 0.3500000005960464 0.07500000298023224
v -0.16 0.06999999940395354 0.09000000357627869
v -0.09636038899421692 0.06999999940395354 0.06363961100578308
v -0.06999999642372132 0.06999999940395354 5.51091050576101e-18
v -0.09636038899421692 0.06999999940395354 -0.06363961100578308
v -0.16 0.06999999940395354 -0.09000000357627869
v -0.22363961100578308 0.06999999940395354 -0.06363961100578308
v -0.2500000035762787 0.06999999940395354 -1.653273151728303e-17
v -0.22363961100578308 0.06999999940395354 0.06363961100578308
v -0.16000000000000003 0.06999999940395354 0.09000000357627869
v -0.16 0.3500000005960464 0
v -0.16 0.3500000005960464 0
v -0.16 0.3500000005960464 0
v -0.16 0.3500000005960464 0
v -0.16 0.3500000005960464 0
v -0.16 0.3500000005960464 0
v -0.16 0.3500000005960464 0
v -0.16 0.3500000005960464 0
v -0.16 0.3500000005960464 0.07500000298023224
v -0.1069669908285141 0.3500000005960464 0.0530330091714859
v -0.08499999701976776 0.3500000005960464 4.5924256971943795e-18
v -0.1069669908285141 0.3500000005960464 -0.0530330091714859
v -0.16 0.3500000005960464 -0.07500000298023224
v -0.2130330091714859 0.3500000005960464 -0.0530330091714859
v -0.23500000298023224 0.3500000005960464 -1.3777276264402526e-17
v -0.2130330091714859 0.3500000005960464 0.0530330091714859
v -0.16000000000000003 0.3500000005960464 0.07500000298023224
v -0.16 0.06999999940395354 0
v -0.16 0.06999999940395354 0
v -0.16 0.06999999940395354 0
v -0.16 0.06999999940395354 0
v -0.16 0.06999999940395354 0
v -0.16 0.06999999940395354 0
v -0.16 0.06999999940395354 0
v -0.16 0.06999999940395354 0
v -0.16 0.06999999940395354 0.09000000357627869
v -0.09636038899421692 0.06999999940395354 0.06363961100578308
v -0.06999999642372132 0.06999999940395354 5.51091050576101e-18
v -0.09636038899421692 0.06999999940395354 -0.06363961100578308
v -0.16 0.06999999940395354 -0.09000000357627869
v -0.22363961100578308 0.06999999940395354 -0.06363961100578308
v -0.2500000035762787 0.06999999940395354 -1.653273151728303e-17
v -0.22363961100578308 0.06999999940395354 0.06363961100578308
v -0.16000000000000003 0.06999999940395354 0.09000000357627869
vt 0 1
vt 0.125 1
vt 0.25 1
vt 0.375 1
vt 0.5 1
vt 0.625 1
vt 0.75 1
vt 0.875 1
vt 1 1
vt 0 0
vt 0.125 0
vt 0.25 0
vt 0.375 0
vt 0.5 0
vt 0.625 0
vt 0.75 0
vt 0.875 0
vt 1 0
vt 0.5 0.5
vt 0.5 0.5
vt 0.5 0.5
vt 0.5 0.5
vt 0.5 0.5
vt 0.5 0.5
vt 0.5 0.5
vt 0.5 0.5
vt 1 0.5
vt 0.8535534143447876 0.8535534143447876
vt 0.5 1
vt 0.1464466154575348 0.8535534143447876
vt 0 0.5
vt 0.1464466154575348 0.1464466154575348
vt 0.5 0
vt 0.8535534143447876 0.1464466154575348
vt 1 0.5
vt 0.5 0.5
vt 0.5 0.5
vt 0.5 0.5
vt 0.5 0.5
vt 0.5 0.5
vt 0.5 0.5
vt 0.5 0.5
vt 0.5 0.5
vt 1 0.5
vt 0.8535534143447876 0.1464466154575348
vt 0.5 0
vt 0.1464466154575348 0.1464466154575348
vt 0 0.5
vt 0.1464466154575348 0.8535534143447876
vt 0.5 1
vt 0.8535534143447876 0.8535534143447876
vt 1 0.5
vn 0 0.05349472243293468 0.9985681322132322
vn 0.7060942978710559 0.05349471962690439 0.7060942978710559
vn 0.9985681322132322 0.05349472243293468 6.114466237799363e-17
vn 0.7060942978710559 0.05349471962690439 -0.7060942978710559
vn 1.2228932475598726e-16 0.05349472243293468 -0.9985681322132322
vn -0.7060942978710559 0.05349471962690439 -0.7060942978710559
vn -0.9985681322132322 0.05349472243293468 -1.8343398713398092e-16
vn -0.7060942978710559 0.05349471962690439 0.7060942978710559
vn -2.445786495119745e-16 0.05349472243293468 0.9985681322132322
vn 0 0.05349472243293468 0.9985681322132322
vn 0.7060942978710559 0.05349471962690439 0.7060942978710559
vn 0.9985681322132322 0.05349472243293468 6.114466237799363e-17
vn 0.7060942978710559 0.05349471962690439 -0.7060942978710559
vn 1.2228932475598726e-16 0.05349472243293468 -0.9985681322132322
vn -0.7060942978710559 0.05349471962690439 -0.7060942978710559
vn -0.9985681322132322 0.05349472243293468 -1.8343398713398092e-16
vn -0.7060942978710559 0.05349471962690439 0.7060942978710559
vn -2.445786495119745e-16 0.05349472243293468 0.9985681322132322
vn 0 1 0
vn 0 1 0
vn 0 1 0
vn 0 1 0
vn 0 1 0
vn 0 1 0
vn 0 1 0
vn 0 1 0
vn 0 1 0
vn 0 1 0
vn 0 1 0
vn 0 1 0
vn 0 1 0
vn 0 1 0
vn 0 1 0
vn 0 1 0
vn 0 1 0
vn 0 -1 0
vn 0 -1 0
vn 0 -1 0
vn 0 -1 0
vn 0 -1 0
vn 0 -1 0
vn 0 -1 0
vn 0 -1 0
vn 0 -1 0
vn 0 -1 0
vn 0 -1 0
vn 0 -1 0
vn 0 -1 0
vn 0 -1 0
vn 0 -1 0
vn 0 -1 0
vn 0 -1 0
f 5844/5844/5844 5853/5853/5853 5845/5845/5845
f 5853/5853/5853 5854/5854/5854 5845/5845/5845
f 5845/5845/5845 5854/5854/5854 5846/5846/5846
f 5854/5854/5854 5855/5855/5855 5846/5846/5846
f 5846/5846/5846 5855/5855/5855 5847/5847/5847
f 5855/5855/5855 5856/5856/5856 5847/5847/5847
f 5847/5847/5847 5856/5856/5856 5848/5848/5848
f 5856/5856/5856 5857/5857/5857 5848/5848/5848
f 5848/5848/5848 5857/5857/5857 5849/5849/5849
f 5857/5857/5857 5858/5858/5858 5849/5849/5849
f 5849/5849/5849 5858/5858/5858 5850/5850/5850
f 5858/5858/5858 5859/5859/5859 5850/5850/5850
f 5850/5850/5850 5859/5859/5859 5851/5851/5851
f 5859/5859/5859 5860/5860/5860 5851/5851/5851
f 5851/5851/5851 5860/5860/5860 5852/5852/5852
f 5860/5860/5860 5861/5861/5861 5852/5852/5852
f 5870/5870/5870 5871/5871/5871 5862/5862/5862
f 5871/5871/5871 5872/5872/5872 5863/5863/5863
f 5872/5872/5872 5873/5873/5873 5864/5864/5864
f 5873/5873/5873 5874/5874/5874 5865/5865/5865
f 5874/5874/5874 5875/5875/5875 5866/5866/5866
f 5875/5875/5875 5876/5876/5876 5867/5867/5867
f 5876/5876/5876 5877/5877/5877 5868/5868/5868
f 5877/5877/5877 5878/5878/5878 5869/5869/5869
f 5888/5888/5888 5887/5887/5887 5879/5879/5879
f 5889/5889/5889 5888/5888/5888 5880/5880/5880
f 5890/5890/5890 5889/5889/5889 5881/5881/5881
f 5891/5891/5891 5890/5890/5890 5882/5882/5882
f 5892/5892/5892 5891/5891/5891 5883/5883/5883
f 5893/5893/5893 5892/5892/5892 5884/5884/5884
f 5894/5894/5894 5893/5893/5893 5885/5885/5885
f 5895/5895/5895 5894/5894/5894 5886/5886/5886
o knee_joint
usemtl black
v -0.21954555794596672 0.06 0.04680117800831795
v -0.16 0.09680117800831795 0.06954555794596672
v -0.19680117800831795 0.11954555794596672 0.01
v -0.16 0.09680117800831795 0.06954555794596672
v -0.12319882199168206 0.11954555794596672 0.01
v -0.19680117800831795 0.11954555794596672 0.01
v -0.12319882199168206 0.11954555794596672 0.01
v -0.16 0.09680117800831795 -0.04954555794596672
v -0.19680117800831795 0.11954555794596672 0.01
v -0.16 0.09680117800831795 -0.04954555794596672
v -0.21954555794596672 0.06 -0.026801178008317945
v -0.19680117800831795 0.11954555794596672 0.01
v -0.21954555794596672 0.06 -0.026801178008317945
v -0.21954555794596672 0.06 0.04680117800831795
v -0.19680117800831795 0.11954555794596672 0.01
v -0.16 0.09680117800831795 0.06954555794596672
v -0.10045444205403328 0.06 0.04680117800831795
v -0.12319882199168206 0.11954555794596672 0.01
v -0.21954555794596672 0.06 0.04680117800831795
v -0.16 0.02319882199168205 0.06954555794596672
v -0.16 0.09680117800831795 0.06954555794596672
v -0.21954555794596672 0.06 -0.026801178008317945
v -0.19680117800831795 0.0004544420540332772 0.01
v -0.21954555794596672 0.06 0.04680117800831795
v -0.16 0.09680117800831795 -0.04954555794596672
v -0.16 0.02319882199168205 -0.04954555794596672
v -0.21954555794596672 0.06 -0.026801178008317945
v -0.12319882199168206 0.11954555794596672 0.01
v -0.10045444205403328 0.06 -0.026801178008317945
v -0.16 0.09680117800831795 -0.04954555794596672
v -0.10045444205403328 0.06 0.04680117800831795
v -0.16 0.02319882199168205 0.06954555794596672
v -0.12319882199168206 0.0004544420540332772 0.01
v -0.16 0.02319882199168205 0.06954555794596672
v -0.19680117800831795 0.0004544420540332772 0.01
v -0.12319882199168206 0.0004544420540332772 0.01
v -0.19680117800831795 0.0004544420540332772 0.01
v -0.16 0.02319882199168205 -0.04954555794596672
v -0.12319882199168206 0.0004544420540332772 0.01
v -0.16 0.02319882199168205 -0.04954555794596672
v -0.10045444205403328 0.06 -0.026801178008317945
v -0.12319882199168206 0.0004544420540332772 0.01
v -0.10045444205403328 0.06 -0.026801178008317945
v -0.10045444205403328 0.06 0.04680117800831795
v -0.12319882199168206 0.0004544420540332772 0.01
v -0.10045444205403328 0.06 0.04680117800831795
v -0.16 0.09680117800831795 0.06954555794596672
v -0.16 0.02319882199168205 0.06954555794596672
v -0.16 0.02319882199168205 0.06954555794596672
v -0.21954555794596672 0.06 0.04680117800831795
v -0.19680117800831795 0.0004544420540332772 0.01
v -0.19680117800831795 0.0004544420540332772 0.01
v -0.21954555794596672 0.06 -0.026801178008317945
v -0.16 0.02319882199168205 -0.04954555794596672
v -0.16 0.02319882199168205 -0.04954555794596672
v -0.16 0.09680117800831795 -0.04954555794596672
v -0.10045444205403328 0.06 -0.026801178008317945
v -0.10045444205403328 0.06 -0.026801178008317945
v -0.12319882199168206 0.11954555794596672 0.01
v -0.10045444205403328 0.06 0.04680117800831795
vt 0.5881040692329407 0.5
vt 0.75 0.6762081980705261
vt 0.5 0.8237918019294739
vt 0.75 0.6762081980705261
vt 1 0.8237918019294739
vt 0.5 0.8237918019294739
vt 0 0.8237918019294739
vt 0.25 0.6762081980705261
vt 0.5 0.8237918019294739
vt 0.25 0.6762081980705261
vt 0.41189590096473694 0.5
vt 0.5 0.8237918019294739
vt 0.41189590096473694 0.5
vt 0.5881040692329407 0.5
vt 0.5 0.8237918019294739
vt 0.75 0.6762081980705261
vt 0.9118959307670593 0.5
vt 1 0.8237918019294739
vt 0.5881040692329407 0.5
vt 0.75 0.3237918019294739
vt 0.75 0.6762081980705261
vt 0.41189590096473694 0.5
vt 0.5 0.17620819807052612
vt 0.5881040692329407 0.5
vt 0.25 0.6762081980705261
vt 0.25 0.3237918019294739
vt 0.41189590096473694 0.5
vt 0 0.8237918019294739
vt 0.08810409903526306 0.5
vt 0.25 0.6762081980705261
vt 0.9118959307670593 0.5
vt 0.75 0.3237918019294739
vt 1 0.17620819807052612
vt 0.75 0.3237918019294739
vt 0.5 0.17620819807052612
vt 1 0.17620819807052612
vt 0.5 0.17620819807052612
vt 0.25 0.3237918019294739
vt 0 0.17620819807052612
vt 0.25 0.3237918019294739
vt 0.08810409903526306 0.5
vt 0 0.17620819807052612
vt 1.0881041288375854 0.5
vt 0.9118959307670593 0.5
vt 1 0.17620819807052612
vt 0.9118959307670593 0.5
vt 0.75 0.6762081980705261
vt 0.75 0.3237918019294739
vt 0.75 0.3237918019294739
vt 0.5881040692329407 0.5
vt 0.5 0.17620819807052612
vt 0.5 0.17620819807052612
vt 0.41189590096473694 0.5
vt 0.25 0.3237918019294739
vt 0.25 0.3237918019294739
vt 0.25 0.6762081980705261
vt 0.08810409903526306 0.5
vt 1.0881041288375854 0.5
vt 1 0.8237918019294739
vt 0.9118959307670593 0.5
vn -0.5773502691896257 0.5773502691896257 0.5773502691896257
vn -0.5773502691896257 0.5773502691896257 0.5773502691896257
vn -0.5773502691896257 0.5773502691896257 0.5773502691896257
vn 0 0.9341723510700028 0.35682211043647993
vn 0 0.9341723510700028 0.35682211043647993
vn 0 0.9341723510700028 0.35682211043647993
vn 0 0.9341723510700028 -0.35682211043647993
vn 0 0.9341723510700028 -0.35682211043647993
vn 0 0.9341723510700028 -0.35682211043647993
vn -0.5773502691896257 0.5773502691896257 -0.5773502691896257
vn -0.5773502691896257 0.5773502691896257 -0.5773502691896257
vn -0.5773502691896257 0.5773502691896257 -0.5773502691896257
vn -0.9341723510700028 0.35682211043647993 0
vn -0.9341723510700028 0.35682211043647993 0
vn -0.9341723510700028 0.35682211043647993 0
vn 0.5773502691896257 0.5773502691896257 0.5773502691896257
vn 0.5773502691896257 0.5773502691896257 0.5773502691896257
vn 0.5773502691896257 0.5773502691896257 0.5773502691896257
vn -0.35682211043647993 0 0.9341723510700028
vn -0.35682211043647993 0 0.9341723510700028
vn -0.35682211043647993 0 0.9341723510700028
vn -0.9341723510700028 -0.35682211043647993 0
vn -0.9341723510700028 -0.35682211043647993 0
vn -0.9341723510700028 -0.35682211043647993 0
vn -0.35682211043647993 0 -0.9341723510700028
vn -0.35682211043647993 0 -0.9341723510700028
vn -0.35682211043647993 0 -0.9341723510700028
vn 0.5773502691896257 0.5773502691896257 -0.5773502691896257
vn 0.5773502691896257 0.5773502691896257 -0.5773502691896257
vn 0.5773502691896257 0.5773502691896257 -0.5773502691896257
vn 0.5773502691896257 -0.5773502691896257 0.5773502691896257
vn 0.5773502691896257 -0.5773502691896257 0.5773502691896257
vn 0.5773502691896257 -0.5773502691896257 0.5773502691896257
vn 0 -0.9341723510700028 0.35682211043647993
vn 0 -0.9341723510700028 0.35682211043647993
vn 0 -0.9341723510700028 0.35682211043647993
vn 0 -0.9341723510700028 -0.35682211043647993
vn 0 -0.9341723510700028 -0.35682211043647993
vn 0 -0.9341723510700028 -0.35682211043647993
vn 0.5773502691896257 -0.5773502691896257 -0.5773502691896257
vn 0.5773502691896257 -0.5773502691896257 -0.5773502691896257
vn 0.5773502691896257 -0.5773502691896257 -0.5773502691896257
vn 0.9341723510700028 -0.35682211043647993 0
vn 0.9341723510700028 -0.35682211043647993 0
vn 0.9341723510700028 -0.35682211043647993 0
vn 0.35682211043647993 0 0.9341723510700028
vn 0.35682211043647993 0 0.9341723510700028
vn 0.35682211043647993 0 0.9341723510700028
vn -0.5773502691896257 -0.5773502691896257 0.5773502691896257
vn -0.5773502691896257 -0.5773502691896257 0.5773502691896257
vn -0.5773502691896257 -0.5773502691896257 0.5773502691896257
vn -0.5773502691896257 -0.5773502691896257 -0.5773502691896257
vn -0.5773502691896257 -0.5773502691896257 -0.5773502691896257
vn -0.5773502691896257 -0.5773502691896257 -0.5773502691896257
vn 0.35682211043647993 0 -0.9341723510700028
vn 0.35682211043647993 0 -0.9341723510700028
vn 0.35682211043647993 0 -0.9341723510700028
vn 0.9341723510700028 0.35682211043647993 0
vn 0.9341723510700028 0.35682211043647993 0
vn 0.9341723510700028 0.35682211043647993 0
f 5896/5896/5896 5897/5897/5897 5898/5898/5898
f 5899/5899/5899 5900/5900/5900 5901/5901/5901
f 5902/5902/5902 5903/5903/5903 5904/5904/5904
f 5905/5905/5905 5906/5906/5906 5907/5907/5907
f 5908/5908/5908 5909/5909/5909 5910/5910/5910
f 5911/5911/5911 5912/5912/5912 5913/5913/5913
f 5914/5914/5914 5915/5915/5915 5916/5916/5916
f 5917/5917/5917 5918/5918/5918 5919/5919/5919
f 5920/5920/5920 5921/5921/5921 5922/5922/5922
f 5923/5923/5923 5924/5924/5924 5925/5925/5925
f 5926/5926/5926 5927/5927/5927 5928/5928/5928
f 5929/5929/5929 5930/5930/5930 5931/5931/5931
f 5932/5932/5932 5933/5933/5933 5934/5934/5934
f 5935/5935/5935 5936/5936/5936 5937/5937/5937
f 5938/5938/5938 5939/5939/5939 5940/5940/5940
f 5941/5941/5941 5942/5942/5942 5943/5943/5943
f 5944/5944/5944 5945/5945/5945 5946/5946/5946
f 5947/5947/5947 5948/5948/5948 5949/5949/5949
f 5950/5950/5950 5951/5951/5951 5952/5952/5952
f 5953/5953/5953 5954/5954/5954 5955/5955/5955
o shin
usemtl steelD
v -0.16 0.05000000029802322 0.08000000029802322
v -0.11050252601504326 0.05000000029802322 0.05949747398495674
v -0.08999999970197678 0.05000000029802322 0.010000000000000004
v -0.11050252601504326 0.05000000029802322 -0.03949747398495674
v -0.16 0.05000000029802322 -0.06000000029802322
v -0.20949747398495674 0.05000000029802322 -0.03949747398495674
v -0.23000000029802323 0.05000000029802322 0.009999999999999988
v -0.20949747398495674 0.05000000029802322 0.05949747398495674
v -0.16000000000000003 0.05000000029802322 0.08000000029802322
v -0.16 -0.09000000029802323 0.08999999821186065
v -0.10343145936727524 -0.09000000029802323 0.06656854063272476
v -0.08000000178813935 -0.09000000029802323 0.010000000000000005
v -0.10343145936727524 -0.09000000029802323 -0.04656854063272476
v -0.16 -0.09000000029802323 -0.06999999821186066
v -0.21656854063272477 -0.09000000029802323 -0.04656854063272476
v -0.23999999821186066 -0.09000000029802323 0.009999999999999986
v -0.21656854063272477 -0.09000000029802323 0.06656854063272476
v -0.16000000000000003 -0.09000000029802323 0.08999999821186065
v -0.16 0.05000000029802322 0.01
v -0.16 0.05000000029802322 0.01
v -0.16 0.05000000029802322 0.01
v -0.16 0.05000000029802322 0.01
v -0.16 0.05000000029802322 0.01
v -0.16 0.05000000029802322 0.01
v -0.16 0.05000000029802322 0.01
v -0.16 0.05000000029802322 0.01
v -0.16 0.05000000029802322 0.08000000029802322
v -0.11050252601504326 0.05000000029802322 0.05949747398495674
v -0.08999999970197678 0.05000000029802322 0.010000000000000004
v -0.11050252601504326 0.05000000029802322 -0.03949747398495674
v -0.16 0.05000000029802322 -0.06000000029802322
v -0.20949747398495674 0.05000000029802322 -0.03949747398495674
v -0.23000000029802323 0.05000000029802322 0.009999999999999988
v -0.20949747398495674 0.05000000029802322 0.05949747398495674
v -0.16000000000000003 0.05000000029802322 0.08000000029802322
v -0.16 -0.09000000029802323 0.01
v -0.16 -0.09000000029802323 0.01
v -0.16 -0.09000000029802323 0.01
v -0.16 -0.09000000029802323 0.01
v -0.16 -0.09000000029802323 0.01
v -0.16 -0.09000000029802323 0.01
v -0.16 -0.09000000029802323 0.01
v -0.16 -0.09000000029802323 0.01
v -0.16 -0.09000000029802323 0.08999999821186065
v -0.10343145936727524 -0.09000000029802323 0.06656854063272476
v -0.08000000178813935 -0.09000000029802323 0.010000000000000005
v -0.10343145936727524 -0.09000000029802323 -0.04656854063272476
v -0.16 -0.09000000029802323 -0.06999999821186066
v -0.21656854063272477 -0.09000000029802323 -0.04656854063272476
v -0.23999999821186066 -0.09000000029802323 0.009999999999999986
v -0.21656854063272477 -0.09000000029802323 0.06656854063272476
v -0.16000000000000003 -0.09000000029802323 0.08999999821186065
vt 0 1
vt 0.125 1
vt 0.25 1
vt 0.375 1
vt 0.5 1
vt 0.625 1
vt 0.75 1
vt 0.875 1
vt 1 1
vt 0 0
vt 0.125 0
vt 0.25 0
vt 0.375 0
vt 0.5 0
vt 0.625 0
vt 0.75 0
vt 0.875 0
vt 1 0
vt 0.5 0.5
vt 0.5 0.5
vt 0.5 0.5
vt 0.5 0.5
vt 0.5 0.5
vt 0.5 0.5
vt 0.5 0.5
vt 0.5 0.5
vt 1 0.5
vt 0.8535534143447876 0.8535534143447876
vt 0.5 1
vt 0.1464466154575348 0.8535534143447876
vt 0 0.5
vt 0.1464466154575348 0.1464466154575348
vt 0.5 0
vt 0.8535534143447876 0.1464466154575348
vt 1 0.5
vt 0.5 0.5
vt 0.5 0.5
vt 0.5 0.5
vt 0.5 0.5
vt 0.5 0.5
vt 0.5 0.5
vt 0.5 0.5
vt 0.5 0.5
vt 1 0.5
vt 0.8535534143447876 0.1464466154575348
vt 0.5 0
vt 0.1464466154575348 0.1464466154575348
vt 0 0.5
vt 0.1464466154575348 0.8535534143447876
vt 0.5 1
vt 0.8535534143447876 0.8535534143447876
vt 1 0.5
vn 0 0.07124704892894387 0.9974586999063754
vn 0.7053098106578273 0.07124704891881273 0.7053098106578273
vn 0.9974586999063754 0.07124704892894387 6.107673362924981e-17
vn 0.7053098106578273 0.07124704891881273 -0.7053098106578273
vn 1.2215346725849962e-16 0.07124704892894387 -0.9974586999063754
vn -0.7053098106578273 0.07124704891881273 -0.7053098106578273
vn -0.9974586999063754 0.07124704892894387 -1.8323019427030449e-16
vn -0.7053098106578273 0.07124704891881273 0.7053098106578273
vn -2.4430693451699923e-16 0.07124704892894387 0.9974586999063754
vn 0 0.07124704892894387 0.9974586999063754
vn 0.7053098106578273 0.07124704891881273 0.7053098106578273
vn 0.9974586999063754 0.07124704892894387 6.107673362924981e-17
vn 0.7053098106578273 0.07124704891881273 -0.7053098106578273
vn 1.2215346725849962e-16 0.07124704892894387 -0.9974586999063754
vn -0.7053098106578273 0.07124704891881273 -0.7053098106578273
vn -0.9974586999063754 0.07124704892894387 -1.8323019427030449e-16
vn -0.7053098106578273 0.07124704891881273 0.7053098106578273
vn -2.4430693451699923e-16 0.07124704892894387 0.9974586999063754
vn 0 1 0
vn 0 1 0
vn 0 1 0
vn 0 1 0
vn 0 1 0
vn 0 1 0
vn 0 1 0
vn 0 1 0
vn 0 1 0
vn 0 1 0
vn 0 1 0
vn 0 1 0
vn 0 1 0
vn 0 1 0
vn 0 1 0
vn 0 1 0
vn 0 1 0
vn 0 -1 0
vn 0 -1 0
vn 0 -1 0
vn 0 -1 0
vn 0 -1 0
vn 0 -1 0
vn 0 -1 0
vn 0 -1 0
vn 0 -1 0
vn 0 -1 0
vn 0 -1 0
vn 0 -1 0
vn 0 -1 0
vn 0 -1 0
vn 0 -1 0
vn 0 -1 0
vn 0 -1 0
f 5956/5956/5956 5965/5965/5965 5957/5957/5957
f 5965/5965/5965 5966/5966/5966 5957/5957/5957
f 5957/5957/5957 5966/5966/5966 5958/5958/5958
f 5966/5966/5966 5967/5967/5967 5958/5958/5958
f 5958/5958/5958 5967/5967/5967 5959/5959/5959
f 5967/5967/5967 5968/5968/5968 5959/5959/5959
f 5959/5959/5959 5968/5968/5968 5960/5960/5960
f 5968/5968/5968 5969/5969/5969 5960/5960/5960
f 5960/5960/5960 5969/5969/5969 5961/5961/5961
f 5969/5969/5969 5970/5970/5970 5961/5961/5961
f 5961/5961/5961 5970/5970/5970 5962/5962/5962
f 5970/5970/5970 5971/5971/5971 5962/5962/5962
f 5962/5962/5962 5971/5971/5971 5963/5963/5963
f 5971/5971/5971 5972/5972/5972 5963/5963/5963
f 5963/5963/5963 5972/5972/5972 5964/5964/5964
f 5972/5972/5972 5973/5973/5973 5964/5964/5964
f 5982/5982/5982 5983/5983/5983 5974/5974/5974
f 5983/5983/5983 5984/5984/5984 5975/5975/5975
f 5984/5984/5984 5985/5985/5985 5976/5976/5976
f 5985/5985/5985 5986/5986/5986 5977/5977/5977
f 5986/5986/5986 5987/5987/5987 5978/5978/5978
f 5987/5987/5987 5988/5988/5988 5979/5979/5979
f 5988/5988/5988 5989/5989/5989 5980/5980/5980
f 5989/5989/5989 5990/5990/5990 5981/5981/5981
f 6000/6000/6000 5999/5999/5999 5991/5991/5991
f 6001/6001/6001 6000/6000/6000 5992/5992/5992
f 6002/6002/6002 6001/6001/6001 5993/5993/5993
f 6003/6003/6003 6002/6002/6002 5994/5994/5994
f 6004/6004/6004 6003/6003/6003 5995/5995/5995
f 6005/6005/6005 6004/6004/6004 5996/5996/5996
f 6006/6006/6006 6005/6005/6005 5997/5997/5997
f 6007/6007/6007 6006/6006/6006 5998/5998/5998
o boot
usemtl black
v -0.06999999642372132 -0.04000000134110451 0.21000000059604645
v -0.06999999642372132 -0.04000000134110451 -0.07000000059604644
v -0.06999999642372132 -0.1599999986588955 0.21000000059604645
v -0.06999999642372132 -0.1599999986588955 -0.07000000059604644
v -0.2500000035762787 -0.04000000134110451 -0.07000000059604644
v -0.2500000035762787 -0.04000000134110451 0.21000000059604645
v -0.2500000035762787 -0.1599999986588955 -0.07000000059604644
v -0.2500000035762787 -0.1599999986588955 0.21000000059604645
v -0.2500000035762787 -0.04000000134110451 -0.07000000059604644
v -0.06999999642372132 -0.04000000134110451 -0.07000000059604644
v -0.2500000035762787 -0.04000000134110451 0.21000000059604645
v -0.06999999642372132 -0.04000000134110451 0.21000000059604645
v -0.2500000035762787 -0.1599999986588955 0.21000000059604645
v -0.06999999642372132 -0.1599999986588955 0.21000000059604645
v -0.2500000035762787 -0.1599999986588955 -0.07000000059604644
v -0.06999999642372132 -0.1599999986588955 -0.07000000059604644
v -0.2500000035762787 -0.04000000134110451 0.21000000059604645
v -0.06999999642372132 -0.04000000134110451 0.21000000059604645
v -0.2500000035762787 -0.1599999986588955 0.21000000059604645
v -0.06999999642372132 -0.1599999986588955 0.21000000059604645
v -0.06999999642372132 -0.04000000134110451 -0.07000000059604644
v -0.2500000035762787 -0.04000000134110451 -0.07000000059604644
v -0.06999999642372132 -0.1599999986588955 -0.07000000059604644
v -0.2500000035762787 -0.1599999986588955 -0.07000000059604644
vt 0 1
vt 1 1
vt 0 0
vt 1 0
vt 0 1
vt 1 1
vt 0 0
vt 1 0
vt 0 1
vt 1 1
vt 0 0
vt 1 0
vt 0 1
vt 1 1
vt 0 0
vt 1 0
vt 0 1
vt 1 1
vt 0 0
vt 1 0
vt 0 1
vt 1 1
vt 0 0
vt 1 0
vn 1 0 0
vn 1 0 0
vn 1 0 0
vn 1 0 0
vn -1 0 0
vn -1 0 0
vn -1 0 0
vn -1 0 0
vn 0 1 0
vn 0 1 0
vn 0 1 0
vn 0 1 0
vn 0 -1 0
vn 0 -1 0
vn 0 -1 0
vn 0 -1 0
vn 0 0 1
vn 0 0 1
vn 0 0 1
vn 0 0 1
vn 0 0 -1
vn 0 0 -1
vn 0 0 -1
vn 0 0 -1
f 6008/6008/6008 6010/6010/6010 6009/6009/6009
f 6010/6010/6010 6011/6011/6011 6009/6009/6009
f 6012/6012/6012 6014/6014/6014 6013/6013/6013
f 6014/6014/6014 6015/6015/6015 6013/6013/6013
f 6016/6016/6016 6018/6018/6018 6017/6017/6017
f 6018/6018/6018 6019/6019/6019 6017/6017/6017
f 6020/6020/6020 6022/6022/6022 6021/6021/6021
f 6022/6022/6022 6023/6023/6023 6021/6021/6021
f 6024/6024/6024 6026/6026/6026 6025/6025/6025
f 6026/6026/6026 6027/6027/6027 6025/6025/6025
f 6028/6028/6028 6030/6030/6030 6029/6029/6029
f 6030/6030/6030 6031/6031/6031 6029/6029/6029
o boot_toecap
usemtl steelD
v -0.06999999642372132 -0.07000000067055226 0.2650000017881393
v -0.06999999642372132 -0.07000000067055226 0.17499999821186066
v -0.06999999642372132 -0.12999999932944775 0.2650000017881393
v -0.06999999642372132 -0.12999999932944775 0.17499999821186066
v -0.2500000035762787 -0.07000000067055226 0.17499999821186066
v -0.2500000035762787 -0.07000000067055226 0.2650000017881393
v -0.2500000035762787 -0.12999999932944775 0.17499999821186066
v -0.2500000035762787 -0.12999999932944775 0.2650000017881393
v -0.2500000035762787 -0.07000000067055226 0.17499999821186066
v -0.06999999642372132 -0.07000000067055226 0.17499999821186066
v -0.2500000035762787 -0.07000000067055226 0.2650000017881393
v -0.06999999642372132 -0.07000000067055226 0.2650000017881393
v -0.2500000035762787 -0.12999999932944775 0.2650000017881393
v -0.06999999642372132 -0.12999999932944775 0.2650000017881393
v -0.2500000035762787 -0.12999999932944775 0.17499999821186066
v -0.06999999642372132 -0.12999999932944775 0.17499999821186066
v -0.2500000035762787 -0.07000000067055226 0.2650000017881393
v -0.06999999642372132 -0.07000000067055226 0.2650000017881393
v -0.2500000035762787 -0.12999999932944775 0.2650000017881393
v -0.06999999642372132 -0.12999999932944775 0.2650000017881393
v -0.06999999642372132 -0.07000000067055226 0.17499999821186066
v -0.2500000035762787 -0.07000000067055226 0.17499999821186066
v -0.06999999642372132 -0.12999999932944775 0.17499999821186066
v -0.2500000035762787 -0.12999999932944775 0.17499999821186066
vt 0 1
vt 1 1
vt 0 0
vt 1 0
vt 0 1
vt 1 1
vt 0 0
vt 1 0
vt 0 1
vt 1 1
vt 0 0
vt 1 0
vt 0 1
vt 1 1
vt 0 0
vt 1 0
vt 0 1
vt 1 1
vt 0 0
vt 1 0
vt 0 1
vt 1 1
vt 0 0
vt 1 0
vn 1 0 0
vn 1 0 0
vn 1 0 0
vn 1 0 0
vn -1 0 0
vn -1 0 0
vn -1 0 0
vn -1 0 0
vn 0 1 0
vn 0 1 0
vn 0 1 0
vn 0 1 0
vn 0 -1 0
vn 0 -1 0
vn 0 -1 0
vn 0 -1 0
vn 0 0 1
vn 0 0 1
vn 0 0 1
vn 0 0 1
vn 0 0 -1
vn 0 0 -1
vn 0 0 -1
vn 0 0 -1
f 6032/6032/6032 6034/6034/6034 6033/6033/6033
f 6034/6034/6034 6035/6035/6035 6033/6033/6033
f 6036/6036/6036 6038/6038/6038 6037/6037/6037
f 6038/6038/6038 6039/6039/6039 6037/6037/6037
f 6040/6040/6040 6042/6042/6042 6041/6041/6041
f 6042/6042/6042 6043/6043/6043 6041/6041/6041
f 6044/6044/6044 6046/6046/6046 6045/6045/6045
f 6046/6046/6046 6047/6047/6047 6045/6045/6045
f 6048/6048/6048 6050/6050/6050 6049/6049/6049
f 6050/6050/6050 6051/6051/6051 6049/6049/6049
f 6052/6052/6052 6054/6054/6054 6053/6053/6053
f 6054/6054/6054 6055/6055/6055 6053/6053/6053
o hip_joint
usemtl black
v 0.08344142496585846 0.36 0.047315798699855804
v 0.16 0.4073157986998558 0.07655857503414154
v 0.1126842013001442 0.4365585750341415 0
v 0.16 0.4073157986998558 0.07655857503414154
v 0.2073157986998558 0.4365585750341415 0
v 0.1126842013001442 0.4365585750341415 0
v 0.2073157986998558 0.4365585750341415 0
v 0.16 0.4073157986998558 -0.07655857503414154
v 0.1126842013001442 0.4365585750341415 0
v 0.16 0.4073157986998558 -0.07655857503414154
v 0.08344142496585846 0.36 -0.047315798699855804
v 0.1126842013001442 0.4365585750341415 0
v 0.08344142496585846 0.36 -0.047315798699855804
v 0.08344142496585846 0.36 0.047315798699855804
v 0.1126842013001442 0.4365585750341415 0
v 0.16 0.4073157986998558 0.07655857503414154
v 0.23655857503414154 0.36 0.047315798699855804
v 0.2073157986998558 0.4365585750341415 0
v 0.08344142496585846 0.36 0.047315798699855804
v 0.16 0.3126842013001442 0.07655857503414154
v 0.16 0.4073157986998558 0.07655857503414154
v 0.08344142496585846 0.36 -0.047315798699855804
v 0.1126842013001442 0.28344142496585845 0
v 0.08344142496585846 0.36 0.047315798699855804
v 0.16 0.4073157986998558 -0.07655857503414154
v 0.16 0.3126842013001442 -0.07655857503414154
v 0.08344142496585846 0.36 -0.047315798699855804
v 0.2073157986998558 0.4365585750341415 0
v 0.23655857503414154 0.36 -0.047315798699855804
v 0.16 0.4073157986998558 -0.07655857503414154
v 0.23655857503414154 0.36 0.047315798699855804
v 0.16 0.3126842013001442 0.07655857503414154
v 0.2073157986998558 0.28344142496585845 0
v 0.16 0.3126842013001442 0.07655857503414154
v 0.1126842013001442 0.28344142496585845 0
v 0.2073157986998558 0.28344142496585845 0
v 0.1126842013001442 0.28344142496585845 0
v 0.16 0.3126842013001442 -0.07655857503414154
v 0.2073157986998558 0.28344142496585845 0
v 0.16 0.3126842013001442 -0.07655857503414154
v 0.23655857503414154 0.36 -0.047315798699855804
v 0.2073157986998558 0.28344142496585845 0
v 0.23655857503414154 0.36 -0.047315798699855804
v 0.23655857503414154 0.36 0.047315798699855804
v 0.2073157986998558 0.28344142496585845 0
v 0.23655857503414154 0.36 0.047315798699855804
v 0.16 0.4073157986998558 0.07655857503414154
v 0.16 0.3126842013001442 0.07655857503414154
v 0.16 0.3126842013001442 0.07655857503414154
v 0.08344142496585846 0.36 0.047315798699855804
v 0.1126842013001442 0.28344142496585845 0
v 0.1126842013001442 0.28344142496585845 0
v 0.08344142496585846 0.36 -0.047315798699855804
v 0.16 0.3126842013001442 -0.07655857503414154
v 0.16 0.3126842013001442 -0.07655857503414154
v 0.16 0.4073157986998558 -0.07655857503414154
v 0.23655857503414154 0.36 -0.047315798699855804
v 0.23655857503414154 0.36 -0.047315798699855804
v 0.2073157986998558 0.4365585750341415 0
v 0.23655857503414154 0.36 0.047315798699855804
vt 0.5881040692329407 0.5
vt 0.75 0.6762081980705261
vt 0.5 0.8237918019294739
vt 0.75 0.6762081980705261
vt 1 0.8237918019294739
vt 0.5 0.8237918019294739
vt 0 0.8237918019294739
vt 0.25 0.6762081980705261
vt 0.5 0.8237918019294739
vt 0.25 0.6762081980705261
vt 0.41189590096473694 0.5
vt 0.5 0.8237918019294739
vt 0.41189590096473694 0.5
vt 0.5881040692329407 0.5
vt 0.5 0.8237918019294739
vt 0.75 0.6762081980705261
vt 0.9118959307670593 0.5
vt 1 0.8237918019294739
vt 0.5881040692329407 0.5
vt 0.75 0.3237918019294739
vt 0.75 0.6762081980705261
vt 0.41189590096473694 0.5
vt 0.5 0.17620819807052612
vt 0.5881040692329407 0.5
vt 0.25 0.6762081980705261
vt 0.25 0.3237918019294739
vt 0.41189590096473694 0.5
vt 0 0.8237918019294739
vt 0.08810409903526306 0.5
vt 0.25 0.6762081980705261
vt 0.9118959307670593 0.5
vt 0.75 0.3237918019294739
vt 1 0.17620819807052612
vt 0.75 0.3237918019294739
vt 0.5 0.17620819807052612
vt 1 0.17620819807052612
vt 0.5 0.17620819807052612
vt 0.25 0.3237918019294739
vt 0 0.17620819807052612
vt 0.25 0.3237918019294739
vt 0.08810409903526306 0.5
vt 0 0.17620819807052612
vt 1.0881041288375854 0.5
vt 0.9118959307670593 0.5
vt 1 0.17620819807052612
vt 0.9118959307670593 0.5
vt 0.75 0.6762081980705261
vt 0.75 0.3237918019294739
vt 0.75 0.3237918019294739
vt 0.5881040692329407 0.5
vt 0.5 0.17620819807052612
vt 0.5 0.17620819807052612
vt 0.41189590096473694 0.5
vt 0.25 0.3237918019294739
vt 0.25 0.3237918019294739
vt 0.25 0.6762081980705261
vt 0.08810409903526306 0.5
vt 1.0881041288375854 0.5
vt 1 0.8237918019294739
vt 0.9118959307670593 0.5
vn -0.5773502691896257 0.5773502691896257 0.5773502691896257
vn -0.5773502691896257 0.5773502691896257 0.5773502691896257
vn -0.5773502691896257 0.5773502691896257 0.5773502691896257
vn 0 0.9341723411358942 0.3568221364443105
vn 0 0.9341723411358942 0.3568221364443105
vn 0 0.9341723411358942 0.3568221364443105
vn 0 0.9341723411358942 -0.3568221364443105
vn 0 0.9341723411358942 -0.3568221364443105
vn 0 0.9341723411358942 -0.3568221364443105
vn -0.5773502691896257 0.5773502691896257 -0.5773502691896257
vn -0.5773502691896257 0.5773502691896257 -0.5773502691896257
vn -0.5773502691896257 0.5773502691896257 -0.5773502691896257
vn -0.9341723411358942 0.3568221364443105 0
vn -0.9341723411358942 0.3568221364443105 0
vn -0.9341723411358942 0.3568221364443105 0
vn 0.5773502691896257 0.5773502691896257 0.5773502691896257
vn 0.5773502691896257 0.5773502691896257 0.5773502691896257
vn 0.5773502691896257 0.5773502691896257 0.5773502691896257
vn -0.3568221364443105 0 0.9341723411358942
vn -0.3568221364443105 0 0.9341723411358942
vn -0.3568221364443105 0 0.9341723411358942
vn -0.9341723411358942 -0.3568221364443105 0
vn -0.9341723411358942 -0.3568221364443105 0
vn -0.9341723411358942 -0.3568221364443105 0
vn -0.3568221364443105 0 -0.9341723411358942
vn -0.3568221364443105 0 -0.9341723411358942
vn -0.3568221364443105 0 -0.9341723411358942
vn 0.5773502691896257 0.5773502691896257 -0.5773502691896257
vn 0.5773502691896257 0.5773502691896257 -0.5773502691896257
vn 0.5773502691896257 0.5773502691896257 -0.5773502691896257
vn 0.5773502691896257 -0.5773502691896257 0.5773502691896257
vn 0.5773502691896257 -0.5773502691896257 0.5773502691896257
vn 0.5773502691896257 -0.5773502691896257 0.5773502691896257
vn 0 -0.9341723411358942 0.3568221364443105
vn 0 -0.9341723411358942 0.3568221364443105
vn 0 -0.9341723411358942 0.3568221364443105
vn 0 -0.9341723411358942 -0.3568221364443105
vn 0 -0.9341723411358942 -0.3568221364443105
vn 0 -0.9341723411358942 -0.3568221364443105
vn 0.5773502691896257 -0.5773502691896257 -0.5773502691896257
vn 0.5773502691896257 -0.5773502691896257 -0.5773502691896257
vn 0.5773502691896257 -0.5773502691896257 -0.5773502691896257
vn 0.9341723411358942 -0.3568221364443105 0
vn 0.9341723411358942 -0.3568221364443105 0
vn 0.9341723411358942 -0.3568221364443105 0
vn 0.3568221364443105 0 0.9341723411358942
vn 0.3568221364443105 0 0.9341723411358942
vn 0.3568221364443105 0 0.9341723411358942
vn -0.5773502691896257 -0.5773502691896257 0.5773502691896257
vn -0.5773502691896257 -0.5773502691896257 0.5773502691896257
vn -0.5773502691896257 -0.5773502691896257 0.5773502691896257
vn -0.5773502691896257 -0.5773502691896257 -0.5773502691896257
vn -0.5773502691896257 -0.5773502691896257 -0.5773502691896257
vn -0.5773502691896257 -0.5773502691896257 -0.5773502691896257
vn 0.3568221364443105 0 -0.9341723411358942
vn 0.3568221364443105 0 -0.9341723411358942
vn 0.3568221364443105 0 -0.9341723411358942
vn 0.9341723411358942 0.3568221364443105 0
vn 0.9341723411358942 0.3568221364443105 0
vn 0.9341723411358942 0.3568221364443105 0
f 6056/6056/6056 6057/6057/6057 6058/6058/6058
f 6059/6059/6059 6060/6060/6060 6061/6061/6061
f 6062/6062/6062 6063/6063/6063 6064/6064/6064
f 6065/6065/6065 6066/6066/6066 6067/6067/6067
f 6068/6068/6068 6069/6069/6069 6070/6070/6070
f 6071/6071/6071 6072/6072/6072 6073/6073/6073
f 6074/6074/6074 6075/6075/6075 6076/6076/6076
f 6077/6077/6077 6078/6078/6078 6079/6079/6079
f 6080/6080/6080 6081/6081/6081 6082/6082/6082
f 6083/6083/6083 6084/6084/6084 6085/6085/6085
f 6086/6086/6086 6087/6087/6087 6088/6088/6088
f 6089/6089/6089 6090/6090/6090 6091/6091/6091
f 6092/6092/6092 6093/6093/6093 6094/6094/6094
f 6095/6095/6095 6096/6096/6096 6097/6097/6097
f 6098/6098/6098 6099/6099/6099 6100/6100/6100
f 6101/6101/6101 6102/6102/6102 6103/6103/6103
f 6104/6104/6104 6105/6105/6105 6106/6106/6106
f 6107/6107/6107 6108/6108/6108 6109/6109/6109
f 6110/6110/6110 6111/6111/6111 6112/6112/6112
f 6113/6113/6113 6114/6114/6114 6115/6115/6115
o thigh
usemtl navyD
v 0.16 0.3500000005960464 0.07500000298023224
v 0.2130330091714859 0.3500000005960464 0.0530330091714859
v 0.23500000298023224 0.3500000005960464 4.5924256971943795e-18
v 0.2130330091714859 0.3500000005960464 -0.0530330091714859
v 0.16 0.3500000005960464 -0.07500000298023224
v 0.1069669908285141 0.3500000005960464 -0.0530330091714859
v 0.08499999701976776 0.3500000005960464 -1.3777276264402526e-17
v 0.1069669908285141 0.3500000005960464 0.0530330091714859
v 0.15999999999999998 0.3500000005960464 0.07500000298023224
v 0.16 0.06999999940395354 0.09000000357627869
v 0.22363961100578308 0.06999999940395354 0.06363961100578308
v 0.2500000035762787 0.06999999940395354 5.51091050576101e-18
v 0.22363961100578308 0.06999999940395354 -0.06363961100578308
v 0.16 0.06999999940395354 -0.09000000357627869
v 0.09636038899421692 0.06999999940395354 -0.06363961100578308
v 0.06999999642372132 0.06999999940395354 -1.653273151728303e-17
v 0.09636038899421692 0.06999999940395354 0.06363961100578308
v 0.15999999999999998 0.06999999940395354 0.09000000357627869
v 0.16 0.3500000005960464 0
v 0.16 0.3500000005960464 0
v 0.16 0.3500000005960464 0
v 0.16 0.3500000005960464 0
v 0.16 0.3500000005960464 0
v 0.16 0.3500000005960464 0
v 0.16 0.3500000005960464 0
v 0.16 0.3500000005960464 0
v 0.16 0.3500000005960464 0.07500000298023224
v 0.2130330091714859 0.3500000005960464 0.0530330091714859
v 0.23500000298023224 0.3500000005960464 4.5924256971943795e-18
v 0.2130330091714859 0.3500000005960464 -0.0530330091714859
v 0.16 0.3500000005960464 -0.07500000298023224
v 0.1069669908285141 0.3500000005960464 -0.0530330091714859
v 0.08499999701976776 0.3500000005960464 -1.3777276264402526e-17
v 0.1069669908285141 0.3500000005960464 0.0530330091714859
v 0.15999999999999998 0.3500000005960464 0.07500000298023224
v 0.16 0.06999999940395354 0
v 0.16 0.06999999940395354 0
v 0.16 0.06999999940395354 0
v 0.16 0.06999999940395354 0
v 0.16 0.06999999940395354 0
v 0.16 0.06999999940395354 0
v 0.16 0.06999999940395354 0
v 0.16 0.06999999940395354 0
v 0.16 0.06999999940395354 0.09000000357627869
v 0.22363961100578308 0.06999999940395354 0.06363961100578308
v 0.2500000035762787 0.06999999940395354 5.51091050576101e-18
v 0.22363961100578308 0.06999999940395354 -0.06363961100578308
v 0.16 0.06999999940395354 -0.09000000357627869
v 0.09636038899421692 0.06999999940395354 -0.06363961100578308
v 0.06999999642372132 0.06999999940395354 -1.653273151728303e-17
v 0.09636038899421692 0.06999999940395354 0.06363961100578308
v 0.15999999999999998 0.06999999940395354 0.09000000357627869
vt 0 1
vt 0.125 1
vt 0.25 1
vt 0.375 1
vt 0.5 1
vt 0.625 1
vt 0.75 1
vt 0.875 1
vt 1 1
vt 0 0
vt 0.125 0
vt 0.25 0
vt 0.375 0
vt 0.5 0
vt 0.625 0
vt 0.75 0
vt 0.875 0
vt 1 0
vt 0.5 0.5
vt 0.5 0.5
vt 0.5 0.5
vt 0.5 0.5
vt 0.5 0.5
vt 0.5 0.5
vt 0.5 0.5
vt 0.5 0.5
vt 1 0.5
vt 0.8535534143447876 0.8535534143447876
vt 0.5 1
vt 0.1464466154575348 0.8535534143447876
vt 0 0.5
vt 0.1464466154575348 0.1464466154575348
vt 0.5 0
vt 0.8535534143447876 0.1464466154575348
vt 1 0.5
vt 0.5 0.5
vt 0.5 0.5
vt 0.5 0.5
vt 0.5 0.5
vt 0.5 0.5
vt 0.5 0.5
vt 0.5 0.5
vt 0.5 0.5
vt 1 0.5
vt 0.8535534143447876 0.1464466154575348
vt 0.5 0
vt 0.1464466154575348 0.1464466154575348
vt 0 0.5
vt 0.1464466154575348 0.8535534143447876
vt 0.5 1
vt 0.8535534143447876 0.8535534143447876
vt 1 0.5
vn 0 0.05349472243293468 0.9985681322132322
vn 0.7060942978710559 0.05349471962690439 0.7060942978710559
vn 0.9985681322132322 0.05349472243293468 6.114466237799363e-17
vn 0.7060942978710559 0.05349471962690439 -0.7060942978710559
vn 1.2228932475598726e-16 0.05349472243293468 -0.9985681322132322
vn -0.7060942978710559 0.05349471962690439 -0.7060942978710559
vn -0.9985681322132322 0.05349472243293468 -1.8343398713398092e-16
vn -0.7060942978710559 0.05349471962690439 0.7060942978710559
vn -2.445786495119745e-16 0.05349472243293468 0.9985681322132322
vn 0 0.05349472243293468 0.9985681322132322
vn 0.7060942978710559 0.05349471962690439 0.7060942978710559
vn 0.9985681322132322 0.05349472243293468 6.114466237799363e-17
vn 0.7060942978710559 0.05349471962690439 -0.7060942978710559
vn 1.2228932475598726e-16 0.05349472243293468 -0.9985681322132322
vn -0.7060942978710559 0.05349471962690439 -0.7060942978710559
vn -0.9985681322132322 0.05349472243293468 -1.8343398713398092e-16
vn -0.7060942978710559 0.05349471962690439 0.7060942978710559
vn -2.445786495119745e-16 0.05349472243293468 0.9985681322132322
vn 0 1 0
vn 0 1 0
vn 0 1 0
vn 0 1 0
vn 0 1 0
vn 0 1 0
vn 0 1 0
vn 0 1 0
vn 0 1 0
vn 0 1 0
vn 0 1 0
vn 0 1 0
vn 0 1 0
vn 0 1 0
vn 0 1 0
vn 0 1 0
vn 0 1 0
vn 0 -1 0
vn 0 -1 0
vn 0 -1 0
vn 0 -1 0
vn 0 -1 0
vn 0 -1 0
vn 0 -1 0
vn 0 -1 0
vn 0 -1 0
vn 0 -1 0
vn 0 -1 0
vn 0 -1 0
vn 0 -1 0
vn 0 -1 0
vn 0 -1 0
vn 0 -1 0
vn 0 -1 0
f 6116/6116/6116 6125/6125/6125 6117/6117/6117
f 6125/6125/6125 6126/6126/6126 6117/6117/6117
f 6117/6117/6117 6126/6126/6126 6118/6118/6118
f 6126/6126/6126 6127/6127/6127 6118/6118/6118
f 6118/6118/6118 6127/6127/6127 6119/6119/6119
f 6127/6127/6127 6128/6128/6128 6119/6119/6119
f 6119/6119/6119 6128/6128/6128 6120/6120/6120
f 6128/6128/6128 6129/6129/6129 6120/6120/6120
f 6120/6120/6120 6129/6129/6129 6121/6121/6121
f 6129/6129/6129 6130/6130/6130 6121/6121/6121
f 6121/6121/6121 6130/6130/6130 6122/6122/6122
f 6130/6130/6130 6131/6131/6131 6122/6122/6122
f 6122/6122/6122 6131/6131/6131 6123/6123/6123
f 6131/6131/6131 6132/6132/6132 6123/6123/6123
f 6123/6123/6123 6132/6132/6132 6124/6124/6124
f 6132/6132/6132 6133/6133/6133 6124/6124/6124
f 6142/6142/6142 6143/6143/6143 6134/6134/6134
f 6143/6143/6143 6144/6144/6144 6135/6135/6135
f 6144/6144/6144 6145/6145/6145 6136/6136/6136
f 6145/6145/6145 6146/6146/6146 6137/6137/6137
f 6146/6146/6146 6147/6147/6147 6138/6138/6138
f 6147/6147/6147 6148/6148/6148 6139/6139/6139
f 6148/6148/6148 6149/6149/6149 6140/6140/6140
f 6149/6149/6149 6150/6150/6150 6141/6141/6141
f 6160/6160/6160 6159/6159/6159 6151/6151/6151
f 6161/6161/6161 6160/6160/6160 6152/6152/6152
f 6162/6162/6162 6161/6161/6161 6153/6153/6153
f 6163/6163/6163 6162/6162/6162 6154/6154/6154
f 6164/6164/6164 6163/6163/6163 6155/6155/6155
f 6165/6165/6165 6164/6164/6164 6156/6156/6156
f 6166/6166/6166 6165/6165/6165 6157/6157/6157
f 6167/6167/6167 6166/6166/6166 6158/6158/6158
o knee_joint
usemtl black
v 0.10045444205403328 0.06 0.04680117800831795
v 0.16 0.09680117800831795 0.06954555794596672
v 0.12319882199168206 0.11954555794596672 0.01
v 0.16 0.09680117800831795 0.06954555794596672
v 0.19680117800831795 0.11954555794596672 0.01
v 0.12319882199168206 0.11954555794596672 0.01
v 0.19680117800831795 0.11954555794596672 0.01
v 0.16 0.09680117800831795 -0.04954555794596672
v 0.12319882199168206 0.11954555794596672 0.01
v 0.16 0.09680117800831795 -0.04954555794596672
v 0.10045444205403328 0.06 -0.026801178008317945
v 0.12319882199168206 0.11954555794596672 0.01
v 0.10045444205403328 0.06 -0.026801178008317945
v 0.10045444205403328 0.06 0.04680117800831795
v 0.12319882199168206 0.11954555794596672 0.01
v 0.16 0.09680117800831795 0.06954555794596672
v 0.21954555794596672 0.06 0.04680117800831795
v 0.19680117800831795 0.11954555794596672 0.01
v 0.10045444205403328 0.06 0.04680117800831795
v 0.16 0.02319882199168205 0.06954555794596672
v 0.16 0.09680117800831795 0.06954555794596672
v 0.10045444205403328 0.06 -0.026801178008317945
v 0.12319882199168206 0.0004544420540332772 0.01
v 0.10045444205403328 0.06 0.04680117800831795
v 0.16 0.09680117800831795 -0.04954555794596672
v 0.16 0.02319882199168205 -0.04954555794596672
v 0.10045444205403328 0.06 -0.026801178008317945
v 0.19680117800831795 0.11954555794596672 0.01
v 0.21954555794596672 0.06 -0.026801178008317945
v 0.16 0.09680117800831795 -0.04954555794596672
v 0.21954555794596672 0.06 0.04680117800831795
v 0.16 0.02319882199168205 0.06954555794596672
v 0.19680117800831795 0.0004544420540332772 0.01
v 0.16 0.02319882199168205 0.06954555794596672
v 0.12319882199168206 0.0004544420540332772 0.01
v 0.19680117800831795 0.0004544420540332772 0.01
v 0.12319882199168206 0.0004544420540332772 0.01
v 0.16 0.02319882199168205 -0.04954555794596672
v 0.19680117800831795 0.0004544420540332772 0.01
v 0.16 0.02319882199168205 -0.04954555794596672
v 0.21954555794596672 0.06 -0.026801178008317945
v 0.19680117800831795 0.0004544420540332772 0.01
v 0.21954555794596672 0.06 -0.026801178008317945
v 0.21954555794596672 0.06 0.04680117800831795
v 0.19680117800831795 0.0004544420540332772 0.01
v 0.21954555794596672 0.06 0.04680117800831795
v 0.16 0.09680117800831795 0.06954555794596672
v 0.16 0.02319882199168205 0.06954555794596672
v 0.16 0.02319882199168205 0.06954555794596672
v 0.10045444205403328 0.06 0.04680117800831795
v 0.12319882199168206 0.0004544420540332772 0.01
v 0.12319882199168206 0.0004544420540332772 0.01
v 0.10045444205403328 0.06 -0.026801178008317945
v 0.16 0.02319882199168205 -0.04954555794596672
v 0.16 0.02319882199168205 -0.04954555794596672
v 0.16 0.09680117800831795 -0.04954555794596672
v 0.21954555794596672 0.06 -0.026801178008317945
v 0.21954555794596672 0.06 -0.026801178008317945
v 0.19680117800831795 0.11954555794596672 0.01
v 0.21954555794596672 0.06 0.04680117800831795
vt 0.5881040692329407 0.5
vt 0.75 0.6762081980705261
vt 0.5 0.8237918019294739
vt 0.75 0.6762081980705261
vt 1 0.8237918019294739
vt 0.5 0.8237918019294739
vt 0 0.8237918019294739
vt 0.25 0.6762081980705261
vt 0.5 0.8237918019294739
vt 0.25 0.6762081980705261
vt 0.41189590096473694 0.5
vt 0.5 0.8237918019294739
vt 0.41189590096473694 0.5
vt 0.5881040692329407 0.5
vt 0.5 0.8237918019294739
vt 0.75 0.6762081980705261
vt 0.9118959307670593 0.5
vt 1 0.8237918019294739
vt 0.5881040692329407 0.5
vt 0.75 0.3237918019294739
vt 0.75 0.6762081980705261
vt 0.41189590096473694 0.5
vt 0.5 0.17620819807052612
vt 0.5881040692329407 0.5
vt 0.25 0.6762081980705261
vt 0.25 0.3237918019294739
vt 0.41189590096473694 0.5
vt 0 0.8237918019294739
vt 0.08810409903526306 0.5
vt 0.25 0.6762081980705261
vt 0.9118959307670593 0.5
vt 0.75 0.3237918019294739
vt 1 0.17620819807052612
vt 0.75 0.3237918019294739
vt 0.5 0.17620819807052612
vt 1 0.17620819807052612
vt 0.5 0.17620819807052612
vt 0.25 0.3237918019294739
vt 0 0.17620819807052612
vt 0.25 0.3237918019294739
vt 0.08810409903526306 0.5
vt 0 0.17620819807052612
vt 1.0881041288375854 0.5
vt 0.9118959307670593 0.5
vt 1 0.17620819807052612
vt 0.9118959307670593 0.5
vt 0.75 0.6762081980705261
vt 0.75 0.3237918019294739
vt 0.75 0.3237918019294739
vt 0.5881040692329407 0.5
vt 0.5 0.17620819807052612
vt 0.5 0.17620819807052612
vt 0.41189590096473694 0.5
vt 0.25 0.3237918019294739
vt 0.25 0.3237918019294739
vt 0.25 0.6762081980705261
vt 0.08810409903526306 0.5
vt 1.0881041288375854 0.5
vt 1 0.8237918019294739
vt 0.9118959307670593 0.5
vn -0.5773502691896257 0.5773502691896257 0.5773502691896257
vn -0.5773502691896257 0.5773502691896257 0.5773502691896257
vn -0.5773502691896257 0.5773502691896257 0.5773502691896257
vn 0 0.9341723510700028 0.35682211043647993
vn 0 0.9341723510700028 0.35682211043647993
vn 0 0.9341723510700028 0.35682211043647993
vn 0 0.9341723510700028 -0.35682211043647993
vn 0 0.9341723510700028 -0.35682211043647993
vn 0 0.9341723510700028 -0.35682211043647993
vn -0.5773502691896257 0.5773502691896257 -0.5773502691896257
vn -0.5773502691896257 0.5773502691896257 -0.5773502691896257
vn -0.5773502691896257 0.5773502691896257 -0.5773502691896257
vn -0.9341723510700028 0.35682211043647993 0
vn -0.9341723510700028 0.35682211043647993 0
vn -0.9341723510700028 0.35682211043647993 0
vn 0.5773502691896257 0.5773502691896257 0.5773502691896257
vn 0.5773502691896257 0.5773502691896257 0.5773502691896257
vn 0.5773502691896257 0.5773502691896257 0.5773502691896257
vn -0.35682211043647993 0 0.9341723510700028
vn -0.35682211043647993 0 0.9341723510700028
vn -0.35682211043647993 0 0.9341723510700028
vn -0.9341723510700028 -0.35682211043647993 0
vn -0.9341723510700028 -0.35682211043647993 0
vn -0.9341723510700028 -0.35682211043647993 0
vn -0.35682211043647993 0 -0.9341723510700028
vn -0.35682211043647993 0 -0.9341723510700028
vn -0.35682211043647993 0 -0.9341723510700028
vn 0.5773502691896257 0.5773502691896257 -0.5773502691896257
vn 0.5773502691896257 0.5773502691896257 -0.5773502691896257
vn 0.5773502691896257 0.5773502691896257 -0.5773502691896257
vn 0.5773502691896257 -0.5773502691896257 0.5773502691896257
vn 0.5773502691896257 -0.5773502691896257 0.5773502691896257
vn 0.5773502691896257 -0.5773502691896257 0.5773502691896257
vn 0 -0.9341723510700028 0.35682211043647993
vn 0 -0.9341723510700028 0.35682211043647993
vn 0 -0.9341723510700028 0.35682211043647993
vn 0 -0.9341723510700028 -0.35682211043647993
vn 0 -0.9341723510700028 -0.35682211043647993
vn 0 -0.9341723510700028 -0.35682211043647993
vn 0.5773502691896257 -0.5773502691896257 -0.5773502691896257
vn 0.5773502691896257 -0.5773502691896257 -0.5773502691896257
vn 0.5773502691896257 -0.5773502691896257 -0.5773502691896257
vn 0.9341723510700028 -0.35682211043647993 0
vn 0.9341723510700028 -0.35682211043647993 0
vn 0.9341723510700028 -0.35682211043647993 0
vn 0.35682211043647993 0 0.9341723510700028
vn 0.35682211043647993 0 0.9341723510700028
vn 0.35682211043647993 0 0.9341723510700028
vn -0.5773502691896257 -0.5773502691896257 0.5773502691896257
vn -0.5773502691896257 -0.5773502691896257 0.5773502691896257
vn -0.5773502691896257 -0.5773502691896257 0.5773502691896257
vn -0.5773502691896257 -0.5773502691896257 -0.5773502691896257
vn -0.5773502691896257 -0.5773502691896257 -0.5773502691896257
vn -0.5773502691896257 -0.5773502691896257 -0.5773502691896257
vn 0.35682211043647993 0 -0.9341723510700028
vn 0.35682211043647993 0 -0.9341723510700028
vn 0.35682211043647993 0 -0.9341723510700028
vn 0.9341723510700028 0.35682211043647993 0
vn 0.9341723510700028 0.35682211043647993 0
vn 0.9341723510700028 0.35682211043647993 0
f 6168/6168/6168 6169/6169/6169 6170/6170/6170
f 6171/6171/6171 6172/6172/6172 6173/6173/6173
f 6174/6174/6174 6175/6175/6175 6176/6176/6176
f 6177/6177/6177 6178/6178/6178 6179/6179/6179
f 6180/6180/6180 6181/6181/6181 6182/6182/6182
f 6183/6183/6183 6184/6184/6184 6185/6185/6185
f 6186/6186/6186 6187/6187/6187 6188/6188/6188
f 6189/6189/6189 6190/6190/6190 6191/6191/6191
f 6192/6192/6192 6193/6193/6193 6194/6194/6194
f 6195/6195/6195 6196/6196/6196 6197/6197/6197
f 6198/6198/6198 6199/6199/6199 6200/6200/6200
f 6201/6201/6201 6202/6202/6202 6203/6203/6203
f 6204/6204/6204 6205/6205/6205 6206/6206/6206
f 6207/6207/6207 6208/6208/6208 6209/6209/6209
f 6210/6210/6210 6211/6211/6211 6212/6212/6212
f 6213/6213/6213 6214/6214/6214 6215/6215/6215
f 6216/6216/6216 6217/6217/6217 6218/6218/6218
f 6219/6219/6219 6220/6220/6220 6221/6221/6221
f 6222/6222/6222 6223/6223/6223 6224/6224/6224
f 6225/6225/6225 6226/6226/6226 6227/6227/6227
o shin
usemtl steelD
v 0.16 0.05000000029802322 0.08000000029802322
v 0.20949747398495674 0.05000000029802322 0.05949747398495674
v 0.23000000029802323 0.05000000029802322 0.010000000000000004
v 0.20949747398495674 0.05000000029802322 -0.03949747398495674
v 0.16 0.05000000029802322 -0.06000000029802322
v 0.11050252601504326 0.05000000029802322 -0.03949747398495674
v 0.08999999970197678 0.05000000029802322 0.009999999999999988
v 0.11050252601504326 0.05000000029802322 0.05949747398495674
v 0.15999999999999998 0.05000000029802322 0.08000000029802322
v 0.16 -0.09000000029802323 0.08999999821186065
v 0.21656854063272477 -0.09000000029802323 0.06656854063272476
v 0.23999999821186066 -0.09000000029802323 0.010000000000000005
v 0.21656854063272477 -0.09000000029802323 -0.04656854063272476
v 0.16 -0.09000000029802323 -0.06999999821186066
v 0.10343145936727524 -0.09000000029802323 -0.04656854063272476
v 0.08000000178813935 -0.09000000029802323 0.009999999999999986
v 0.10343145936727524 -0.09000000029802323 0.06656854063272476
v 0.15999999999999998 -0.09000000029802323 0.08999999821186065
v 0.16 0.05000000029802322 0.01
v 0.16 0.05000000029802322 0.01
v 0.16 0.05000000029802322 0.01
v 0.16 0.05000000029802322 0.01
v 0.16 0.05000000029802322 0.01
v 0.16 0.05000000029802322 0.01
v 0.16 0.05000000029802322 0.01
v 0.16 0.05000000029802322 0.01
v 0.16 0.05000000029802322 0.08000000029802322
v 0.20949747398495674 0.05000000029802322 0.05949747398495674
v 0.23000000029802323 0.05000000029802322 0.010000000000000004
v 0.20949747398495674 0.05000000029802322 -0.03949747398495674
v 0.16 0.05000000029802322 -0.06000000029802322
v 0.11050252601504326 0.05000000029802322 -0.03949747398495674
v 0.08999999970197678 0.05000000029802322 0.009999999999999988
v 0.11050252601504326 0.05000000029802322 0.05949747398495674
v 0.15999999999999998 0.05000000029802322 0.08000000029802322
v 0.16 -0.09000000029802323 0.01
v 0.16 -0.09000000029802323 0.01
v 0.16 -0.09000000029802323 0.01
v 0.16 -0.09000000029802323 0.01
v 0.16 -0.09000000029802323 0.01
v 0.16 -0.09000000029802323 0.01
v 0.16 -0.09000000029802323 0.01
v 0.16 -0.09000000029802323 0.01
v 0.16 -0.09000000029802323 0.08999999821186065
v 0.21656854063272477 -0.09000000029802323 0.06656854063272476
v 0.23999999821186066 -0.09000000029802323 0.010000000000000005
v 0.21656854063272477 -0.09000000029802323 -0.04656854063272476
v 0.16 -0.09000000029802323 -0.06999999821186066
v 0.10343145936727524 -0.09000000029802323 -0.04656854063272476
v 0.08000000178813935 -0.09000000029802323 0.009999999999999986
v 0.10343145936727524 -0.09000000029802323 0.06656854063272476
v 0.15999999999999998 -0.09000000029802323 0.08999999821186065
vt 0 1
vt 0.125 1
vt 0.25 1
vt 0.375 1
vt 0.5 1
vt 0.625 1
vt 0.75 1
vt 0.875 1
vt 1 1
vt 0 0
vt 0.125 0
vt 0.25 0
vt 0.375 0
vt 0.5 0
vt 0.625 0
vt 0.75 0
vt 0.875 0
vt 1 0
vt 0.5 0.5
vt 0.5 0.5
vt 0.5 0.5
vt 0.5 0.5
vt 0.5 0.5
vt 0.5 0.5
vt 0.5 0.5
vt 0.5 0.5
vt 1 0.5
vt 0.8535534143447876 0.8535534143447876
vt 0.5 1
vt 0.1464466154575348 0.8535534143447876
vt 0 0.5
vt 0.1464466154575348 0.1464466154575348
vt 0.5 0
vt 0.8535534143447876 0.1464466154575348
vt 1 0.5
vt 0.5 0.5
vt 0.5 0.5
vt 0.5 0.5
vt 0.5 0.5
vt 0.5 0.5
vt 0.5 0.5
vt 0.5 0.5
vt 0.5 0.5
vt 1 0.5
vt 0.8535534143447876 0.1464466154575348
vt 0.5 0
vt 0.1464466154575348 0.1464466154575348
vt 0 0.5
vt 0.1464466154575348 0.8535534143447876
vt 0.5 1
vt 0.8535534143447876 0.8535534143447876
vt 1 0.5
vn 0 0.07124704892894387 0.9974586999063754
vn 0.7053098106578273 0.07124704891881273 0.7053098106578273
vn 0.9974586999063754 0.07124704892894387 6.107673362924981e-17
vn 0.7053098106578273 0.07124704891881273 -0.7053098106578273
vn 1.2215346725849962e-16 0.07124704892894387 -0.9974586999063754
vn -0.7053098106578273 0.07124704891881273 -0.7053098106578273
vn -0.9974586999063754 0.07124704892894387 -1.8323019427030449e-16
vn -0.7053098106578273 0.07124704891881273 0.7053098106578273
vn -2.4430693451699923e-16 0.07124704892894387 0.9974586999063754
vn 0 0.07124704892894387 0.9974586999063754
vn 0.7053098106578273 0.07124704891881273 0.7053098106578273
vn 0.9974586999063754 0.07124704892894387 6.107673362924981e-17
vn 0.7053098106578273 0.07124704891881273 -0.7053098106578273
vn 1.2215346725849962e-16 0.07124704892894387 -0.9974586999063754
vn -0.7053098106578273 0.07124704891881273 -0.7053098106578273
vn -0.9974586999063754 0.07124704892894387 -1.8323019427030449e-16
vn -0.7053098106578273 0.07124704891881273 0.7053098106578273
vn -2.4430693451699923e-16 0.07124704892894387 0.9974586999063754
vn 0 1 0
vn 0 1 0
vn 0 1 0
vn 0 1 0
vn 0 1 0
vn 0 1 0
vn 0 1 0
vn 0 1 0
vn 0 1 0
vn 0 1 0
vn 0 1 0
vn 0 1 0
vn 0 1 0
vn 0 1 0
vn 0 1 0
vn 0 1 0
vn 0 1 0
vn 0 -1 0
vn 0 -1 0
vn 0 -1 0
vn 0 -1 0
vn 0 -1 0
vn 0 -1 0
vn 0 -1 0
vn 0 -1 0
vn 0 -1 0
vn 0 -1 0
vn 0 -1 0
vn 0 -1 0
vn 0 -1 0
vn 0 -1 0
vn 0 -1 0
vn 0 -1 0
vn 0 -1 0
f 6228/6228/6228 6237/6237/6237 6229/6229/6229
f 6237/6237/6237 6238/6238/6238 6229/6229/6229
f 6229/6229/6229 6238/6238/6238 6230/6230/6230
f 6238/6238/6238 6239/6239/6239 6230/6230/6230
f 6230/6230/6230 6239/6239/6239 6231/6231/6231
f 6239/6239/6239 6240/6240/6240 6231/6231/6231
f 6231/6231/6231 6240/6240/6240 6232/6232/6232
f 6240/6240/6240 6241/6241/6241 6232/6232/6232
f 6232/6232/6232 6241/6241/6241 6233/6233/6233
f 6241/6241/6241 6242/6242/6242 6233/6233/6233
f 6233/6233/6233 6242/6242/6242 6234/6234/6234
f 6242/6242/6242 6243/6243/6243 6234/6234/6234
f 6234/6234/6234 6243/6243/6243 6235/6235/6235
f 6243/6243/6243 6244/6244/6244 6235/6235/6235
f 6235/6235/6235 6244/6244/6244 6236/6236/6236
f 6244/6244/6244 6245/6245/6245 6236/6236/6236
f 6254/6254/6254 6255/6255/6255 6246/6246/6246
f 6255/6255/6255 6256/6256/6256 6247/6247/6247
f 6256/6256/6256 6257/6257/6257 6248/6248/6248
f 6257/6257/6257 6258/6258/6258 6249/6249/6249
f 6258/6258/6258 6259/6259/6259 6250/6250/6250
f 6259/6259/6259 6260/6260/6260 6251/6251/6251
f 6260/6260/6260 6261/6261/6261 6252/6252/6252
f 6261/6261/6261 6262/6262/6262 6253/6253/6253
f 6272/6272/6272 6271/6271/6271 6263/6263/6263
f 6273/6273/6273 6272/6272/6272 6264/6264/6264
f 6274/6274/6274 6273/6273/6273 6265/6265/6265
f 6275/6275/6275 6274/6274/6274 6266/6266/6266
f 6276/6276/6276 6275/6275/6275 6267/6267/6267
f 6277/6277/6277 6276/6276/6276 6268/6268/6268
f 6278/6278/6278 6277/6277/6277 6269/6269/6269
f 6279/6279/6279 6278/6278/6278 6270/6270/6270
o boot
usemtl black
v 0.2500000035762787 -0.04000000134110451 0.21000000059604645
v 0.2500000035762787 -0.04000000134110451 -0.07000000059604644
v 0.2500000035762787 -0.1599999986588955 0.21000000059604645
v 0.2500000035762787 -0.1599999986588955 -0.07000000059604644
v 0.06999999642372132 -0.04000000134110451 -0.07000000059604644
v 0.06999999642372132 -0.04000000134110451 0.21000000059604645
v 0.06999999642372132 -0.1599999986588955 -0.07000000059604644
v 0.06999999642372132 -0.1599999986588955 0.21000000059604645
v 0.06999999642372132 -0.04000000134110451 -0.07000000059604644
v 0.2500000035762787 -0.04000000134110451 -0.07000000059604644
v 0.06999999642372132 -0.04000000134110451 0.21000000059604645
v 0.2500000035762787 -0.04000000134110451 0.21000000059604645
v 0.06999999642372132 -0.1599999986588955 0.21000000059604645
v 0.2500000035762787 -0.1599999986588955 0.21000000059604645
v 0.06999999642372132 -0.1599999986588955 -0.07000000059604644
v 0.2500000035762787 -0.1599999986588955 -0.07000000059604644
v 0.06999999642372132 -0.04000000134110451 0.21000000059604645
v 0.2500000035762787 -0.04000000134110451 0.21000000059604645
v 0.06999999642372132 -0.1599999986588955 0.21000000059604645
v 0.2500000035762787 -0.1599999986588955 0.21000000059604645
v 0.2500000035762787 -0.04000000134110451 -0.07000000059604644
v 0.06999999642372132 -0.04000000134110451 -0.07000000059604644
v 0.2500000035762787 -0.1599999986588955 -0.07000000059604644
v 0.06999999642372132 -0.1599999986588955 -0.07000000059604644
vt 0 1
vt 1 1
vt 0 0
vt 1 0
vt 0 1
vt 1 1
vt 0 0
vt 1 0
vt 0 1
vt 1 1
vt 0 0
vt 1 0
vt 0 1
vt 1 1
vt 0 0
vt 1 0
vt 0 1
vt 1 1
vt 0 0
vt 1 0
vt 0 1
vt 1 1
vt 0 0
vt 1 0
vn 1 0 0
vn 1 0 0
vn 1 0 0
vn 1 0 0
vn -1 0 0
vn -1 0 0
vn -1 0 0
vn -1 0 0
vn 0 1 0
vn 0 1 0
vn 0 1 0
vn 0 1 0
vn 0 -1 0
vn 0 -1 0
vn 0 -1 0
vn 0 -1 0
vn 0 0 1
vn 0 0 1
vn 0 0 1
vn 0 0 1
vn 0 0 -1
vn 0 0 -1
vn 0 0 -1
vn 0 0 -1
f 6280/6280/6280 6282/6282/6282 6281/6281/6281
f 6282/6282/6282 6283/6283/6283 6281/6281/6281
f 6284/6284/6284 6286/6286/6286 6285/6285/6285
f 6286/6286/6286 6287/6287/6287 6285/6285/6285
f 6288/6288/6288 6290/6290/6290 6289/6289/6289
f 6290/6290/6290 6291/6291/6291 6289/6289/6289
f 6292/6292/6292 6294/6294/6294 6293/6293/6293
f 6294/6294/6294 6295/6295/6295 6293/6293/6293
f 6296/6296/6296 6298/6298/6298 6297/6297/6297
f 6298/6298/6298 6299/6299/6299 6297/6297/6297
f 6300/6300/6300 6302/6302/6302 6301/6301/6301
f 6302/6302/6302 6303/6303/6303 6301/6301/6301
o boot_toecap
usemtl steelD
v 0.2500000035762787 -0.07000000067055226 0.2650000017881393
v 0.2500000035762787 -0.07000000067055226 0.17499999821186066
v 0.2500000035762787 -0.12999999932944775 0.2650000017881393
v 0.2500000035762787 -0.12999999932944775 0.17499999821186066
v 0.06999999642372132 -0.07000000067055226 0.17499999821186066
v 0.06999999642372132 -0.07000000067055226 0.2650000017881393
v 0.06999999642372132 -0.12999999932944775 0.17499999821186066
v 0.06999999642372132 -0.12999999932944775 0.2650000017881393
v 0.06999999642372132 -0.07000000067055226 0.17499999821186066
v 0.2500000035762787 -0.07000000067055226 0.17499999821186066
v 0.06999999642372132 -0.07000000067055226 0.2650000017881393
v 0.2500000035762787 -0.07000000067055226 0.2650000017881393
v 0.06999999642372132 -0.12999999932944775 0.2650000017881393
v 0.2500000035762787 -0.12999999932944775 0.2650000017881393
v 0.06999999642372132 -0.12999999932944775 0.17499999821186066
v 0.2500000035762787 -0.12999999932944775 0.17499999821186066
v 0.06999999642372132 -0.07000000067055226 0.2650000017881393
v 0.2500000035762787 -0.07000000067055226 0.2650000017881393
v 0.06999999642372132 -0.12999999932944775 0.2650000017881393
v 0.2500000035762787 -0.12999999932944775 0.2650000017881393
v 0.2500000035762787 -0.07000000067055226 0.17499999821186066
v 0.06999999642372132 -0.07000000067055226 0.17499999821186066
v 0.2500000035762787 -0.12999999932944775 0.17499999821186066
v 0.06999999642372132 -0.12999999932944775 0.17499999821186066
vt 0 1
vt 1 1
vt 0 0
vt 1 0
vt 0 1
vt 1 1
vt 0 0
vt 1 0
vt 0 1
vt 1 1
vt 0 0
vt 1 0
vt 0 1
vt 1 1
vt 0 0
vt 1 0
vt 0 1
vt 1 1
vt 0 0
vt 1 0
vt 0 1
vt 1 1
vt 0 0
vt 1 0
vn 1 0 0
vn 1 0 0
vn 1 0 0
vn 1 0 0
vn -1 0 0
vn -1 0 0
vn -1 0 0
vn -1 0 0
vn 0 1 0
vn 0 1 0
vn 0 1 0
vn 0 1 0
vn 0 -1 0
vn 0 -1 0
vn 0 -1 0
vn 0 -1 0
vn 0 0 1
vn 0 0 1
vn 0 0 1
vn 0 0 1
vn 0 0 -1
vn 0 0 -1
vn 0 0 -1
vn 0 0 -1
f 6304/6304/6304 6306/6306/6306 6305/6305/6305
f 6306/6306/6306 6307/6307/6307 6305/6305/6305
f 6308/6308/6308 6310/6310/6310 6309/6309/6309
f 6310/6310/6310 6311/6311/6311 6309/6309/6309
f 6312/6312/6312 6314/6314/6314 6313/6313/6313
f 6314/6314/6314 6315/6315/6315 6313/6313/6313
f 6316/6316/6316 6318/6318/6318 6317/6317/6317
f 6318/6318/6318 6319/6319/6319 6317/6317/6317
f 6320/6320/6320 6322/6322/6322 6321/6321/6321
f 6322/6322/6322 6323/6323/6323 6321/6321/6321
f 6324/6324/6324 6326/6326/6326 6325/6325/6325
f 6326/6326/6326 6327/6327/6327 6325/6325/6325
o core_housing
usemtl steelD
v 0 0.7499999993294477 0.3700000035762787
v 0.06363961100578308 0.7499999993294477 0.3436396110057831
v 0.09000000357627869 0.7499999993294477 0.28
v 0.06363961100578308 0.7499999993294477 0.21636038899421695
v 1.102182101152202e-17 0.7499999993294477 0.18999999642372134
v -0.06363961100578308 0.7499999993294477 0.21636038899421695
v -0.09000000357627869 0.7499999993294477 0.28
v -0.06363961100578308 0.7499999993294477 0.3436396110057831
v -2.204364202304404e-17 0.7499999993294477 0.3700000035762787
v 0 0.6900000006705522 0.38000000149011615
v 0.0707106813788414 0.6900000006705522 0.3507106813788414
v 0.10000000149011612 0.6900000006705522 0.28
v 0.0707106813788414 0.6900000006705522 0.20928931862115863
v 1.2246467698671066e-17 0.6900000006705522 0.1799999985098839
v -0.0707106813788414 0.6900000006705522 0.20928931862115863
v -0.10000000149011612 0.6900000006705522 0.28
v -0.0707106813788414 0.6900000006705522 0.3507106813788414
v -2.4492935397342132e-17 0.6900000006705522 0.38000000149011615
v 0 0.7499999993294477 0.28
v 0 0.7499999993294477 0.28
v 0 0.7499999993294477 0.28
v 0 0.7499999993294477 0.28
v 0 0.7499999993294477 0.28
v 0 0.7499999993294477 0.28
v 0 0.7499999993294477 0.28
v 0 0.7499999993294477 0.28
v 0 0.7499999993294477 0.3700000035762787
v 0.06363961100578308 0.7499999993294477 0.3436396110057831
v 0.09000000357627869 0.7499999993294477 0.28
v 0.06363961100578308 0.7499999993294477 0.21636038899421695
v 1.102182101152202e-17 0.7499999993294477 0.18999999642372134
v -0.06363961100578308 0.7499999993294477 0.21636038899421695
v -0.09000000357627869 0.7499999993294477 0.28
v -0.06363961100578308 0.7499999993294477 0.3436396110057831
v -2.204364202304404e-17 0.7499999993294477 0.3700000035762787
v 0 0.6900000006705522 0.28
v 0 0.6900000006705522 0.28
v 0 0.6900000006705522 0.28
v 0 0.6900000006705522 0.28
v 0 0.6900000006705522 0.28
v 0 0.6900000006705522 0.28
v 0 0.6900000006705522 0.28
v 0 0.6900000006705522 0.28
v 0 0.6900000006705522 0.38000000149011615
v 0.0707106813788414 0.6900000006705522 0.3507106813788414
v 0.10000000149011612 0.6900000006705522 0.28
v 0.0707106813788414 0.6900000006705522 0.20928931862115863
v 1.2246467698671066e-17 0.6900000006705522 0.1799999985098839
v -0.0707106813788414 0.6900000006705522 0.20928931862115863
v -0.10000000149011612 0.6900000006705522 0.28
v -0.0707106813788414 0.6900000006705522 0.3507106813788414
v -2.4492935397342132e-17 0.6900000006705522 0.38000000149011615
vt 0 1
vt 0.125 1
vt 0.25 1
vt 0.375 1
vt 0.5 1
vt 0.625 1
vt 0.75 1
vt 0.875 1
vt 1 1
vt 0 0
vt 0.125 0
vt 0.25 0
vt 0.375 0
vt 0.5 0
vt 0.625 0
vt 0.75 0
vt 0.875 0
vt 1 0
vt 0.5 0.5
vt 0.5 0.5
vt 0.5 0.5
vt 0.5 0.5
vt 0.5 0.5
vt 0.5 0.5
vt 0.5 0.5
vt 0.5 0.5
vt 1 0.5
vt 0.8535534143447876 0.8535534143447876
vt 0.5 1
vt 0.1464466154575348 0.8535534143447876
vt 0 0.5
vt 0.1464466154575348 0.1464466154575348
vt 0.5 0
vt 0.8535534143447876 0.1464466154575348
vt 1 0.5
vt 0.5 0.5
vt 0.5 0.5
vt 0.5 0.5
vt 0.5 0.5
vt 0.5 0.5
vt 0.5 0.5
vt 0.5 0.5
vt 0.5 0.5
vt 1 0.5
vt 0.8535534143447876 0.1464466154575348
vt 0.5 0
vt 0.1464466154575348 0.1464466154575348
vt 0 0.5
vt 0.1464466154575348 0.8535534143447876
vt 0.5 1
vt 0.8535534143447876 0.8535534143447876
vt 1 0.5
vn 0 0.16439898247254828 0.986393924637612
vn 0.6974858321885361 0.16439898963354524 0.6974858321885361
vn 0.986393924637612 0.16439898247254828 6.039920607808771e-17
vn 0.6974858321885361 0.16439898963354524 -0.6974858321885361
vn 1.2079841215617542e-16 0.16439898247254828 -0.986393924637612
vn -0.6974858321885361 0.16439898963354524 -0.6974858321885361
vn -0.986393924637612 0.16439898247254828 -1.8119761823426315e-16
vn -0.6974858321885361 0.16439898963354524 0.6974858321885361
vn -2.4159682431235084e-16 0.16439898247254828 0.986393924637612
vn 0 0.16439898247254828 0.986393924637612
vn 0.6974858321885361 0.16439898963354524 0.6974858321885361
vn 0.986393924637612 0.16439898247254828 6.039920607808771e-17
vn 0.6974858321885361 0.16439898963354524 -0.6974858321885361
vn 1.2079841215617542e-16 0.16439898247254828 -0.986393924637612
vn -0.6974858321885361 0.16439898963354524 -0.6974858321885361
vn -0.986393924637612 0.16439898247254828 -1.8119761823426315e-16
vn -0.6974858321885361 0.16439898963354524 0.6974858321885361
vn -2.4159682431235084e-16 0.16439898247254828 0.986393924637612
vn 0 1 0
vn 0 1 0
vn 0 1 0
vn 0 1 0
vn 0 1 0
vn 0 1 0
vn 0 1 0
vn 0 1 0
vn 0 1 0
vn 0 1 0
vn 0 1 0
vn 0 1 0
vn 0 1 0
vn 0 1 0
vn 0 1 0
vn 0 1 0
vn 0 1 0
vn 0 -1 0
vn 0 -1 0
vn 0 -1 0
vn 0 -1 0
vn 0 -1 0
vn 0 -1 0
vn 0 -1 0
vn 0 -1 0
vn 0 -1 0
vn 0 -1 0
vn 0 -1 0
vn 0 -1 0
vn 0 -1 0
vn 0 -1 0
vn 0 -1 0
vn 0 -1 0
vn 0 -1 0
f 6328/6328/6328 6337/6337/6337 6329/6329/6329
f 6337/6337/6337 6338/6338/6338 6329/6329/6329
f 6329/6329/6329 6338/6338/6338 6330/6330/6330
f 6338/6338/6338 6339/6339/6339 6330/6330/6330
f 6330/6330/6330 6339/6339/6339 6331/6331/6331
f 6339/6339/6339 6340/6340/6340 6331/6331/6331
f 6331/6331/6331 6340/6340/6340 6332/6332/6332
f 6340/6340/6340 6341/6341/6341 6332/6332/6332
f 6332/6332/6332 6341/6341/6341 6333/6333/6333
f 6341/6341/6341 6342/6342/6342 6333/6333/6333
f 6333/6333/6333 6342/6342/6342 6334/6334/6334
f 6342/6342/6342 6343/6343/6343 6334/6334/6334
f 6334/6334/6334 6343/6343/6343 6335/6335/6335
f 6343/6343/6343 6344/6344/6344 6335/6335/6335
f 6335/6335/6335 6344/6344/6344 6336/6336/6336
f 6344/6344/6344 6345/6345/6345 6336/6336/6336
f 6354/6354/6354 6355/6355/6355 6346/6346/6346
f 6355/6355/6355 6356/6356/6356 6347/6347/6347
f 6356/6356/6356 6357/6357/6357 6348/6348/6348
f 6357/6357/6357 6358/6358/6358 6349/6349/6349
f 6358/6358/6358 6359/6359/6359 6350/6350/6350
f 6359/6359/6359 6360/6360/6360 6351/6351/6351
f 6360/6360/6360 6361/6361/6361 6352/6352/6352
f 6361/6361/6361 6362/6362/6362 6353/6353/6353
f 6372/6372/6372 6371/6371/6371 6363/6363/6363
f 6373/6373/6373 6372/6372/6372 6364/6364/6364
f 6374/6374/6374 6373/6373/6373 6365/6365/6365
f 6375/6375/6375 6374/6374/6374 6366/6366/6366
f 6376/6376/6376 6375/6375/6375 6367/6367/6367
f 6377/6377/6377 6376/6376/6376 6368/6368/6368
f 6378/6378/6378 6377/6377/6377 6369/6369/6369
f 6379/6379/6379 6378/6378/6378 6370/6370/6370
o core_glow
usemtl red
v -0.036405764520168304 0.7425000008940696 0.3339057645574212
v -0.013905764557421207 0.7564057645201683 0.3425000008940697
v -0.023657899349927902 0.7582792875170707 0.32
v -0.036405764520168304 0.7425000008940696 0.3339057645574212
v -0.02250000089406967 0.7339057645574212 0.3564057645201683
v -0.013905764557421207 0.7564057645201683 0.3425000008940697
v -0.03827928751707077 0.72 0.3436578993499279
v -0.02250000089406967 0.7339057645574212 0.3564057645201683
v -0.036405764520168304 0.7425000008940696 0.3339057645574212
v -0.02250000089406967 0.7339057645574212 0.3564057645201683
v 0 0.7436578993499279 0.3582792875170708
v -0.013905764557421207 0.7564057645201683 0.3425000008940697
v -0.013905764557421207 0.7564057645201683 0.3425000008940697
v 0 0.7650000017881393 0.32
v -0.023657899349927902 0.7582792875170707 0.32
v -0.013905764557421207 0.7564057645201683 0.3425000008940697
v 0.013905764557421207 0.7564057645201683 0.3425000008940697
v 0 0.7650000017881393 0.32
v 0 0.7436578993499279 0.3582792875170708
v 0.013905764557421207 0.7564057645201683 0.3425000008940697
v -0.013905764557421207 0.7564057645201683 0.3425000008940697
v 0.013905764557421207 0.7564057645201683 0.3425000008940697
v 0.023657899349927902 0.7582792875170707 0.32
v 0 0.7650000017881393 0.32
v 0 0.7650000017881393 0.32
v -0.013905764557421207 0.7564057645201683 0.29749999910593034
v -0.023657899349927902 0.7582792875170707 0.32
v 0 0.7650000017881393 0.32
v 0.013905764557421207 0.7564057645201683 0.29749999910593034
v -0.013905764557421207 0.7564057645201683 0.29749999910593034
v 0.023657899349927902 0.7582792875170707 0.32
v 0.013905764557421207 0.7564057645201683 0.29749999910593034
v 0 0.7650000017881393 0.32
v 0.013905764557421207 0.7564057645201683 0.29749999910593034
v 0 0.7436578993499279 0.28172071248292924
v -0.013905764557421207 0.7564057645201683 0.29749999910593034
v -0.013905764557421207 0.7564057645201683 0.29749999910593034
v -0.036405764520168304 0.7425000008940696 0.3060942354425788
v -0.023657899349927902 0.7582792875170707 0.32
v -0.013905764557421207 0.7564057645201683 0.29749999910593034
v -0.02250000089406967 0.7339057645574212 0.2835942354798317
v -0.036405764520168304 0.7425000008940696 0.3060942354425788
v 0 0.7436578993499279 0.28172071248292924
v -0.02250000089406967 0.7339057645574212 0.2835942354798317
v -0.013905764557421207 0.7564057645201683 0.29749999910593034
v -0.02250000089406967 0.7339057645574212 0.2835942354798317
v -0.03827928751707077 0.72 0.2963421006500721
v -0.036405764520168304 0.7425000008940696 0.3060942354425788
v -0.036405764520168304 0.7425000008940696 0.3060942354425788
v -0.036405764520168304 0.7425000008940696 0.3339057645574212
v -0.023657899349927902 0.7582792875170707 0.32
v -0.036405764520168304 0.7425000008940696 0.3060942354425788
v -0.04500000178813934 0.72 0.32
v -0.036405764520168304 0.7425000008940696 0.3339057645574212
v -0.03827928751707077 0.72 0.2963421006500721
v -0.04500000178813934 0.72 0.32
v -0.036405764520168304 0.7425000008940696 0.3060942354425788
v -0.04500000178813934 0.72 0.32
v -0.03827928751707077 0.72 0.3436578993499279
v -0.036405764520168304 0.7425000008940696 0.3339057645574212
v 0.013905764557421207 0.7564057645201683 0.3425000008940697
v 0.036405764520168304 0.7425000008940696 0.3339057645574212
v 0.023657899349927902 0.7582792875170707 0.32
v 0.013905764557421207 0.7564057645201683 0.3425000008940697
v 0.02250000089406967 0.7339057645574212 0.3564057645201683
v 0.036405764520168304 0.7425000008940696 0.3339057645574212
v 0 0.7436578993499279 0.3582792875170708
v 0.02250000089406967 0.7339057645574212 0.3564057645201683
v 0.013905764557421207 0.7564057645201683 0.3425000008940697
v 0.02250000089406967 0.7339057645574212 0.3564057645201683
v 0.03827928751707077 0.72 0.3436578993499279
v 0.036405764520168304 0.7425000008940696 0.3339057645574212
v -0.02250000089406967 0.7339057645574212 0.3564057645201683
v 0 0.72 0.36500000178813935
v 0 0.7436578993499279 0.3582792875170708
v -0.02250000089406967 0.7339057645574212 0.3564057645201683
v -0.02250000089406967 0.7060942354425788 0.3564057645201683
v 0 0.72 0.36500000178813935
v -0.03827928751707077 0.72 0.3436578993499279
v -0.02250000089406967 0.7060942354425788 0.3564057645201683
v -0.02250000089406967 0.7339057645574212 0.3564057645201683
v -0.02250000089406967 0.7060942354425788 0.3564057645201683
v 0 0.6963421006500721 0.3582792875170708
v 0 0.72 0.36500000178813935
v -0.04500000178813934 0.72 0.32
v -0.036405764520168304 0.6974999991059303 0.3339057645574212
v -0.03827928751707077 0.72 0.3436578993499279
v -0.04500000178813934 0.72 0.32
v -0.036405764520168304 0.6974999991059303 0.3060942354425788
v -0.036405764520168304 0.6974999991059303 0.3339057645574212
v -0.03827928751707077 0.72 0.2963421006500721
v -0.036405764520168304 0.6974999991059303 0.3060942354425788
v -0.04500000178813934 0.72 0.32
v -0.036405764520168304 0.6974999991059303 0.3060942354425788
v -0.023657899349927902 0.6817207124829292 0.32
v -0.036405764520168304 0.6974999991059303 0.3339057645574212
v -0.02250000089406967 0.7339057645574212 0.2835942354798317
v -0.02250000089406967 0.7060942354425788 0.2835942354798317
v -0.03827928751707077 0.72 0.2963421006500721
v -0.02250000089406967 0.7339057645574212 0.2835942354798317
v 0 0.72 0.27499999821186066
v -0.02250000089406967 0.7060942354425788 0.2835942354798317
v 0 0.7436578993499279 0.28172071248292924
v 0 0.72 0.27499999821186066
v -0.02250000089406967 0.7339057645574212 0.2835942354798317
v 0 0.72 0.27499999821186066
v 0 0.6963421006500721 0.28172071248292924
v -0.02250000089406967 0.7060942354425788 0.2835942354798317
v 0.013905764557421207 0.7564057645201683 0.29749999910593034
v 0.02250000089406967 0.7339057645574212 0.2835942354798317
v 0 0.7436578993499279 0.28172071248292924
v 0.013905764557421207 0.7564057645201683 0.29749999910593034
v 0.036405764520168304 0.7425000008940696 0.3060942354425788
v 0.02250000089406967 0.7339057645574212 0.2835942354798317
v 0.023657899349927902 0.7582792875170707 0.32
v 0.036405764520168304 0.7425000008940696 0.3060942354425788
v 0.013905764557421207 0.7564057645201683 0.29749999910593034
v 0.036405764520168304 0.7425000008940696 0.3060942354425788
v 0.03827928751707077 0.72 0.2963421006500721
v 0.02250000089406967 0.7339057645574212 0.2835942354798317
v 0.036405764520168304 0.6974999991059303 0.3339057645574212
v 0.013905764557421207 0.6835942354798317 0.3425000008940697
v 0.023657899349927902 0.6817207124829292 0.32
v 0.036405764520168304 0.6974999991059303 0.3339057645574212
v 0.02250000089406967 0.7060942354425788 0.3564057645201683
v 0.013905764557421207 0.6835942354798317 0.3425000008940697
v 0.03827928751707077 0.72 0.3436578993499279
v 0.02250000089406967 0.7060942354425788 0.3564057645201683
v 0.036405764520168304 0.6974999991059303 0.3339057645574212
v 0.02250000089406967 0.7060942354425788 0.3564057645201683
v 0 0.6963421006500721 0.3582792875170708
v 0.013905764557421207 0.6835942354798317 0.3425000008940697
v 0.013905764557421207 0.6835942354798317 0.3425000008940697
v 0 0.6749999982118606 0.32
v 0.023657899349927902 0.6817207124829292 0.32
v 0.013905764557421207 0.6835942354798317 0.3425000008940697
v -0.013905764557421207 0.6835942354798317 0.3425000008940697
v 0 0.6749999982118606 0.32
v 0 0.6963421006500721 0.3582792875170708
v -0.013905764557421207 0.6835942354798317 0.3425000008940697
v 0.013905764557421207 0.6835942354798317 0.3425000008940697
v -0.013905764557421207 0.6835942354798317 0.3425000008940697
v -0.023657899349927902 0.6817207124829292 0.32
v 0 0.6749999982118606 0.32
v 0 0.6749999982118606 0.32
v 0.013905764557421207 0.6835942354798317 0.29749999910593034
v 0.023657899349927902 0.6817207124829292 0.32
v 0 0.6749999982118606 0.32
v -0.013905764557421207 0.6835942354798317 0.29749999910593034
v 0.013905764557421207 0.6835942354798317 0.29749999910593034
v -0.023657899349927902 0.6817207124829292 0.32
v -0.013905764557421207 0.6835942354798317 0.29749999910593034
v 0 0.6749999982118606 0.32
v -0.013905764557421207 0.6835942354798317 0.29749999910593034
v 0 0.6963421006500721 0.28172071248292924
v 0.013905764557421207 0.6835942354798317 0.29749999910593034
v 0.013905764557421207 0.6835942354798317 0.29749999910593034
v 0.036405764520168304 0.6974999991059303 0.3060942354425788
v 0.023657899349927902 0.6817207124829292 0.32
v 0.013905764557421207 0.6835942354798317 0.29749999910593034
v 0.02250000089406967 0.7060942354425788 0.2835942354798317
v 0.036405764520168304 0.6974999991059303 0.3060942354425788
v 0 0.6963421006500721 0.28172071248292924
v 0.02250000089406967 0.7060942354425788 0.2835942354798317
v 0.013905764557421207 0.6835942354798317 0.29749999910593034
v 0.02250000089406967 0.7060942354425788 0.2835942354798317
v 0.03827928751707077 0.72 0.2963421006500721
v 0.036405764520168304 0.6974999991059303 0.3060942354425788
v 0.036405764520168304 0.6974999991059303 0.3060942354425788
v 0.036405764520168304 0.6974999991059303 0.3339057645574212
v 0.023657899349927902 0.6817207124829292 0.32
v 0.036405764520168304 0.6974999991059303 0.3060942354425788
v 0.04500000178813934 0.72 0.32
v 0.036405764520168304 0.6974999991059303 0.3339057645574212
v 0.03827928751707077 0.72 0.2963421006500721
v 0.04500000178813934 0.72 0.32
v 0.036405764520168304 0.6974999991059303 0.3060942354425788
v 0.04500000178813934 0.72 0.32
v 0.03827928751707077 0.72 0.3436578993499279
v 0.036405764520168304 0.6974999991059303 0.3339057645574212
v 0.02250000089406967 0.7060942354425788 0.3564057645201683
v 0 0.72 0.36500000178813935
v 0 0.6963421006500721 0.3582792875170708
v 0.02250000089406967 0.7060942354425788 0.3564057645201683
v 0.02250000089406967 0.7339057645574212 0.3564057645201683
v 0 0.72 0.36500000178813935
v 0.03827928751707077 0.72 0.3436578993499279
v 0.02250000089406967 0.7339057645574212 0.3564057645201683
v 0.02250000089406967 0.7060942354425788 0.3564057645201683
v 0.02250000089406967 0.7339057645574212 0.3564057645201683
v 0 0.7436578993499279 0.3582792875170708
v 0 0.72 0.36500000178813935
v -0.013905764557421207 0.6835942354798317 0.3425000008940697
v -0.036405764520168304 0.6974999991059303 0.3339057645574212
v -0.023657899349927902 0.6817207124829292 0.32
v -0.013905764557421207 0.6835942354798317 0.3425000008940697
v -0.02250000089406967 0.7060942354425788 0.3564057645201683
v -0.036405764520168304 0.6974999991059303 0.3339057645574212
v 0 0.6963421006500721 0.3582792875170708
v -0.02250000089406967 0.7060942354425788 0.3564057645201683
v -0.013905764557421207 0.6835942354798317 0.3425000008940697
v -0.02250000089406967 0.7060942354425788 0.3564057645201683
v -0.03827928751707077 0.72 0.3436578993499279
v -0.036405764520168304 0.6974999991059303 0.3339057645574212
v -0.013905764557421207 0.6835942354798317 0.29749999910593034
v -0.02250000089406967 0.7060942354425788 0.2835942354798317
v 0 0.6963421006500721 0.28172071248292924
v -0.013905764557421207 0.6835942354798317 0.29749999910593034
v -0.036405764520168304 0.6974999991059303 0.3060942354425788
v -0.02250000089406967 0.7060942354425788 0.2835942354798317
v -0.023657899349927902 0.6817207124829292 0.32
v -0.036405764520168304 0.6974999991059303 0.3060942354425788
v -0.013905764557421207 0.6835942354798317 0.29749999910593034
v -0.036405764520168304 0.6974999991059303 0.3060942354425788
v -0.03827928751707077 0.72 0.2963421006500721
v -0.02250000089406967 0.7060942354425788 0.2835942354798317
v 0.02250000089406967 0.7060942354425788 0.2835942354798317
v 0.02250000089406967 0.7339057645574212 0.2835942354798317
v 0.03827928751707077 0.72 0.2963421006500721
v 0.02250000089406967 0.7060942354425788 0.2835942354798317
v 0 0.72 0.27499999821186066
v 0.02250000089406967 0.7339057645574212 0.2835942354798317
v 0 0.6963421006500721 0.28172071248292924
v 0 0.72 0.27499999821186066
v 0.02250000089406967 0.7060942354425788 0.2835942354798317
v 0 0.72 0.27499999821186066
v 0 0.7436578993499279 0.28172071248292924
v 0.02250000089406967 0.7339057645574212 0.2835942354798317
v 0.04500000178813934 0.72 0.32
v 0.036405764520168304 0.7425000008940696 0.3339057645574212
v 0.03827928751707077 0.72 0.3436578993499279
v 0.04500000178813934 0.72 0.32
v 0.036405764520168304 0.7425000008940696 0.3060942354425788
v 0.036405764520168304 0.7425000008940696 0.3339057645574212
v 0.03827928751707077 0.72 0.2963421006500721
v 0.036405764520168304 0.7425000008940696 0.3060942354425788
v 0.04500000178813934 0.72 0.32
v 0.036405764520168304 0.7425000008940696 0.3060942354425788
v 0.023657899349927902 0.7582792875170707 0.32
v 0.036405764520168304 0.7425000008940696 0.3339057645574212
vt 0.5580698847770691 0.6666666865348816
vt 0.6618959307670593 0.800000011920929
vt 0.5 0.8237918019294739
vt 0.5580698847770691 0.6666666865348816
vt 0.6618959307670593 0.6000000238418579
vt 0.6618959307670593 0.800000011920929
vt 0.5881040692329407 0.5
vt 0.6618959307670593 0.6000000238418579
vt 0.5580698847770691 0.6666666865348816
vt 0.6618959307670593 0.6000000238418579
vt 0.75 0.6762081980705261
vt 0.6618959307670593 0.800000011920929
vt 0.6618959307670593 0.800000011920929
vt 0.5858913660049438 1
vt 0.5 0.8237918019294739
vt 0.6618959307670593 0.800000011920929
vt 0.8381040692329407 0.800000011920929
vt 0.75 1
vt 0.75 0.6762081980705261
vt 0.8381040692329407 0.800000011920929
vt 0.6618959307670593 0.800000011920929
vt 0.8381040692329407 0.800000011920929
vt 1 0.8237918019294739
vt 0.9141086339950562 1
vt 0.41410863399505615 1
vt 0.33810409903526306 0.800000011920929
vt 0.5 0.8237918019294739
vt 0.25 1
vt 0.16189590096473694 0.800000011920929
vt 0.33810409903526306 0.800000011920929
vt 0 0.8237918019294739
vt 0.16189590096473694 0.800000011920929
vt 0.08589137345552444 1
vt 0.16189590096473694 0.800000011920929
vt 0.25 0.6762081980705261
vt 0.33810409903526306 0.800000011920929
vt 0.33810409903526306 0.800000011920929
vt 0.4419301152229309 0.6666666865348816
vt 0.5 0.8237918019294739
vt 0.33810409903526306 0.800000011920929
vt 0.33810409903526306 0.6000000238418579
vt 0.4419301152229309 0.6666666865348816
vt 0.25 0.6762081980705261
vt 0.33810409903526306 0.6000000238418579
vt 0.33810409903526306 0.800000011920929
vt 0.33810409903526306 0.6000000238418579
vt 0.41189590096473694 0.5
vt 0.4419301152229309 0.6666666865348816
vt 0.4419301152229309 0.6666666865348816
vt 0.5580698847770691 0.6666666865348816
vt 0.5 0.8237918019294739
vt 0.4419301152229309 0.6666666865348816
vt 0.5 0.5
vt 0.5580698847770691 0.6666666865348816
vt 0.41189590096473694 0.5
vt 0.5 0.5
vt 0.4419301152229309 0.6666666865348816
vt 0.5 0.5
vt 0.5881040692329407 0.5
vt 0.5580698847770691 0.6666666865348816
vt 0.8381040692329407 0.800000011920929
vt 0.9419301152229309 0.6666666865348816
vt 1 0.8237918019294739
vt 0.8381040692329407 0.800000011920929
vt 0.8381040692329407 0.6000000238418579
vt 0.9419301152229309 0.6666666865348816
vt 0.75 0.6762081980705261
vt 0.8381040692329407 0.6000000238418579
vt 0.8381040692329407 0.800000011920929
vt 0.8381040692329407 0.6000000238418579
vt 0.9118959307670593 0.5
vt 0.9419301152229309 0.6666666865348816
vt 0.6618959307670593 0.6000000238418579
vt 0.75 0.5
vt 0.75 0.6762081980705261
vt 0.6618959307670593 0.6000000238418579
vt 0.6618959307670593 0.4000000059604645
vt 0.75 0.5
vt 0.5881040692329407 0.5
vt 0.6618959307670593 0.4000000059604645
vt 0.6618959307670593 0.6000000238418579
vt 0.6618959307670593 0.4000000059604645
vt 0.75 0.3237918019294739
vt 0.75 0.5
vt 0.5 0.5
vt 0.5580698847770691 0.3333333432674408
vt 0.5881040692329407 0.5
vt 0.5 0.5
vt 0.4419301152229309 0.3333333432674408
vt 0.5580698847770691 0.3333333432674408
vt 0.41189590096473694 0.5
vt 0.4419301152229309 0.3333333432674408
vt 0.5 0.5
vt 0.4419301152229309 0.3333333432674408
vt 0.5 0.17620819807052612
vt 0.5580698847770691 0.3333333432674408
vt 0.33810409903526306 0.6000000238418579
vt 0.33810409903526306 0.4000000059604645
vt 0.41189590096473694 0.5
vt 0.33810409903526306 0.6000000238418579
vt 0.25 0.5
vt 0.33810409903526306 0.4000000059604645
vt 0.25 0.6762081980705261
vt 0.25 0.5
vt 0.33810409903526306 0.6000000238418579
vt 0.25 0.5
vt 0.25 0.3237918019294739
vt 0.33810409903526306 0.4000000059604645
vt 0.16189590096473694 0.800000011920929
vt 0.16189590096473694 0.6000000238418579
vt 0.25 0.6762081980705261
vt 0.16189590096473694 0.800000011920929
vt 0.05806988105177879 0.6666666865348816
vt 0.16189590096473694 0.6000000238418579
vt 0 0.8237918019294739
vt 0.05806988105177879 0.6666666865348816
vt 0.16189590096473694 0.800000011920929
vt 0.05806988105177879 0.6666666865348816
vt 0.08810409903526306 0.5
vt 0.16189590096473694 0.6000000238418579
vt 0.9419301152229309 0.3333333432674408
vt 0.8381040692329407 0.20000000298023224
vt 1 0.17620819807052612
vt 0.9419301152229309 0.3333333432674408
vt 0.8381040692329407 0.4000000059604645
vt 0.8381040692329407 0.20000000298023224
vt 0.9118959307670593 0.5
vt 0.8381040692329407 0.4000000059604645
vt 0.9419301152229309 0.3333333432674408
vt 0.8381040692329407 0.4000000059604645
vt 0.75 0.3237918019294739
vt 0.8381040692329407 0.20000000298023224
vt 0.8381040692329407 0.20000000298023224
vt 0.9141086339950562 0
vt 1 0.17620819807052612
vt 0.8381040692329407 0.20000000298023224
vt 0.6618959307670593 0.20000000298023224
vt 0.75 0
vt 0.75 0.3237918019294739
vt 0.6618959307670593 0.20000000298023224
vt 0.8381040692329407 0.20000000298023224
vt 0.6618959307670593 0.20000000298023224
vt 0.5 0.17620819807052612
vt 0.5858913660049438 0
vt 0.08589137345552444 0
vt 0.16189590096473694 0.20000000298023224
vt 0 0.17620819807052612
vt 0.25 0
vt 0.33810409903526306 0.20000000298023224
vt 0.16189590096473694 0.20000000298023224
vt 0.5 0.17620819807052612
vt 0.33810409903526306 0.20000000298023224
vt 0.41410863399505615 0
vt 0.33810409903526306 0.20000000298023224
vt 0.25 0.3237918019294739
vt 0.16189590096473694 0.20000000298023224
vt 0.16189590096473694 0.20000000298023224
vt 0.05806988105177879 0.3333333432674408
vt 0 0.17620819807052612
vt 0.16189590096473694 0.20000000298023224
vt 0.16189590096473694 0.4000000059604645
vt 0.05806988105177879 0.3333333432674408
vt 0.25 0.3237918019294739
vt 0.16189590096473694 0.4000000059604645
vt 0.16189590096473694 0.20000000298023224
vt 0.16189590096473694 0.4000000059604645
vt 0.08810409903526306 0.5
vt 0.05806988105177879 0.3333333432674408
vt 1.0580698251724243 0.3333333432674408
vt 0.9419301152229309 0.3333333432674408
vt 1 0.17620819807052612
vt 1.0580698251724243 0.3333333432674408
vt 1 0.5
vt 0.9419301152229309 0.3333333432674408
vt 0.08810409903526306 0.5
vt 0 0.5
vt 0.05806988105177879 0.3333333432674408
vt 1 0.5
vt 0.9118959307670593 0.5
vt 0.9419301152229309 0.3333333432674408
vt 0.8381040692329407 0.4000000059604645
vt 0.75 0.5
vt 0.75 0.3237918019294739
vt 0.8381040692329407 0.4000000059604645
vt 0.8381040692329407 0.6000000238418579
vt 0.75 0.5
vt 0.9118959307670593 0.5
vt 0.8381040692329407 0.6000000238418579
vt 0.8381040692329407 0.4000000059604645
vt 0.8381040692329407 0.6000000238418579
vt 0.75 0.6762081980705261
vt 0.75 0.5
vt 0.6618959307670593 0.20000000298023224
vt 0.5580698847770691 0.3333333432674408
vt 0.5 0.17620819807052612
vt 0.6618959307670593 0.20000000298023224
vt 0.6618959307670593 0.4000000059604645
vt 0.5580698847770691 0.3333333432674408
vt 0.75 0.3237918019294739
vt 0.6618959307670593 0.4000000059604645
vt 0.6618959307670593 0.20000000298023224
vt 0.6618959307670593 0.4000000059604645
vt 0.5881040692329407 0.5
vt 0.5580698847770691 0.3333333432674408
vt 0.33810409903526306 0.20000000298023224
vt 0.33810409903526306 0.4000000059604645
vt 0.25 0.3237918019294739
vt 0.33810409903526306 0.20000000298023224
vt 0.4419301152229309 0.3333333432674408
vt 0.33810409903526306 0.4000000059604645
vt 0.5 0.17620819807052612
vt 0.4419301152229309 0.3333333432674408
vt 0.33810409903526306 0.20000000298023224
vt 0.4419301152229309 0.3333333432674408
vt 0.41189590096473694 0.5
vt 0.33810409903526306 0.4000000059604645
vt 0.16189590096473694 0.4000000059604645
vt 0.16189590096473694 0.6000000238418579
vt 0.08810409903526306 0.5
vt 0.16189590096473694 0.4000000059604645
vt 0.25 0.5
vt 0.16189590096473694 0.6000000238418579
vt 0.25 0.3237918019294739
vt 0.25 0.5
vt 0.16189590096473694 0.4000000059604645
vt 0.25 0.5
vt 0.25 0.6762081980705261
vt 0.16189590096473694 0.6000000238418579
vt 1 0.5
vt 0.9419301152229309 0.6666666865348816
vt 0.9118959307670593 0.5
vt 1 0.5
vt 1.0580698251724243 0.6666666865348816
vt 0.9419301152229309 0.6666666865348816
vt 0.08810409903526306 0.5
vt 0.05806988105177879 0.6666666865348816
vt 0 0.5
vt 1.0580698251724243 0.6666666865348816
vt 1 0.8237918019294739
vt 0.9419301152229309 0.6666666865348816
vn -0.8090169951587037 0.49999999541181067 0.309016999746893
vn -0.309016999746893 0.8090169951587037 0.49999999541181067
vn -0.5257310764828947 0.8506508303764457 0
vn -0.8090169951587037 0.49999999541181067 0.309016999746893
vn -0.49999999541181067 0.309016999746893 0.8090169951587037
vn -0.309016999746893 0.8090169951587037 0.49999999541181067
vn -0.8506508303764457 0 0.5257310764828947
vn -0.49999999541181067 0.309016999746893 0.8090169951587037
vn -0.8090169951587037 0.49999999541181067 0.309016999746893
vn -0.49999999541181067 0.309016999746893 0.8090169951587037
vn 0 0.5257310764828947 0.8506508303764457
vn -0.309016999746893 0.8090169951587037 0.49999999541181067
vn -0.309016999746893 0.8090169951587037 0.49999999541181067
vn 0 1 0
vn -0.5257310764828947 0.8506508303764457 0
vn -0.309016999746893 0.8090169951587037 0.49999999541181067
vn 0.309016999746893 0.8090169951587037 0.49999999541181067
vn 0 1 0
vn 0 0.5257310764828947 0.8506508303764457
vn 0.309016999746893 0.8090169951587037 0.49999999541181067
vn -0.309016999746893 0.8090169951587037 0.49999999541181067
vn 0.309016999746893 0.8090169951587037 0.49999999541181067
vn 0.5257310764828947 0.8506508303764457 0
vn 0 1 0
vn 0 1 0
vn -0.309016999746893 0.8090169951587037 -0.49999999541181067
vn -0.5257310764828947 0.8506508303764457 0
vn 0 1 0
vn 0.309016999746893 0.8090169951587037 -0.49999999541181067
vn -0.309016999746893 0.8090169951587037 -0.49999999541181067
vn 0.5257310764828947 0.8506508303764457 0
vn 0.309016999746893 0.8090169951587037 -0.49999999541181067
vn 0 1 0
vn 0.309016999746893 0.8090169951587037 -0.49999999541181067
vn 0 0.5257310764828947 -0.8506508303764457
vn -0.309016999746893 0.8090169951587037 -0.49999999541181067
vn -0.309016999746893 0.8090169951587037 -0.49999999541181067
vn -0.8090169951587037 0.49999999541181067 -0.309016999746893
vn -0.5257310764828947 0.8506508303764457 0
vn -0.309016999746893 0.8090169951587037 -0.49999999541181067
vn -0.49999999541181067 0.309016999746893 -0.8090169951587037
vn -0.8090169951587037 0.49999999541181067 -0.309016999746893
vn 0 0.5257310764828947 -0.8506508303764457
vn -0.49999999541181067 0.309016999746893 -0.8090169951587037
vn -0.309016999746893 0.8090169951587037 -0.49999999541181067
vn -0.49999999541181067 0.309016999746893 -0.8090169951587037
vn -0.8506508303764457 0 -0.5257310764828947
vn -0.8090169951587037 0.49999999541181067 -0.309016999746893
vn -0.8090169951587037 0.49999999541181067 -0.309016999746893
vn -0.8090169951587037 0.49999999541181067 0.309016999746893
vn -0.5257310764828947 0.8506508303764457 0
vn -0.8090169951587037 0.49999999541181067 -0.309016999746893
vn -1 0 0
vn -0.8090169951587037 0.49999999541181067 0.309016999746893
vn -0.8506508303764457 0 -0.5257310764828947
vn -1 0 0
vn -0.8090169951587037 0.49999999541181067 -0.309016999746893
vn -1 0 0
vn -0.8506508303764457 0 0.5257310764828947
vn -0.8090169951587037 0.49999999541181067 0.309016999746893
vn 0.309016999746893 0.8090169951587037 0.49999999541181067
vn 0.8090169951587037 0.49999999541181067 0.309016999746893
vn 0.5257310764828947 0.8506508303764457 0
vn 0.309016999746893 0.8090169951587037 0.49999999541181067
vn 0.49999999541181067 0.309016999746893 0.8090169951587037
vn 0.8090169951587037 0.49999999541181067 0.309016999746893
vn 0 0.5257310764828947 0.8506508303764457
vn 0.49999999541181067 0.309016999746893 0.8090169951587037
vn 0.309016999746893 0.8090169951587037 0.49999999541181067
vn 0.49999999541181067 0.309016999746893 0.8090169951587037
vn 0.8506508303764457 0 0.5257310764828947
vn 0.8090169951587037 0.49999999541181067 0.309016999746893
vn -0.49999999541181067 0.309016999746893 0.8090169951587037
vn 0 0 1
vn 0 0.5257310764828947 0.8506508303764457
vn -0.49999999541181067 0.309016999746893 0.8090169951587037
vn -0.49999999541181067 -0.309016999746893 0.8090169951587037
vn 0 0 1
vn -0.8506508303764457 0 0.5257310764828947
vn -0.49999999541181067 -0.309016999746893 0.8090169951587037
vn -0.49999999541181067 0.309016999746893 0.8090169951587037
vn -0.49999999541181067 -0.309016999746893 0.8090169951587037
vn 0 -0.5257310764828947 0.8506508303764457
vn 0 0 1
vn -1 0 0
vn -0.8090169951587037 -0.49999999541181067 0.309016999746893
vn -0.8506508303764457 0 0.5257310764828947
vn -1 0 0
vn -0.8090169951587037 -0.49999999541181067 -0.309016999746893
vn -0.8090169951587037 -0.49999999541181067 0.309016999746893
vn -0.8506508303764457 0 -0.5257310764828947
vn -0.8090169951587037 -0.49999999541181067 -0.309016999746893
vn -1 0 0
vn -0.8090169951587037 -0.49999999541181067 -0.309016999746893
vn -0.5257310764828947 -0.8506508303764457 0
vn -0.8090169951587037 -0.49999999541181067 0.309016999746893
vn -0.49999999541181067 0.309016999746893 -0.8090169951587037
vn -0.49999999541181067 -0.309016999746893 -0.8090169951587037
vn -0.8506508303764457 0 -0.5257310764828947
vn -0.49999999541181067 0.309016999746893 -0.8090169951587037
vn 0 0 -1
vn -0.49999999541181067 -0.309016999746893 -0.8090169951587037
vn 0 0.5257310764828947 -0.8506508303764457
vn 0 0 -1
vn -0.49999999541181067 0.309016999746893 -0.8090169951587037
vn 0 0 -1
vn 0 -0.5257310764828947 -0.8506508303764457
vn -0.49999999541181067 -0.309016999746893 -0.8090169951587037
vn 0.309016999746893 0.8090169951587037 -0.49999999541181067
vn 0.49999999541181067 0.309016999746893 -0.8090169951587037
vn 0 0.5257310764828947 -0.8506508303764457
vn 0.309016999746893 0.8090169951587037 -0.49999999541181067
vn 0.8090169951587037 0.49999999541181067 -0.309016999746893
vn 0.49999999541181067 0.309016999746893 -0.8090169951587037
vn 0.5257310764828947 0.8506508303764457 0
vn 0.8090169951587037 0.49999999541181067 -0.309016999746893
vn 0.309016999746893 0.8090169951587037 -0.49999999541181067
vn 0.8090169951587037 0.49999999541181067 -0.309016999746893
vn 0.8506508303764457 0 -0.5257310764828947
vn 0.49999999541181067 0.309016999746893 -0.8090169951587037
vn 0.8090169951587037 -0.49999999541181067 0.309016999746893
vn 0.309016999746893 -0.8090169951587037 0.49999999541181067
vn 0.5257310764828947 -0.8506508303764457 0
vn 0.8090169951587037 -0.49999999541181067 0.309016999746893
vn 0.49999999541181067 -0.309016999746893 0.8090169951587037
vn 0.309016999746893 -0.8090169951587037 0.49999999541181067
vn 0.8506508303764457 0 0.5257310764828947
vn 0.49999999541181067 -0.309016999746893 0.8090169951587037
vn 0.8090169951587037 -0.49999999541181067 0.309016999746893
vn 0.49999999541181067 -0.309016999746893 0.8090169951587037
vn 0 -0.5257310764828947 0.8506508303764457
vn 0.309016999746893 -0.8090169951587037 0.49999999541181067
vn 0.309016999746893 -0.8090169951587037 0.49999999541181067
vn 0 -1 0
vn 0.5257310764828947 -0.8506508303764457 0
vn 0.309016999746893 -0.8090169951587037 0.49999999541181067
vn -0.309016999746893 -0.8090169951587037 0.49999999541181067
vn 0 -1 0
vn 0 -0.5257310764828947 0.8506508303764457
vn -0.309016999746893 -0.8090169951587037 0.49999999541181067
vn 0.309016999746893 -0.8090169951587037 0.49999999541181067
vn -0.309016999746893 -0.8090169951587037 0.49999999541181067
vn -0.5257310764828947 -0.8506508303764457 0
vn 0 -1 0
vn 0 -1 0
vn 0.309016999746893 -0.8090169951587037 -0.49999999541181067
vn 0.5257310764828947 -0.8506508303764457 0
vn 0 -1 0
vn -0.309016999746893 -0.8090169951587037 -0.49999999541181067
vn 0.309016999746893 -0.8090169951587037 -0.49999999541181067
vn -0.5257310764828947 -0.8506508303764457 0
vn -0.309016999746893 -0.8090169951587037 -0.49999999541181067
vn 0 -1 0
vn -0.309016999746893 -0.8090169951587037 -0.49999999541181067
vn 0 -0.5257310764828947 -0.8506508303764457
vn 0.309016999746893 -0.8090169951587037 -0.49999999541181067
vn 0.309016999746893 -0.8090169951587037 -0.49999999541181067
vn 0.8090169951587037 -0.49999999541181067 -0.309016999746893
vn 0.5257310764828947 -0.8506508303764457 0
vn 0.309016999746893 -0.8090169951587037 -0.49999999541181067
vn 0.49999999541181067 -0.309016999746893 -0.8090169951587037
vn 0.8090169951587037 -0.49999999541181067 -0.309016999746893
vn 0 -0.5257310764828947 -0.8506508303764457
vn 0.49999999541181067 -0.309016999746893 -0.8090169951587037
vn 0.309016999746893 -0.8090169951587037 -0.49999999541181067
vn 0.49999999541181067 -0.309016999746893 -0.8090169951587037
vn 0.8506508303764457 0 -0.5257310764828947
vn 0.8090169951587037 -0.49999999541181067 -0.309016999746893
vn 0.8090169951587037 -0.49999999541181067 -0.309016999746893
vn 0.8090169951587037 -0.49999999541181067 0.309016999746893
vn 0.5257310764828947 -0.8506508303764457 0
vn 0.8090169951587037 -0.49999999541181067 -0.309016999746893
vn 1 0 0
vn 0.8090169951587037 -0.49999999541181067 0.309016999746893
vn 0.8506508303764457 0 -0.5257310764828947
vn 1 0 0
vn 0.8090169951587037 -0.49999999541181067 -0.309016999746893
vn 1 0 0
vn 0.8506508303764457 0 0.5257310764828947
vn 0.8090169951587037 -0.49999999541181067 0.309016999746893
vn 0.49999999541181067 -0.309016999746893 0.8090169951587037
vn 0 0 1
vn 0 -0.5257310764828947 0.8506508303764457
vn 0.49999999541181067 -0.309016999746893 0.8090169951587037
vn 0.49999999541181067 0.309016999746893 0.8090169951587037
vn 0 0 1
vn 0.8506508303764457 0 0.5257310764828947
vn 0.49999999541181067 0.309016999746893 0.8090169951587037
vn 0.49999999541181067 -0.309016999746893 0.8090169951587037
vn 0.49999999541181067 0.309016999746893 0.8090169951587037
vn 0 0.5257310764828947 0.8506508303764457
vn 0 0 1
vn -0.309016999746893 -0.8090169951587037 0.49999999541181067
vn -0.8090169951587037 -0.49999999541181067 0.309016999746893
vn -0.5257310764828947 -0.8506508303764457 0
vn -0.309016999746893 -0.8090169951587037 0.49999999541181067
vn -0.49999999541181067 -0.309016999746893 0.8090169951587037
vn -0.8090169951587037 -0.49999999541181067 0.309016999746893
vn 0 -0.5257310764828947 0.8506508303764457
vn -0.49999999541181067 -0.309016999746893 0.8090169951587037
vn -0.309016999746893 -0.8090169951587037 0.49999999541181067
vn -0.49999999541181067 -0.309016999746893 0.8090169951587037
vn -0.8506508303764457 0 0.5257310764828947
vn -0.8090169951587037 -0.49999999541181067 0.309016999746893
vn -0.309016999746893 -0.8090169951587037 -0.49999999541181067
vn -0.49999999541181067 -0.309016999746893 -0.8090169951587037
vn 0 -0.5257310764828947 -0.8506508303764457
vn -0.309016999746893 -0.8090169951587037 -0.49999999541181067
vn -0.8090169951587037 -0.49999999541181067 -0.309016999746893
vn -0.49999999541181067 -0.309016999746893 -0.8090169951587037
vn -0.5257310764828947 -0.8506508303764457 0
vn -0.8090169951587037 -0.49999999541181067 -0.309016999746893
vn -0.309016999746893 -0.8090169951587037 -0.49999999541181067
vn -0.8090169951587037 -0.49999999541181067 -0.309016999746893
vn -0.8506508303764457 0 -0.5257310764828947
vn -0.49999999541181067 -0.309016999746893 -0.8090169951587037
vn 0.49999999541181067 -0.309016999746893 -0.8090169951587037
vn 0.49999999541181067 0.309016999746893 -0.8090169951587037
vn 0.8506508303764457 0 -0.5257310764828947
vn 0.49999999541181067 -0.309016999746893 -0.8090169951587037
vn 0 0 -1
vn 0.49999999541181067 0.309016999746893 -0.8090169951587037
vn 0 -0.5257310764828947 -0.8506508303764457
vn 0 0 -1
vn 0.49999999541181067 -0.309016999746893 -0.8090169951587037
vn 0 0 -1
vn 0 0.5257310764828947 -0.8506508303764457
vn 0.49999999541181067 0.309016999746893 -0.8090169951587037
vn 1 0 0
vn 0.8090169951587037 0.49999999541181067 0.309016999746893
vn 0.8506508303764457 0 0.5257310764828947
vn 1 0 0
vn 0.8090169951587037 0.49999999541181067 -0.309016999746893
vn 0.8090169951587037 0.49999999541181067 0.309016999746893
vn 0.8506508303764457 0 -0.5257310764828947
vn 0.8090169951587037 0.49999999541181067 -0.309016999746893
vn 1 0 0
vn 0.8090169951587037 0.49999999541181067 -0.309016999746893
vn 0.5257310764828947 0.8506508303764457 0
vn 0.8090169951587037 0.49999999541181067 0.309016999746893
f 6380/6380/6380 6381/6381/6381 6382/6382/6382
f 6383/6383/6383 6384/6384/6384 6385/6385/6385
f 6386/6386/6386 6387/6387/6387 6388/6388/6388
f 6389/6389/6389 6390/6390/6390 6391/6391/6391
f 6392/6392/6392 6393/6393/6393 6394/6394/6394
f 6395/6395/6395 6396/6396/6396 6397/6397/6397
f 6398/6398/6398 6399/6399/6399 6400/6400/6400
f 6401/6401/6401 6402/6402/6402 6403/6403/6403
f 6404/6404/6404 6405/6405/6405 6406/6406/6406
f 6407/6407/6407 6408/6408/6408 6409/6409/6409
f 6410/6410/6410 6411/6411/6411 6412/6412/6412
f 6413/6413/6413 6414/6414/6414 6415/6415/6415
f 6416/6416/6416 6417/6417/6417 6418/6418/6418
f 6419/6419/6419 6420/6420/6420 6421/6421/6421
f 6422/6422/6422 6423/6423/6423 6424/6424/6424
f 6425/6425/6425 6426/6426/6426 6427/6427/6427
f 6428/6428/6428 6429/6429/6429 6430/6430/6430
f 6431/6431/6431 6432/6432/6432 6433/6433/6433
f 6434/6434/6434 6435/6435/6435 6436/6436/6436
f 6437/6437/6437 6438/6438/6438 6439/6439/6439
f 6440/6440/6440 6441/6441/6441 6442/6442/6442
f 6443/6443/6443 6444/6444/6444 6445/6445/6445
f 6446/6446/6446 6447/6447/6447 6448/6448/6448
f 6449/6449/6449 6450/6450/6450 6451/6451/6451
f 6452/6452/6452 6453/6453/6453 6454/6454/6454
f 6455/6455/6455 6456/6456/6456 6457/6457/6457
f 6458/6458/6458 6459/6459/6459 6460/6460/6460
f 6461/6461/6461 6462/6462/6462 6463/6463/6463
f 6464/6464/6464 6465/6465/6465 6466/6466/6466
f 6467/6467/6467 6468/6468/6468 6469/6469/6469
f 6470/6470/6470 6471/6471/6471 6472/6472/6472
f 6473/6473/6473 6474/6474/6474 6475/6475/6475
f 6476/6476/6476 6477/6477/6477 6478/6478/6478
f 6479/6479/6479 6480/6480/6480 6481/6481/6481
f 6482/6482/6482 6483/6483/6483 6484/6484/6484
f 6485/6485/6485 6486/6486/6486 6487/6487/6487
f 6488/6488/6488 6489/6489/6489 6490/6490/6490
f 6491/6491/6491 6492/6492/6492 6493/6493/6493
f 6494/6494/6494 6495/6495/6495 6496/6496/6496
f 6497/6497/6497 6498/6498/6498 6499/6499/6499
f 6500/6500/6500 6501/6501/6501 6502/6502/6502
f 6503/6503/6503 6504/6504/6504 6505/6505/6505
f 6506/6506/6506 6507/6507/6507 6508/6508/6508
f 6509/6509/6509 6510/6510/6510 6511/6511/6511
f 6512/6512/6512 6513/6513/6513 6514/6514/6514
f 6515/6515/6515 6516/6516/6516 6517/6517/6517
f 6518/6518/6518 6519/6519/6519 6520/6520/6520
f 6521/6521/6521 6522/6522/6522 6523/6523/6523
f 6524/6524/6524 6525/6525/6525 6526/6526/6526
f 6527/6527/6527 6528/6528/6528 6529/6529/6529
f 6530/6530/6530 6531/6531/6531 6532/6532/6532
f 6533/6533/6533 6534/6534/6534 6535/6535/6535
f 6536/6536/6536 6537/6537/6537 6538/6538/6538
f 6539/6539/6539 6540/6540/6540 6541/6541/6541
f 6542/6542/6542 6543/6543/6543 6544/6544/6544
f 6545/6545/6545 6546/6546/6546 6547/6547/6547
f 6548/6548/6548 6549/6549/6549 6550/6550/6550
f 6551/6551/6551 6552/6552/6552 6553/6553/6553
f 6554/6554/6554 6555/6555/6555 6556/6556/6556
f 6557/6557/6557 6558/6558/6558 6559/6559/6559
f 6560/6560/6560 6561/6561/6561 6562/6562/6562
f 6563/6563/6563 6564/6564/6564 6565/6565/6565
f 6566/6566/6566 6567/6567/6567 6568/6568/6568
f 6569/6569/6569 6570/6570/6570 6571/6571/6571
f 6572/6572/6572 6573/6573/6573 6574/6574/6574
f 6575/6575/6575 6576/6576/6576 6577/6577/6577
f 6578/6578/6578 6579/6579/6579 6580/6580/6580
f 6581/6581/6581 6582/6582/6582 6583/6583/6583
f 6584/6584/6584 6585/6585/6585 6586/6586/6586
f 6587/6587/6587 6588/6588/6588 6589/6589/6589
f 6590/6590/6590 6591/6591/6591 6592/6592/6592
f 6593/6593/6593 6594/6594/6594 6595/6595/6595
f 6596/6596/6596 6597/6597/6597 6598/6598/6598
f 6599/6599/6599 6600/6600/6600 6601/6601/6601
f 6602/6602/6602 6603/6603/6603 6604/6604/6604
f 6605/6605/6605 6606/6606/6606 6607/6607/6607
f 6608/6608/6608 6609/6609/6609 6610/6610/6610
f 6611/6611/6611 6612/6612/6612 6613/6613/6613
f 6614/6614/6614 6615/6615/6615 6616/6616/6616
f 6617/6617/6617 6618/6618/6618 6619/6619/6619
